25-11-05 09:25:28.520 [main] INFO  c.s.m.discodeit.DiscodeitApplication - Starting DiscodeitApplication using Java 17.0.12 with PID 4956 (C:\Users\R\IdeaProjects\sprint_mission_5_base\0-sprint-mission-s5-base\build\classes\java\main started by R in C:\Users\R\IdeaProjects\sprint_mission_5_base\0-sprint-mission-s5-base)
25-11-05 09:25:28.538 [main] INFO  c.s.m.discodeit.DiscodeitApplication - The following 1 profile is active: "dev"
25-11-05 09:25:31.189 [main] INFO  o.s.d.r.c.RepositoryConfigurationDelegate - Bootstrapping Spring Data JPA repositories in DEFAULT mode.
25-11-05 09:25:31.398 [main] INFO  o.s.d.r.c.RepositoryConfigurationDelegate - Finished Spring Data repository scanning in 188 ms. Found 6 JPA repository interfaces.
25-11-05 09:25:33.116 [main] INFO  o.s.b.w.e.tomcat.TomcatWebServer - Tomcat initialized with port 8080 (http)
25-11-05 09:25:33.149 [main] INFO  o.a.catalina.core.StandardService - Starting service [Tomcat]
25-11-05 09:25:33.149 [main] INFO  o.a.catalina.core.StandardEngine - Starting Servlet engine: [Apache Tomcat/10.1.33]
25-11-05 09:25:33.351 [main] INFO  o.a.c.c.C.[Tomcat].[localhost].[/] - Initializing Spring embedded WebApplicationContext
25-11-05 09:25:33.352 [main] INFO  o.s.b.w.s.c.ServletWebServerApplicationContext - Root WebApplicationContext: initialization completed in 4670 ms
25-11-05 09:25:33.852 [main] INFO  com.zaxxer.hikari.HikariDataSource - HikariPool-1 - Starting...
25-11-05 09:25:34.210 [main] INFO  com.zaxxer.hikari.pool.HikariPool - HikariPool-1 - Added connection org.postgresql.jdbc.PgConnection@71beada8
25-11-05 09:25:34.213 [main] INFO  com.zaxxer.hikari.HikariDataSource - HikariPool-1 - Start completed.
25-11-05 09:25:34.410 [main] INFO  o.h.jpa.internal.util.LogHelper - HHH000204: Processing PersistenceUnitInfo [name: default]
25-11-05 09:25:34.605 [main] INFO  org.hibernate.Version - HHH000412: Hibernate ORM core version 6.6.2.Final
25-11-05 09:25:34.702 [main] INFO  o.h.c.i.RegionFactoryInitiator - HHH000026: Second-level cache disabled
25-11-05 09:25:35.545 [main] INFO  o.s.o.j.p.SpringPersistenceUnitInfo - No LoadTimeWeaver setup: ignoring JPA class transformer
25-11-05 09:25:35.813 [main] INFO  o.hibernate.orm.connections.pooling - HHH10001005: Database info:
	Database JDBC URL [Connecting through datasource 'HikariDataSource (HikariPool-1)']
	Database driver: undefined/unknown
	Database version: 17.6
	Autocommit mode: undefined/unknown
	Isolation level: undefined/unknown
	Minimum pool size: undefined/unknown
	Maximum pool size: undefined/unknown
25-11-05 09:25:38.441 [main] INFO  o.h.e.t.j.p.i.JtaPlatformInitiator - HHH000489: No JTA platform available (set 'hibernate.transaction.jta.platform' to enable JTA platform integration)
25-11-05 09:25:38.573 [main] INFO  o.s.o.j.LocalContainerEntityManagerFactoryBean - Initialized JPA EntityManagerFactory for persistence unit 'default'
25-11-05 09:25:39.165 [main] INFO  o.s.d.j.r.query.QueryEnhancerFactory - Hibernate is in classpath; If applicable, HQL parser will be used.
25-11-05 09:25:40.068 [main] INFO  c.s.m.d.s.l.LocalBinaryContentStorage - Local File Storage 초기화: root path = C:\Users\R\IdeaProjects\sprint_mission_5_base\0-sprint-mission-s5-base\.discodeit\storage
25-11-05 09:25:40.950 [main] INFO  o.s.b.a.w.s.WelcomePageHandlerMapping - Adding welcome page: class path resource [static/index.html]
25-11-05 09:25:42.574 [main] INFO  o.s.b.a.e.web.EndpointLinksResolver - Exposing 4 endpoints beneath base path '/actuator'
25-11-05 09:25:42.760 [main] INFO  o.s.b.w.e.tomcat.TomcatWebServer - Tomcat started on port 8080 (http) with context path '/'
25-11-05 09:25:42.785 [main] INFO  c.s.m.discodeit.DiscodeitApplication - Started DiscodeitApplication in 15.703 seconds (process running for 19.174)
25-11-05 09:31:07.473 [http-nio-8080-exec-1] INFO  o.a.c.c.C.[Tomcat].[localhost].[/] - Initializing Spring DispatcherServlet 'dispatcherServlet'
25-11-05 09:31:07.473 [http-nio-8080-exec-1] INFO  o.s.web.servlet.DispatcherServlet - Initializing Servlet 'dispatcherServlet'
25-11-05 09:31:07.475 [http-nio-8080-exec-1] INFO  o.s.web.servlet.DispatcherServlet - Completed initialization in 2 ms
25-11-05 09:31:50.205 [http-nio-8080-exec-6] INFO  c.s.m.d.controller.UserController - 유저 생성 요청 수신: email=bcd@email.com, username=박코딩
25-11-05 09:31:50.227 [http-nio-8080-exec-6] INFO  c.s.m.d.s.basic.BasicUserService - 유저 생성 서비스 시작: email=bcd@email.com
25-11-05 09:31:50.409 [http-nio-8080-exec-6] DEBUG org.hibernate.SQL - 
    select
        u1_0.id 
    from
        users u1_0 
    where
        u1_0.email=? 
    fetch
        first ? rows only
25-11-05 09:31:50.417 [http-nio-8080-exec-6] TRACE org.hibernate.orm.jdbc.bind - binding parameter (1:VARCHAR) <- [bcd@email.com]
25-11-05 09:31:50.418 [http-nio-8080-exec-6] TRACE org.hibernate.orm.jdbc.bind - binding parameter (2:INTEGER) <- [1]
25-11-05 09:31:50.482 [http-nio-8080-exec-6] DEBUG org.hibernate.SQL - 
    select
        u1_0.id 
    from
        users u1_0 
    where
        u1_0.username=? 
    fetch
        first ? rows only
25-11-05 09:31:50.483 [http-nio-8080-exec-6] TRACE org.hibernate.orm.jdbc.bind - binding parameter (1:VARCHAR) <- [박코딩]
25-11-05 09:31:50.483 [http-nio-8080-exec-6] TRACE org.hibernate.orm.jdbc.bind - binding parameter (2:INTEGER) <- [1]
25-11-05 09:31:50.580 [http-nio-8080-exec-6] INFO  c.s.m.d.s.basic.BasicUserService - 유저 생성 성공: userId=095d2689-7c70-4d41-9a69-4cd992d2bd12
25-11-05 09:31:50.615 [http-nio-8080-exec-6] DEBUG org.hibernate.SQL - 
    insert 
    into
        users
        (created_at, email, password, profile_id, updated_at, username, id) 
    values
        (?, ?, ?, ?, ?, ?, ?)
25-11-05 09:31:50.621 [http-nio-8080-exec-6] TRACE org.hibernate.orm.jdbc.bind - binding parameter (1:TIMESTAMP_UTC) <- [2025-11-05T00:31:50.531598200Z]
25-11-05 09:31:50.622 [http-nio-8080-exec-6] TRACE org.hibernate.orm.jdbc.bind - binding parameter (2:VARCHAR) <- [bcd@email.com]
25-11-05 09:31:50.623 [http-nio-8080-exec-6] TRACE org.hibernate.orm.jdbc.bind - binding parameter (3:VARCHAR) <- [asdf]
25-11-05 09:31:50.623 [http-nio-8080-exec-6] TRACE org.hibernate.orm.jdbc.bind - binding parameter (4:UUID) <- [null]
25-11-05 09:31:50.624 [http-nio-8080-exec-6] TRACE org.hibernate.orm.jdbc.bind - binding parameter (5:TIMESTAMP_UTC) <- [2025-11-05T00:31:50.531598200Z]
25-11-05 09:31:50.624 [http-nio-8080-exec-6] TRACE org.hibernate.orm.jdbc.bind - binding parameter (6:VARCHAR) <- [박코딩]
25-11-05 09:31:50.624 [http-nio-8080-exec-6] TRACE org.hibernate.orm.jdbc.bind - binding parameter (7:UUID) <- [095d2689-7c70-4d41-9a69-4cd992d2bd12]
25-11-05 09:31:50.644 [http-nio-8080-exec-6] DEBUG org.hibernate.SQL - 
    insert 
    into
        user_statuses
        (created_at, last_active_at, updated_at, user_id, id) 
    values
        (?, ?, ?, ?, ?)
25-11-05 09:31:50.645 [http-nio-8080-exec-6] TRACE org.hibernate.orm.jdbc.bind - binding parameter (1:TIMESTAMP_UTC) <- [2025-11-05T00:31:50.576359200Z]
25-11-05 09:31:50.645 [http-nio-8080-exec-6] TRACE org.hibernate.orm.jdbc.bind - binding parameter (2:TIMESTAMP_UTC) <- [2025-11-05T00:31:50.487496800Z]
25-11-05 09:31:50.645 [http-nio-8080-exec-6] TRACE org.hibernate.orm.jdbc.bind - binding parameter (3:TIMESTAMP_UTC) <- [2025-11-05T00:31:50.576359200Z]
25-11-05 09:31:50.645 [http-nio-8080-exec-6] TRACE org.hibernate.orm.jdbc.bind - binding parameter (4:UUID) <- [095d2689-7c70-4d41-9a69-4cd992d2bd12]
25-11-05 09:31:50.645 [http-nio-8080-exec-6] TRACE org.hibernate.orm.jdbc.bind - binding parameter (5:UUID) <- [99a8276f-308b-4b19-960a-9a03b8059380]
25-11-05 09:31:50.662 [http-nio-8080-exec-6] INFO  c.s.m.d.controller.UserController - 유저 생성 성공: userId=095d2689-7c70-4d41-9a69-4cd992d2bd12
25-11-05 09:31:50.763 [http-nio-8080-exec-7] INFO  c.s.m.d.controller.UserController - 유저 상태 업데이트 요청 수신: userId=095d2689-7c70-4d41-9a69-4cd992d2bd12, newLastActiveAt=2025-11-05T00:31:50.741Z
25-11-05 09:31:50.763 [http-nio-8080-exec-8] INFO  c.s.m.d.controller.UserController - 유저 상태 업데이트 요청 수신: userId=095d2689-7c70-4d41-9a69-4cd992d2bd12, newLastActiveAt=2025-11-05T00:31:50.742Z
25-11-05 09:31:50.781 [http-nio-8080-exec-7] DEBUG org.hibernate.SQL - 
    select
        us1_0.id,
        us1_0.created_at,
        us1_0.last_active_at,
        us1_0.updated_at,
        us1_0.user_id 
    from
        user_statuses us1_0 
    where
        us1_0.user_id=?
25-11-05 09:31:50.781 [http-nio-8080-exec-8] DEBUG org.hibernate.SQL - 
    select
        us1_0.id,
        us1_0.created_at,
        us1_0.last_active_at,
        us1_0.updated_at,
        us1_0.user_id 
    from
        user_statuses us1_0 
    where
        us1_0.user_id=?
25-11-05 09:31:50.781 [http-nio-8080-exec-8] TRACE org.hibernate.orm.jdbc.bind - binding parameter (1:UUID) <- [095d2689-7c70-4d41-9a69-4cd992d2bd12]
25-11-05 09:31:50.783 [http-nio-8080-exec-7] TRACE org.hibernate.orm.jdbc.bind - binding parameter (1:UUID) <- [095d2689-7c70-4d41-9a69-4cd992d2bd12]
25-11-05 09:31:50.857 [http-nio-8080-exec-7] DEBUG org.hibernate.SQL - 
    update
        user_statuses 
    set
        last_active_at=?,
        updated_at=?,
        user_id=? 
    where
        id=?
25-11-05 09:31:50.857 [http-nio-8080-exec-8] DEBUG org.hibernate.SQL - 
    update
        user_statuses 
    set
        last_active_at=?,
        updated_at=?,
        user_id=? 
    where
        id=?
25-11-05 09:31:50.858 [http-nio-8080-exec-8] TRACE org.hibernate.orm.jdbc.bind - binding parameter (1:TIMESTAMP_UTC) <- [2025-11-05T00:31:50.742Z]
25-11-05 09:31:50.861 [http-nio-8080-exec-8] TRACE org.hibernate.orm.jdbc.bind - binding parameter (2:TIMESTAMP_UTC) <- [2025-11-05T00:31:50.835250100Z]
25-11-05 09:31:50.861 [http-nio-8080-exec-7] TRACE org.hibernate.orm.jdbc.bind - binding parameter (1:TIMESTAMP_UTC) <- [2025-11-05T00:31:50.741Z]
25-11-05 09:31:50.862 [http-nio-8080-exec-7] TRACE org.hibernate.orm.jdbc.bind - binding parameter (2:TIMESTAMP_UTC) <- [2025-11-05T00:31:50.835250100Z]
25-11-05 09:31:50.863 [http-nio-8080-exec-7] TRACE org.hibernate.orm.jdbc.bind - binding parameter (3:UUID) <- [095d2689-7c70-4d41-9a69-4cd992d2bd12]
25-11-05 09:31:50.863 [http-nio-8080-exec-7] TRACE org.hibernate.orm.jdbc.bind - binding parameter (4:UUID) <- [99a8276f-308b-4b19-960a-9a03b8059380]
25-11-05 09:31:50.862 [http-nio-8080-exec-8] TRACE org.hibernate.orm.jdbc.bind - binding parameter (3:UUID) <- [095d2689-7c70-4d41-9a69-4cd992d2bd12]
25-11-05 09:31:50.865 [http-nio-8080-exec-8] TRACE org.hibernate.orm.jdbc.bind - binding parameter (4:UUID) <- [99a8276f-308b-4b19-960a-9a03b8059380]
25-11-05 09:31:50.892 [http-nio-8080-exec-8] INFO  c.s.m.d.controller.UserController - 유저 상태 업데이트 성공: userId=095d2689-7c70-4d41-9a69-4cd992d2bd12, newLastActiveAt=2025-11-05T00:31:50.742Z
25-11-05 09:31:50.901 [http-nio-8080-exec-7] INFO  c.s.m.d.controller.UserController - 유저 상태 업데이트 성공: userId=095d2689-7c70-4d41-9a69-4cd992d2bd12, newLastActiveAt=2025-11-05T00:31:50.741Z
25-11-05 09:31:50.984 [http-nio-8080-exec-9] DEBUG org.hibernate.SQL - 
    select
        u1_0.id,
        u1_0.created_at,
        u1_0.email,
        u1_0.password,
        p1_0.id,
        p1_0.content_type,
        p1_0.created_at,
        p1_0.file_name,
        p1_0.size,
        s1_0.id,
        s1_0.created_at,
        s1_0.last_active_at,
        s1_0.updated_at,
        s1_0.user_id,
        u1_0.updated_at,
        u1_0.username 
    from
        users u1_0 
    left join
        binary_contents p1_0 
            on p1_0.id=u1_0.profile_id 
    join
        user_statuses s1_0 
            on u1_0.id=s1_0.user_id
25-11-05 09:31:50.993 [http-nio-8080-exec-9] INFO  c.s.m.d.s.basic.BasicUserService - 모든 유저 목록 조회 완료. 총 3명
25-11-05 09:31:50.994 [http-nio-8080-exec-9] INFO  c.s.m.d.controller.UserController - 모든 유저 목록 조회 완료. 총 3명
25-11-05 09:31:51.060 [http-nio-8080-exec-3] INFO  c.s.m.d.c.BinaryContentController - 단건 조회 요청 수신: binaryContentId=92c74a41-125c-466c-b8e2-6ac6bc6668f3
25-11-05 09:31:51.061 [http-nio-8080-exec-5] INFO  c.s.m.d.c.BinaryContentController - 단건 조회 요청 수신: binaryContentId=983ff5e1-547f-48e5-b167-44fec6df8c5b
25-11-05 09:31:51.061 [http-nio-8080-exec-2] DEBUG org.hibernate.SQL - 
    select
        u1_0.id,
        u1_0.created_at,
        u1_0.email,
        u1_0.password,
        p1_0.id,
        p1_0.content_type,
        p1_0.created_at,
        p1_0.file_name,
        p1_0.size,
        s1_0.id,
        s1_0.created_at,
        s1_0.last_active_at,
        s1_0.updated_at,
        s1_0.user_id,
        u1_0.updated_at,
        u1_0.username 
    from
        users u1_0 
    left join
        binary_contents p1_0 
            on p1_0.id=u1_0.profile_id 
    join
        user_statuses s1_0 
            on u1_0.id=s1_0.user_id
25-11-05 09:31:51.079 [http-nio-8080-exec-10] DEBUG org.hibernate.SQL - 
    select
        rs1_0.id,
        rs1_0.channel_id,
        rs1_0.created_at,
        rs1_0.last_read_at,
        rs1_0.updated_at,
        rs1_0.user_id 
    from
        read_statuses rs1_0 
    where
        rs1_0.user_id=?
25-11-05 09:31:51.079 [http-nio-8080-exec-2] INFO  c.s.m.d.s.basic.BasicUserService - 모든 유저 목록 조회 완료. 총 3명
25-11-05 09:31:51.080 [http-nio-8080-exec-2] INFO  c.s.m.d.controller.UserController - 모든 유저 목록 조회 완료. 총 3명
25-11-05 09:31:51.081 [http-nio-8080-exec-10] TRACE org.hibernate.orm.jdbc.bind - binding parameter (1:UUID) <- [095d2689-7c70-4d41-9a69-4cd992d2bd12]
25-11-05 09:31:51.099 [http-nio-8080-exec-1] DEBUG org.hibernate.SQL - 
    select
        rs1_0.id,
        rs1_0.channel_id,
        rs1_0.created_at,
        rs1_0.last_read_at,
        rs1_0.updated_at,
        rs1_0.user_id 
    from
        read_statuses rs1_0 
    where
        rs1_0.user_id=?
25-11-05 09:31:51.100 [http-nio-8080-exec-1] TRACE org.hibernate.orm.jdbc.bind - binding parameter (1:UUID) <- [095d2689-7c70-4d41-9a69-4cd992d2bd12]
25-11-05 09:31:51.121 [http-nio-8080-exec-5] DEBUG org.hibernate.SQL - 
    select
        bc1_0.id,
        bc1_0.content_type,
        bc1_0.created_at,
        bc1_0.file_name,
        bc1_0.size 
    from
        binary_contents bc1_0 
    where
        bc1_0.id=?
25-11-05 09:31:51.122 [http-nio-8080-exec-5] TRACE org.hibernate.orm.jdbc.bind - binding parameter (1:UUID) <- [983ff5e1-547f-48e5-b167-44fec6df8c5b]
25-11-05 09:31:51.121 [http-nio-8080-exec-3] DEBUG org.hibernate.SQL - 
    select
        bc1_0.id,
        bc1_0.content_type,
        bc1_0.created_at,
        bc1_0.file_name,
        bc1_0.size 
    from
        binary_contents bc1_0 
    where
        bc1_0.id=?
25-11-05 09:31:51.127 [http-nio-8080-exec-3] TRACE org.hibernate.orm.jdbc.bind - binding parameter (1:UUID) <- [92c74a41-125c-466c-b8e2-6ac6bc6668f3]
25-11-05 09:31:51.161 [http-nio-8080-exec-3] INFO  c.s.m.d.c.BinaryContentController - 조회 성공: binaryContentId=92c74a41-125c-466c-b8e2-6ac6bc6668f3
25-11-05 09:31:51.168 [http-nio-8080-exec-10] DEBUG org.hibernate.SQL - 
    select
        c1_0.id,
        c1_0.created_at,
        c1_0.description,
        c1_0.name,
        c1_0.type,
        c1_0.updated_at 
    from
        channels c1_0 
    where
        c1_0.type=? 
        or c1_0.id in (?)
25-11-05 09:31:51.169 [http-nio-8080-exec-10] TRACE org.hibernate.orm.jdbc.bind - binding parameter (1:VARCHAR) <- [PUBLIC]
25-11-05 09:31:51.169 [http-nio-8080-exec-10] TRACE org.hibernate.orm.jdbc.bind - binding parameter (2:UUID) <- [null]
25-11-05 09:31:51.183 [http-nio-8080-exec-4] DEBUG org.hibernate.SQL - 
    select
        rs1_0.id,
        rs1_0.channel_id,
        rs1_0.created_at,
        rs1_0.last_read_at,
        rs1_0.updated_at,
        rs1_0.user_id 
    from
        read_statuses rs1_0 
    where
        rs1_0.user_id=?
25-11-05 09:31:51.184 [http-nio-8080-exec-4] TRACE org.hibernate.orm.jdbc.bind - binding parameter (1:UUID) <- [095d2689-7c70-4d41-9a69-4cd992d2bd12]
25-11-05 09:31:51.202 [http-nio-8080-exec-5] INFO  c.s.m.d.c.BinaryContentController - 조회 성공: binaryContentId=983ff5e1-547f-48e5-b167-44fec6df8c5b
25-11-05 09:31:51.205 [http-nio-8080-exec-6] INFO  c.s.m.d.c.BinaryContentController - 다운로드 요청 수신: binaryContentId=92c74a41-125c-466c-b8e2-6ac6bc6668f3
25-11-05 09:31:51.213 [http-nio-8080-exec-6] DEBUG org.hibernate.SQL - 
    select
        bc1_0.id,
        bc1_0.content_type,
        bc1_0.created_at,
        bc1_0.file_name,
        bc1_0.size 
    from
        binary_contents bc1_0 
    where
        bc1_0.id=?
25-11-05 09:31:51.215 [http-nio-8080-exec-6] TRACE org.hibernate.orm.jdbc.bind - binding parameter (1:UUID) <- [92c74a41-125c-466c-b8e2-6ac6bc6668f3]
25-11-05 09:31:51.222 [http-nio-8080-exec-10] DEBUG org.hibernate.SQL - 
    select
        m1_0.created_at 
    from
        messages m1_0 
    where
        m1_0.channel_id=? 
    order by
        m1_0.created_at desc 
    fetch
        first 1 rows only
25-11-05 09:31:51.225 [http-nio-8080-exec-10] TRACE org.hibernate.orm.jdbc.bind - binding parameter (1:UUID) <- [83a5759b-95ff-499b-813b-3de24059a258]
25-11-05 09:31:51.231 [http-nio-8080-exec-8] INFO  c.s.m.d.c.BinaryContentController - 단건 조회 요청 수신: binaryContentId=983ff5e1-547f-48e5-b167-44fec6df8c5b
25-11-05 09:31:51.235 [http-nio-8080-exec-6] INFO  c.s.m.d.c.BinaryContentController - 다운로드 요청: binaryContentId=92c74a41-125c-466c-b8e2-6ac6bc6668f3, fileName=20250928_165546_1.png
25-11-05 09:31:51.236 [http-nio-8080-exec-8] DEBUG org.hibernate.SQL - 
    select
        bc1_0.id,
        bc1_0.content_type,
        bc1_0.created_at,
        bc1_0.file_name,
        bc1_0.size 
    from
        binary_contents bc1_0 
    where
        bc1_0.id=?
25-11-05 09:31:51.237 [http-nio-8080-exec-8] TRACE org.hibernate.orm.jdbc.bind - binding parameter (1:UUID) <- [983ff5e1-547f-48e5-b167-44fec6df8c5b]
25-11-05 09:31:51.244 [http-nio-8080-exec-7] INFO  c.s.m.d.c.BinaryContentController - 다운로드 요청 수신: binaryContentId=983ff5e1-547f-48e5-b167-44fec6df8c5b
25-11-05 09:31:51.239 [http-nio-8080-exec-6] INFO  c.s.m.d.c.BinaryContentController - 다운로드 응답 반환: binaryContentId=92c74a41-125c-466c-b8e2-6ac6bc6668f3, status=200 OK
25-11-05 09:31:51.247 [http-nio-8080-exec-7] DEBUG org.hibernate.SQL - 
    select
        bc1_0.id,
        bc1_0.content_type,
        bc1_0.created_at,
        bc1_0.file_name,
        bc1_0.size 
    from
        binary_contents bc1_0 
    where
        bc1_0.id=?
25-11-05 09:31:51.248 [http-nio-8080-exec-7] TRACE org.hibernate.orm.jdbc.bind - binding parameter (1:UUID) <- [983ff5e1-547f-48e5-b167-44fec6df8c5b]
25-11-05 09:31:51.254 [http-nio-8080-exec-8] INFO  c.s.m.d.c.BinaryContentController - 조회 성공: binaryContentId=983ff5e1-547f-48e5-b167-44fec6df8c5b
25-11-05 09:31:51.266 [http-nio-8080-exec-7] INFO  c.s.m.d.c.BinaryContentController - 다운로드 요청: binaryContentId=983ff5e1-547f-48e5-b167-44fec6df8c5b, fileName=1.png
25-11-05 09:31:51.269 [http-nio-8080-exec-7] INFO  c.s.m.d.c.BinaryContentController - 다운로드 응답 반환: binaryContentId=983ff5e1-547f-48e5-b167-44fec6df8c5b, status=200 OK
25-11-05 09:31:51.289 [http-nio-8080-exec-9] DEBUG org.hibernate.SQL - 
    select
        rs1_0.id,
        rs1_0.channel_id,
        rs1_0.created_at,
        rs1_0.last_read_at,
        rs1_0.updated_at,
        rs1_0.user_id 
    from
        read_statuses rs1_0 
    where
        rs1_0.user_id=?
25-11-05 09:31:51.291 [http-nio-8080-exec-9] TRACE org.hibernate.orm.jdbc.bind - binding parameter (1:UUID) <- [095d2689-7c70-4d41-9a69-4cd992d2bd12]
25-11-05 09:31:51.297 [http-nio-8080-exec-2] DEBUG org.hibernate.SQL - 
    select
        rs1_0.id,
        rs1_0.channel_id,
        rs1_0.created_at,
        rs1_0.last_read_at,
        rs1_0.updated_at,
        rs1_0.user_id 
    from
        read_statuses rs1_0 
    where
        rs1_0.user_id=?
25-11-05 09:31:51.299 [http-nio-8080-exec-2] TRACE org.hibernate.orm.jdbc.bind - binding parameter (1:UUID) <- [095d2689-7c70-4d41-9a69-4cd992d2bd12]
25-11-05 09:31:51.305 [http-nio-8080-exec-9] DEBUG org.hibernate.SQL - 
    select
        c1_0.id,
        c1_0.created_at,
        c1_0.description,
        c1_0.name,
        c1_0.type,
        c1_0.updated_at 
    from
        channels c1_0 
    where
        c1_0.type=? 
        or c1_0.id in (?)
25-11-05 09:31:51.307 [http-nio-8080-exec-9] TRACE org.hibernate.orm.jdbc.bind - binding parameter (1:VARCHAR) <- [PUBLIC]
25-11-05 09:31:51.308 [http-nio-8080-exec-9] TRACE org.hibernate.orm.jdbc.bind - binding parameter (2:UUID) <- [null]
25-11-05 09:31:51.316 [http-nio-8080-exec-9] DEBUG org.hibernate.SQL - 
    select
        m1_0.created_at 
    from
        messages m1_0 
    where
        m1_0.channel_id=? 
    order by
        m1_0.created_at desc 
    fetch
        first 1 rows only
25-11-05 09:31:51.317 [http-nio-8080-exec-9] TRACE org.hibernate.orm.jdbc.bind - binding parameter (1:UUID) <- [83a5759b-95ff-499b-813b-3de24059a258]
25-11-05 09:31:51.361 [http-nio-8080-exec-1] DEBUG org.hibernate.SQL - 
    select
        rs1_0.id,
        rs1_0.channel_id,
        rs1_0.created_at,
        rs1_0.last_read_at,
        rs1_0.updated_at,
        rs1_0.user_id 
    from
        read_statuses rs1_0 
    where
        rs1_0.user_id=?
25-11-05 09:31:51.362 [http-nio-8080-exec-1] TRACE org.hibernate.orm.jdbc.bind - binding parameter (1:UUID) <- [095d2689-7c70-4d41-9a69-4cd992d2bd12]
25-11-05 09:31:54.154 [http-nio-8080-exec-7] DEBUG org.hibernate.SQL - 
    select
        rs1_0.id,
        rs1_0.channel_id,
        rs1_0.created_at,
        rs1_0.last_read_at,
        rs1_0.updated_at,
        rs1_0.user_id 
    from
        read_statuses rs1_0 
    where
        rs1_0.user_id=?
25-11-05 09:31:54.155 [http-nio-8080-exec-7] TRACE org.hibernate.orm.jdbc.bind - binding parameter (1:UUID) <- [095d2689-7c70-4d41-9a69-4cd992d2bd12]
25-11-05 09:31:54.163 [http-nio-8080-exec-7] DEBUG org.hibernate.SQL - 
    select
        c1_0.id,
        c1_0.created_at,
        c1_0.description,
        c1_0.name,
        c1_0.type,
        c1_0.updated_at 
    from
        channels c1_0 
    where
        c1_0.type=? 
        or c1_0.id in (?)
25-11-05 09:31:54.163 [http-nio-8080-exec-7] TRACE org.hibernate.orm.jdbc.bind - binding parameter (1:VARCHAR) <- [PUBLIC]
25-11-05 09:31:54.163 [http-nio-8080-exec-7] TRACE org.hibernate.orm.jdbc.bind - binding parameter (2:UUID) <- [null]
25-11-05 09:31:54.169 [http-nio-8080-exec-7] DEBUG org.hibernate.SQL - 
    select
        m1_0.created_at 
    from
        messages m1_0 
    where
        m1_0.channel_id=? 
    order by
        m1_0.created_at desc 
    fetch
        first 1 rows only
25-11-05 09:31:54.169 [http-nio-8080-exec-7] TRACE org.hibernate.orm.jdbc.bind - binding parameter (1:UUID) <- [83a5759b-95ff-499b-813b-3de24059a258]
25-11-05 09:31:54.186 [http-nio-8080-exec-6] DEBUG org.hibernate.SQL - 
    select
        rs1_0.id,
        rs1_0.channel_id,
        rs1_0.created_at,
        rs1_0.last_read_at,
        rs1_0.updated_at,
        rs1_0.user_id 
    from
        read_statuses rs1_0 
    where
        rs1_0.user_id=?
25-11-05 09:31:54.189 [http-nio-8080-exec-6] TRACE org.hibernate.orm.jdbc.bind - binding parameter (1:UUID) <- [095d2689-7c70-4d41-9a69-4cd992d2bd12]
25-11-05 09:31:57.147 [http-nio-8080-exec-9] DEBUG org.hibernate.SQL - 
    select
        rs1_0.id,
        rs1_0.channel_id,
        rs1_0.created_at,
        rs1_0.last_read_at,
        rs1_0.updated_at,
        rs1_0.user_id 
    from
        read_statuses rs1_0 
    where
        rs1_0.user_id=?
25-11-05 09:31:57.148 [http-nio-8080-exec-9] TRACE org.hibernate.orm.jdbc.bind - binding parameter (1:UUID) <- [095d2689-7c70-4d41-9a69-4cd992d2bd12]
25-11-05 09:31:57.153 [http-nio-8080-exec-9] DEBUG org.hibernate.SQL - 
    select
        c1_0.id,
        c1_0.created_at,
        c1_0.description,
        c1_0.name,
        c1_0.type,
        c1_0.updated_at 
    from
        channels c1_0 
    where
        c1_0.type=? 
        or c1_0.id in (?)
25-11-05 09:31:57.154 [http-nio-8080-exec-9] TRACE org.hibernate.orm.jdbc.bind - binding parameter (1:VARCHAR) <- [PUBLIC]
25-11-05 09:31:57.154 [http-nio-8080-exec-9] TRACE org.hibernate.orm.jdbc.bind - binding parameter (2:UUID) <- [null]
25-11-05 09:31:57.159 [http-nio-8080-exec-9] DEBUG org.hibernate.SQL - 
    select
        m1_0.created_at 
    from
        messages m1_0 
    where
        m1_0.channel_id=? 
    order by
        m1_0.created_at desc 
    fetch
        first 1 rows only
25-11-05 09:31:57.160 [http-nio-8080-exec-9] TRACE org.hibernate.orm.jdbc.bind - binding parameter (1:UUID) <- [83a5759b-95ff-499b-813b-3de24059a258]
25-11-05 09:31:57.185 [http-nio-8080-exec-1] DEBUG org.hibernate.SQL - 
    select
        rs1_0.id,
        rs1_0.channel_id,
        rs1_0.created_at,
        rs1_0.last_read_at,
        rs1_0.updated_at,
        rs1_0.user_id 
    from
        read_statuses rs1_0 
    where
        rs1_0.user_id=?
25-11-05 09:31:57.185 [http-nio-8080-exec-1] TRACE org.hibernate.orm.jdbc.bind - binding parameter (1:UUID) <- [095d2689-7c70-4d41-9a69-4cd992d2bd12]
25-11-05 09:32:00.145 [http-nio-8080-exec-8] DEBUG org.hibernate.SQL - 
    select
        rs1_0.id,
        rs1_0.channel_id,
        rs1_0.created_at,
        rs1_0.last_read_at,
        rs1_0.updated_at,
        rs1_0.user_id 
    from
        read_statuses rs1_0 
    where
        rs1_0.user_id=?
25-11-05 09:32:00.145 [http-nio-8080-exec-8] TRACE org.hibernate.orm.jdbc.bind - binding parameter (1:UUID) <- [095d2689-7c70-4d41-9a69-4cd992d2bd12]
25-11-05 09:32:00.150 [http-nio-8080-exec-8] DEBUG org.hibernate.SQL - 
    select
        c1_0.id,
        c1_0.created_at,
        c1_0.description,
        c1_0.name,
        c1_0.type,
        c1_0.updated_at 
    from
        channels c1_0 
    where
        c1_0.type=? 
        or c1_0.id in (?)
25-11-05 09:32:00.151 [http-nio-8080-exec-8] TRACE org.hibernate.orm.jdbc.bind - binding parameter (1:VARCHAR) <- [PUBLIC]
25-11-05 09:32:00.151 [http-nio-8080-exec-8] TRACE org.hibernate.orm.jdbc.bind - binding parameter (2:UUID) <- [null]
25-11-05 09:32:00.156 [http-nio-8080-exec-8] DEBUG org.hibernate.SQL - 
    select
        m1_0.created_at 
    from
        messages m1_0 
    where
        m1_0.channel_id=? 
    order by
        m1_0.created_at desc 
    fetch
        first 1 rows only
25-11-05 09:32:00.156 [http-nio-8080-exec-8] TRACE org.hibernate.orm.jdbc.bind - binding parameter (1:UUID) <- [83a5759b-95ff-499b-813b-3de24059a258]
25-11-05 09:32:00.172 [http-nio-8080-exec-10] DEBUG org.hibernate.SQL - 
    select
        rs1_0.id,
        rs1_0.channel_id,
        rs1_0.created_at,
        rs1_0.last_read_at,
        rs1_0.updated_at,
        rs1_0.user_id 
    from
        read_statuses rs1_0 
    where
        rs1_0.user_id=?
25-11-05 09:32:00.175 [http-nio-8080-exec-10] TRACE org.hibernate.orm.jdbc.bind - binding parameter (1:UUID) <- [095d2689-7c70-4d41-9a69-4cd992d2bd12]
25-11-05 09:32:03.141 [http-nio-8080-exec-5] DEBUG org.hibernate.SQL - 
    select
        rs1_0.id,
        rs1_0.channel_id,
        rs1_0.created_at,
        rs1_0.last_read_at,
        rs1_0.updated_at,
        rs1_0.user_id 
    from
        read_statuses rs1_0 
    where
        rs1_0.user_id=?
25-11-05 09:32:03.142 [http-nio-8080-exec-5] TRACE org.hibernate.orm.jdbc.bind - binding parameter (1:UUID) <- [095d2689-7c70-4d41-9a69-4cd992d2bd12]
25-11-05 09:32:03.146 [http-nio-8080-exec-5] DEBUG org.hibernate.SQL - 
    select
        c1_0.id,
        c1_0.created_at,
        c1_0.description,
        c1_0.name,
        c1_0.type,
        c1_0.updated_at 
    from
        channels c1_0 
    where
        c1_0.type=? 
        or c1_0.id in (?)
25-11-05 09:32:03.147 [http-nio-8080-exec-5] TRACE org.hibernate.orm.jdbc.bind - binding parameter (1:VARCHAR) <- [PUBLIC]
25-11-05 09:32:03.147 [http-nio-8080-exec-5] TRACE org.hibernate.orm.jdbc.bind - binding parameter (2:UUID) <- [null]
25-11-05 09:32:03.154 [http-nio-8080-exec-5] DEBUG org.hibernate.SQL - 
    select
        m1_0.created_at 
    from
        messages m1_0 
    where
        m1_0.channel_id=? 
    order by
        m1_0.created_at desc 
    fetch
        first 1 rows only
25-11-05 09:32:03.154 [http-nio-8080-exec-5] TRACE org.hibernate.orm.jdbc.bind - binding parameter (1:UUID) <- [83a5759b-95ff-499b-813b-3de24059a258]
25-11-05 09:32:03.172 [http-nio-8080-exec-3] DEBUG org.hibernate.SQL - 
    select
        rs1_0.id,
        rs1_0.channel_id,
        rs1_0.created_at,
        rs1_0.last_read_at,
        rs1_0.updated_at,
        rs1_0.user_id 
    from
        read_statuses rs1_0 
    where
        rs1_0.user_id=?
25-11-05 09:32:03.175 [http-nio-8080-exec-3] TRACE org.hibernate.orm.jdbc.bind - binding parameter (1:UUID) <- [095d2689-7c70-4d41-9a69-4cd992d2bd12]
25-11-05 09:32:06.143 [http-nio-8080-exec-4] DEBUG org.hibernate.SQL - 
    select
        rs1_0.id,
        rs1_0.channel_id,
        rs1_0.created_at,
        rs1_0.last_read_at,
        rs1_0.updated_at,
        rs1_0.user_id 
    from
        read_statuses rs1_0 
    where
        rs1_0.user_id=?
25-11-05 09:32:06.144 [http-nio-8080-exec-4] TRACE org.hibernate.orm.jdbc.bind - binding parameter (1:UUID) <- [095d2689-7c70-4d41-9a69-4cd992d2bd12]
25-11-05 09:32:06.149 [http-nio-8080-exec-4] DEBUG org.hibernate.SQL - 
    select
        c1_0.id,
        c1_0.created_at,
        c1_0.description,
        c1_0.name,
        c1_0.type,
        c1_0.updated_at 
    from
        channels c1_0 
    where
        c1_0.type=? 
        or c1_0.id in (?)
25-11-05 09:32:06.149 [http-nio-8080-exec-4] TRACE org.hibernate.orm.jdbc.bind - binding parameter (1:VARCHAR) <- [PUBLIC]
25-11-05 09:32:06.149 [http-nio-8080-exec-4] TRACE org.hibernate.orm.jdbc.bind - binding parameter (2:UUID) <- [null]
25-11-05 09:32:06.154 [http-nio-8080-exec-4] DEBUG org.hibernate.SQL - 
    select
        m1_0.created_at 
    from
        messages m1_0 
    where
        m1_0.channel_id=? 
    order by
        m1_0.created_at desc 
    fetch
        first 1 rows only
25-11-05 09:32:06.154 [http-nio-8080-exec-4] TRACE org.hibernate.orm.jdbc.bind - binding parameter (1:UUID) <- [83a5759b-95ff-499b-813b-3de24059a258]
25-11-05 09:32:06.170 [http-nio-8080-exec-7] DEBUG org.hibernate.SQL - 
    select
        rs1_0.id,
        rs1_0.channel_id,
        rs1_0.created_at,
        rs1_0.last_read_at,
        rs1_0.updated_at,
        rs1_0.user_id 
    from
        read_statuses rs1_0 
    where
        rs1_0.user_id=?
25-11-05 09:32:06.173 [http-nio-8080-exec-7] TRACE org.hibernate.orm.jdbc.bind - binding parameter (1:UUID) <- [095d2689-7c70-4d41-9a69-4cd992d2bd12]
25-11-05 09:32:09.145 [http-nio-8080-exec-6] DEBUG org.hibernate.SQL - 
    select
        rs1_0.id,
        rs1_0.channel_id,
        rs1_0.created_at,
        rs1_0.last_read_at,
        rs1_0.updated_at,
        rs1_0.user_id 
    from
        read_statuses rs1_0 
    where
        rs1_0.user_id=?
25-11-05 09:32:09.146 [http-nio-8080-exec-6] TRACE org.hibernate.orm.jdbc.bind - binding parameter (1:UUID) <- [095d2689-7c70-4d41-9a69-4cd992d2bd12]
25-11-05 09:32:09.151 [http-nio-8080-exec-6] DEBUG org.hibernate.SQL - 
    select
        c1_0.id,
        c1_0.created_at,
        c1_0.description,
        c1_0.name,
        c1_0.type,
        c1_0.updated_at 
    from
        channels c1_0 
    where
        c1_0.type=? 
        or c1_0.id in (?)
25-11-05 09:32:09.152 [http-nio-8080-exec-6] TRACE org.hibernate.orm.jdbc.bind - binding parameter (1:VARCHAR) <- [PUBLIC]
25-11-05 09:32:09.152 [http-nio-8080-exec-6] TRACE org.hibernate.orm.jdbc.bind - binding parameter (2:UUID) <- [null]
25-11-05 09:32:09.158 [http-nio-8080-exec-6] DEBUG org.hibernate.SQL - 
    select
        m1_0.created_at 
    from
        messages m1_0 
    where
        m1_0.channel_id=? 
    order by
        m1_0.created_at desc 
    fetch
        first 1 rows only
25-11-05 09:32:09.159 [http-nio-8080-exec-6] TRACE org.hibernate.orm.jdbc.bind - binding parameter (1:UUID) <- [83a5759b-95ff-499b-813b-3de24059a258]
25-11-05 09:32:09.176 [http-nio-8080-exec-2] DEBUG org.hibernate.SQL - 
    select
        rs1_0.id,
        rs1_0.channel_id,
        rs1_0.created_at,
        rs1_0.last_read_at,
        rs1_0.updated_at,
        rs1_0.user_id 
    from
        read_statuses rs1_0 
    where
        rs1_0.user_id=?
25-11-05 09:32:09.179 [http-nio-8080-exec-2] TRACE org.hibernate.orm.jdbc.bind - binding parameter (1:UUID) <- [095d2689-7c70-4d41-9a69-4cd992d2bd12]
25-11-05 09:32:12.142 [http-nio-8080-exec-9] DEBUG org.hibernate.SQL - 
    select
        rs1_0.id,
        rs1_0.channel_id,
        rs1_0.created_at,
        rs1_0.last_read_at,
        rs1_0.updated_at,
        rs1_0.user_id 
    from
        read_statuses rs1_0 
    where
        rs1_0.user_id=?
25-11-05 09:32:12.142 [http-nio-8080-exec-9] TRACE org.hibernate.orm.jdbc.bind - binding parameter (1:UUID) <- [095d2689-7c70-4d41-9a69-4cd992d2bd12]
25-11-05 09:32:12.147 [http-nio-8080-exec-9] DEBUG org.hibernate.SQL - 
    select
        c1_0.id,
        c1_0.created_at,
        c1_0.description,
        c1_0.name,
        c1_0.type,
        c1_0.updated_at 
    from
        channels c1_0 
    where
        c1_0.type=? 
        or c1_0.id in (?)
25-11-05 09:32:12.147 [http-nio-8080-exec-9] TRACE org.hibernate.orm.jdbc.bind - binding parameter (1:VARCHAR) <- [PUBLIC]
25-11-05 09:32:12.147 [http-nio-8080-exec-9] TRACE org.hibernate.orm.jdbc.bind - binding parameter (2:UUID) <- [null]
25-11-05 09:32:12.153 [http-nio-8080-exec-9] DEBUG org.hibernate.SQL - 
    select
        m1_0.created_at 
    from
        messages m1_0 
    where
        m1_0.channel_id=? 
    order by
        m1_0.created_at desc 
    fetch
        first 1 rows only
25-11-05 09:32:12.153 [http-nio-8080-exec-9] TRACE org.hibernate.orm.jdbc.bind - binding parameter (1:UUID) <- [83a5759b-95ff-499b-813b-3de24059a258]
25-11-05 09:32:12.170 [http-nio-8080-exec-1] DEBUG org.hibernate.SQL - 
    select
        rs1_0.id,
        rs1_0.channel_id,
        rs1_0.created_at,
        rs1_0.last_read_at,
        rs1_0.updated_at,
        rs1_0.user_id 
    from
        read_statuses rs1_0 
    where
        rs1_0.user_id=?
25-11-05 09:32:12.170 [http-nio-8080-exec-1] TRACE org.hibernate.orm.jdbc.bind - binding parameter (1:UUID) <- [095d2689-7c70-4d41-9a69-4cd992d2bd12]
25-11-05 09:32:15.141 [http-nio-8080-exec-8] DEBUG org.hibernate.SQL - 
    select
        rs1_0.id,
        rs1_0.channel_id,
        rs1_0.created_at,
        rs1_0.last_read_at,
        rs1_0.updated_at,
        rs1_0.user_id 
    from
        read_statuses rs1_0 
    where
        rs1_0.user_id=?
25-11-05 09:32:15.142 [http-nio-8080-exec-8] TRACE org.hibernate.orm.jdbc.bind - binding parameter (1:UUID) <- [095d2689-7c70-4d41-9a69-4cd992d2bd12]
25-11-05 09:32:15.146 [http-nio-8080-exec-8] DEBUG org.hibernate.SQL - 
    select
        c1_0.id,
        c1_0.created_at,
        c1_0.description,
        c1_0.name,
        c1_0.type,
        c1_0.updated_at 
    from
        channels c1_0 
    where
        c1_0.type=? 
        or c1_0.id in (?)
25-11-05 09:32:15.146 [http-nio-8080-exec-8] TRACE org.hibernate.orm.jdbc.bind - binding parameter (1:VARCHAR) <- [PUBLIC]
25-11-05 09:32:15.146 [http-nio-8080-exec-8] TRACE org.hibernate.orm.jdbc.bind - binding parameter (2:UUID) <- [null]
25-11-05 09:32:15.151 [http-nio-8080-exec-8] DEBUG org.hibernate.SQL - 
    select
        m1_0.created_at 
    from
        messages m1_0 
    where
        m1_0.channel_id=? 
    order by
        m1_0.created_at desc 
    fetch
        first 1 rows only
25-11-05 09:32:15.151 [http-nio-8080-exec-8] TRACE org.hibernate.orm.jdbc.bind - binding parameter (1:UUID) <- [83a5759b-95ff-499b-813b-3de24059a258]
25-11-05 09:32:15.167 [http-nio-8080-exec-10] DEBUG org.hibernate.SQL - 
    select
        rs1_0.id,
        rs1_0.channel_id,
        rs1_0.created_at,
        rs1_0.last_read_at,
        rs1_0.updated_at,
        rs1_0.user_id 
    from
        read_statuses rs1_0 
    where
        rs1_0.user_id=?
25-11-05 09:32:15.170 [http-nio-8080-exec-10] TRACE org.hibernate.orm.jdbc.bind - binding parameter (1:UUID) <- [095d2689-7c70-4d41-9a69-4cd992d2bd12]
25-11-05 09:32:18.140 [http-nio-8080-exec-5] DEBUG org.hibernate.SQL - 
    select
        rs1_0.id,
        rs1_0.channel_id,
        rs1_0.created_at,
        rs1_0.last_read_at,
        rs1_0.updated_at,
        rs1_0.user_id 
    from
        read_statuses rs1_0 
    where
        rs1_0.user_id=?
25-11-05 09:32:18.141 [http-nio-8080-exec-5] TRACE org.hibernate.orm.jdbc.bind - binding parameter (1:UUID) <- [095d2689-7c70-4d41-9a69-4cd992d2bd12]
25-11-05 09:32:18.145 [http-nio-8080-exec-5] DEBUG org.hibernate.SQL - 
    select
        c1_0.id,
        c1_0.created_at,
        c1_0.description,
        c1_0.name,
        c1_0.type,
        c1_0.updated_at 
    from
        channels c1_0 
    where
        c1_0.type=? 
        or c1_0.id in (?)
25-11-05 09:32:18.146 [http-nio-8080-exec-5] TRACE org.hibernate.orm.jdbc.bind - binding parameter (1:VARCHAR) <- [PUBLIC]
25-11-05 09:32:18.146 [http-nio-8080-exec-5] TRACE org.hibernate.orm.jdbc.bind - binding parameter (2:UUID) <- [null]
25-11-05 09:32:18.150 [http-nio-8080-exec-5] DEBUG org.hibernate.SQL - 
    select
        m1_0.created_at 
    from
        messages m1_0 
    where
        m1_0.channel_id=? 
    order by
        m1_0.created_at desc 
    fetch
        first 1 rows only
25-11-05 09:32:18.150 [http-nio-8080-exec-5] TRACE org.hibernate.orm.jdbc.bind - binding parameter (1:UUID) <- [83a5759b-95ff-499b-813b-3de24059a258]
25-11-05 09:32:18.164 [http-nio-8080-exec-3] DEBUG org.hibernate.SQL - 
    select
        rs1_0.id,
        rs1_0.channel_id,
        rs1_0.created_at,
        rs1_0.last_read_at,
        rs1_0.updated_at,
        rs1_0.user_id 
    from
        read_statuses rs1_0 
    where
        rs1_0.user_id=?
25-11-05 09:32:18.166 [http-nio-8080-exec-3] TRACE org.hibernate.orm.jdbc.bind - binding parameter (1:UUID) <- [095d2689-7c70-4d41-9a69-4cd992d2bd12]
25-11-05 09:32:20.749 [http-nio-8080-exec-4] INFO  c.s.m.d.controller.UserController - 유저 상태 업데이트 요청 수신: userId=095d2689-7c70-4d41-9a69-4cd992d2bd12, newLastActiveAt=2025-11-05T00:32:20.744Z
25-11-05 09:32:20.755 [http-nio-8080-exec-4] DEBUG org.hibernate.SQL - 
    select
        us1_0.id,
        us1_0.created_at,
        us1_0.last_active_at,
        us1_0.updated_at,
        us1_0.user_id 
    from
        user_statuses us1_0 
    where
        us1_0.user_id=?
25-11-05 09:32:20.756 [http-nio-8080-exec-4] TRACE org.hibernate.orm.jdbc.bind - binding parameter (1:UUID) <- [095d2689-7c70-4d41-9a69-4cd992d2bd12]
25-11-05 09:32:20.761 [http-nio-8080-exec-4] DEBUG org.hibernate.SQL - 
    update
        user_statuses 
    set
        last_active_at=?,
        updated_at=?,
        user_id=? 
    where
        id=?
25-11-05 09:32:20.762 [http-nio-8080-exec-4] TRACE org.hibernate.orm.jdbc.bind - binding parameter (1:TIMESTAMP_UTC) <- [2025-11-05T00:32:20.744Z]
25-11-05 09:32:20.763 [http-nio-8080-exec-4] TRACE org.hibernate.orm.jdbc.bind - binding parameter (2:TIMESTAMP_UTC) <- [2025-11-05T00:32:20.760563Z]
25-11-05 09:32:20.763 [http-nio-8080-exec-4] TRACE org.hibernate.orm.jdbc.bind - binding parameter (3:UUID) <- [095d2689-7c70-4d41-9a69-4cd992d2bd12]
25-11-05 09:32:20.763 [http-nio-8080-exec-4] TRACE org.hibernate.orm.jdbc.bind - binding parameter (4:UUID) <- [99a8276f-308b-4b19-960a-9a03b8059380]
25-11-05 09:32:20.774 [http-nio-8080-exec-4] INFO  c.s.m.d.controller.UserController - 유저 상태 업데이트 성공: userId=095d2689-7c70-4d41-9a69-4cd992d2bd12, newLastActiveAt=2025-11-05T00:32:20.744Z
25-11-05 09:32:21.140 [http-nio-8080-exec-7] DEBUG org.hibernate.SQL - 
    select
        rs1_0.id,
        rs1_0.channel_id,
        rs1_0.created_at,
        rs1_0.last_read_at,
        rs1_0.updated_at,
        rs1_0.user_id 
    from
        read_statuses rs1_0 
    where
        rs1_0.user_id=?
25-11-05 09:32:21.141 [http-nio-8080-exec-7] TRACE org.hibernate.orm.jdbc.bind - binding parameter (1:UUID) <- [095d2689-7c70-4d41-9a69-4cd992d2bd12]
25-11-05 09:32:21.159 [http-nio-8080-exec-7] DEBUG org.hibernate.SQL - 
    select
        c1_0.id,
        c1_0.created_at,
        c1_0.description,
        c1_0.name,
        c1_0.type,
        c1_0.updated_at 
    from
        channels c1_0 
    where
        c1_0.type=? 
        or c1_0.id in (?)
25-11-05 09:32:21.159 [http-nio-8080-exec-7] TRACE org.hibernate.orm.jdbc.bind - binding parameter (1:VARCHAR) <- [PUBLIC]
25-11-05 09:32:21.159 [http-nio-8080-exec-7] TRACE org.hibernate.orm.jdbc.bind - binding parameter (2:UUID) <- [null]
25-11-05 09:32:21.162 [http-nio-8080-exec-7] DEBUG org.hibernate.SQL - 
    select
        m1_0.created_at 
    from
        messages m1_0 
    where
        m1_0.channel_id=? 
    order by
        m1_0.created_at desc 
    fetch
        first 1 rows only
25-11-05 09:32:21.163 [http-nio-8080-exec-7] TRACE org.hibernate.orm.jdbc.bind - binding parameter (1:UUID) <- [83a5759b-95ff-499b-813b-3de24059a258]
25-11-05 09:32:21.176 [http-nio-8080-exec-6] DEBUG org.hibernate.SQL - 
    select
        rs1_0.id,
        rs1_0.channel_id,
        rs1_0.created_at,
        rs1_0.last_read_at,
        rs1_0.updated_at,
        rs1_0.user_id 
    from
        read_statuses rs1_0 
    where
        rs1_0.user_id=?
25-11-05 09:32:21.176 [http-nio-8080-exec-6] TRACE org.hibernate.orm.jdbc.bind - binding parameter (1:UUID) <- [095d2689-7c70-4d41-9a69-4cd992d2bd12]
25-11-05 09:32:24.144 [http-nio-8080-exec-2] DEBUG org.hibernate.SQL - 
    select
        rs1_0.id,
        rs1_0.channel_id,
        rs1_0.created_at,
        rs1_0.last_read_at,
        rs1_0.updated_at,
        rs1_0.user_id 
    from
        read_statuses rs1_0 
    where
        rs1_0.user_id=?
25-11-05 09:32:24.145 [http-nio-8080-exec-2] TRACE org.hibernate.orm.jdbc.bind - binding parameter (1:UUID) <- [095d2689-7c70-4d41-9a69-4cd992d2bd12]
25-11-05 09:32:24.151 [http-nio-8080-exec-2] DEBUG org.hibernate.SQL - 
    select
        c1_0.id,
        c1_0.created_at,
        c1_0.description,
        c1_0.name,
        c1_0.type,
        c1_0.updated_at 
    from
        channels c1_0 
    where
        c1_0.type=? 
        or c1_0.id in (?)
25-11-05 09:32:24.151 [http-nio-8080-exec-2] TRACE org.hibernate.orm.jdbc.bind - binding parameter (1:VARCHAR) <- [PUBLIC]
25-11-05 09:32:24.151 [http-nio-8080-exec-2] TRACE org.hibernate.orm.jdbc.bind - binding parameter (2:UUID) <- [null]
25-11-05 09:32:24.155 [http-nio-8080-exec-2] DEBUG org.hibernate.SQL - 
    select
        m1_0.created_at 
    from
        messages m1_0 
    where
        m1_0.channel_id=? 
    order by
        m1_0.created_at desc 
    fetch
        first 1 rows only
25-11-05 09:32:24.155 [http-nio-8080-exec-2] TRACE org.hibernate.orm.jdbc.bind - binding parameter (1:UUID) <- [83a5759b-95ff-499b-813b-3de24059a258]
25-11-05 09:32:24.172 [http-nio-8080-exec-9] DEBUG org.hibernate.SQL - 
    select
        rs1_0.id,
        rs1_0.channel_id,
        rs1_0.created_at,
        rs1_0.last_read_at,
        rs1_0.updated_at,
        rs1_0.user_id 
    from
        read_statuses rs1_0 
    where
        rs1_0.user_id=?
25-11-05 09:32:24.175 [http-nio-8080-exec-9] TRACE org.hibernate.orm.jdbc.bind - binding parameter (1:UUID) <- [095d2689-7c70-4d41-9a69-4cd992d2bd12]
25-11-05 09:32:27.142 [http-nio-8080-exec-8] DEBUG org.hibernate.SQL - 
    select
        rs1_0.id,
        rs1_0.channel_id,
        rs1_0.created_at,
        rs1_0.last_read_at,
        rs1_0.updated_at,
        rs1_0.user_id 
    from
        read_statuses rs1_0 
    where
        rs1_0.user_id=?
25-11-05 09:32:27.142 [http-nio-8080-exec-8] TRACE org.hibernate.orm.jdbc.bind - binding parameter (1:UUID) <- [095d2689-7c70-4d41-9a69-4cd992d2bd12]
25-11-05 09:32:27.147 [http-nio-8080-exec-8] DEBUG org.hibernate.SQL - 
    select
        c1_0.id,
        c1_0.created_at,
        c1_0.description,
        c1_0.name,
        c1_0.type,
        c1_0.updated_at 
    from
        channels c1_0 
    where
        c1_0.type=? 
        or c1_0.id in (?)
25-11-05 09:32:27.147 [http-nio-8080-exec-8] TRACE org.hibernate.orm.jdbc.bind - binding parameter (1:VARCHAR) <- [PUBLIC]
25-11-05 09:32:27.147 [http-nio-8080-exec-8] TRACE org.hibernate.orm.jdbc.bind - binding parameter (2:UUID) <- [null]
25-11-05 09:32:27.151 [http-nio-8080-exec-8] DEBUG org.hibernate.SQL - 
    select
        m1_0.created_at 
    from
        messages m1_0 
    where
        m1_0.channel_id=? 
    order by
        m1_0.created_at desc 
    fetch
        first 1 rows only
25-11-05 09:32:27.152 [http-nio-8080-exec-8] TRACE org.hibernate.orm.jdbc.bind - binding parameter (1:UUID) <- [83a5759b-95ff-499b-813b-3de24059a258]
25-11-05 09:32:27.167 [http-nio-8080-exec-10] DEBUG org.hibernate.SQL - 
    select
        rs1_0.id,
        rs1_0.channel_id,
        rs1_0.created_at,
        rs1_0.last_read_at,
        rs1_0.updated_at,
        rs1_0.user_id 
    from
        read_statuses rs1_0 
    where
        rs1_0.user_id=?
25-11-05 09:32:27.169 [http-nio-8080-exec-10] TRACE org.hibernate.orm.jdbc.bind - binding parameter (1:UUID) <- [095d2689-7c70-4d41-9a69-4cd992d2bd12]
25-11-05 09:32:30.149 [http-nio-8080-exec-5] DEBUG org.hibernate.SQL - 
    select
        rs1_0.id,
        rs1_0.channel_id,
        rs1_0.created_at,
        rs1_0.last_read_at,
        rs1_0.updated_at,
        rs1_0.user_id 
    from
        read_statuses rs1_0 
    where
        rs1_0.user_id=?
25-11-05 09:32:30.149 [http-nio-8080-exec-5] TRACE org.hibernate.orm.jdbc.bind - binding parameter (1:UUID) <- [095d2689-7c70-4d41-9a69-4cd992d2bd12]
25-11-05 09:32:30.153 [http-nio-8080-exec-5] DEBUG org.hibernate.SQL - 
    select
        c1_0.id,
        c1_0.created_at,
        c1_0.description,
        c1_0.name,
        c1_0.type,
        c1_0.updated_at 
    from
        channels c1_0 
    where
        c1_0.type=? 
        or c1_0.id in (?)
25-11-05 09:32:30.153 [http-nio-8080-exec-5] TRACE org.hibernate.orm.jdbc.bind - binding parameter (1:VARCHAR) <- [PUBLIC]
25-11-05 09:32:30.153 [http-nio-8080-exec-5] TRACE org.hibernate.orm.jdbc.bind - binding parameter (2:UUID) <- [null]
25-11-05 09:32:30.157 [http-nio-8080-exec-5] DEBUG org.hibernate.SQL - 
    select
        m1_0.created_at 
    from
        messages m1_0 
    where
        m1_0.channel_id=? 
    order by
        m1_0.created_at desc 
    fetch
        first 1 rows only
25-11-05 09:32:30.158 [http-nio-8080-exec-5] TRACE org.hibernate.orm.jdbc.bind - binding parameter (1:UUID) <- [83a5759b-95ff-499b-813b-3de24059a258]
25-11-05 09:32:30.170 [http-nio-8080-exec-3] DEBUG org.hibernate.SQL - 
    select
        rs1_0.id,
        rs1_0.channel_id,
        rs1_0.created_at,
        rs1_0.last_read_at,
        rs1_0.updated_at,
        rs1_0.user_id 
    from
        read_statuses rs1_0 
    where
        rs1_0.user_id=?
25-11-05 09:32:30.173 [http-nio-8080-exec-3] TRACE org.hibernate.orm.jdbc.bind - binding parameter (1:UUID) <- [095d2689-7c70-4d41-9a69-4cd992d2bd12]
25-11-05 09:32:33.144 [http-nio-8080-exec-4] DEBUG org.hibernate.SQL - 
    select
        rs1_0.id,
        rs1_0.channel_id,
        rs1_0.created_at,
        rs1_0.last_read_at,
        rs1_0.updated_at,
        rs1_0.user_id 
    from
        read_statuses rs1_0 
    where
        rs1_0.user_id=?
25-11-05 09:32:33.144 [http-nio-8080-exec-4] TRACE org.hibernate.orm.jdbc.bind - binding parameter (1:UUID) <- [095d2689-7c70-4d41-9a69-4cd992d2bd12]
25-11-05 09:32:33.148 [http-nio-8080-exec-4] DEBUG org.hibernate.SQL - 
    select
        c1_0.id,
        c1_0.created_at,
        c1_0.description,
        c1_0.name,
        c1_0.type,
        c1_0.updated_at 
    from
        channels c1_0 
    where
        c1_0.type=? 
        or c1_0.id in (?)
25-11-05 09:32:33.148 [http-nio-8080-exec-4] TRACE org.hibernate.orm.jdbc.bind - binding parameter (1:VARCHAR) <- [PUBLIC]
25-11-05 09:32:33.148 [http-nio-8080-exec-4] TRACE org.hibernate.orm.jdbc.bind - binding parameter (2:UUID) <- [null]
25-11-05 09:32:33.152 [http-nio-8080-exec-4] DEBUG org.hibernate.SQL - 
    select
        m1_0.created_at 
    from
        messages m1_0 
    where
        m1_0.channel_id=? 
    order by
        m1_0.created_at desc 
    fetch
        first 1 rows only
25-11-05 09:32:33.152 [http-nio-8080-exec-4] TRACE org.hibernate.orm.jdbc.bind - binding parameter (1:UUID) <- [83a5759b-95ff-499b-813b-3de24059a258]
25-11-05 09:32:33.168 [http-nio-8080-exec-7] DEBUG org.hibernate.SQL - 
    select
        rs1_0.id,
        rs1_0.channel_id,
        rs1_0.created_at,
        rs1_0.last_read_at,
        rs1_0.updated_at,
        rs1_0.user_id 
    from
        read_statuses rs1_0 
    where
        rs1_0.user_id=?
25-11-05 09:32:33.171 [http-nio-8080-exec-7] TRACE org.hibernate.orm.jdbc.bind - binding parameter (1:UUID) <- [095d2689-7c70-4d41-9a69-4cd992d2bd12]
25-11-05 09:32:36.148 [http-nio-8080-exec-6] DEBUG org.hibernate.SQL - 
    select
        rs1_0.id,
        rs1_0.channel_id,
        rs1_0.created_at,
        rs1_0.last_read_at,
        rs1_0.updated_at,
        rs1_0.user_id 
    from
        read_statuses rs1_0 
    where
        rs1_0.user_id=?
25-11-05 09:32:36.149 [http-nio-8080-exec-6] TRACE org.hibernate.orm.jdbc.bind - binding parameter (1:UUID) <- [095d2689-7c70-4d41-9a69-4cd992d2bd12]
25-11-05 09:32:36.153 [http-nio-8080-exec-6] DEBUG org.hibernate.SQL - 
    select
        c1_0.id,
        c1_0.created_at,
        c1_0.description,
        c1_0.name,
        c1_0.type,
        c1_0.updated_at 
    from
        channels c1_0 
    where
        c1_0.type=? 
        or c1_0.id in (?)
25-11-05 09:32:36.153 [http-nio-8080-exec-6] TRACE org.hibernate.orm.jdbc.bind - binding parameter (1:VARCHAR) <- [PUBLIC]
25-11-05 09:32:36.153 [http-nio-8080-exec-6] TRACE org.hibernate.orm.jdbc.bind - binding parameter (2:UUID) <- [null]
25-11-05 09:32:36.158 [http-nio-8080-exec-6] DEBUG org.hibernate.SQL - 
    select
        m1_0.created_at 
    from
        messages m1_0 
    where
        m1_0.channel_id=? 
    order by
        m1_0.created_at desc 
    fetch
        first 1 rows only
25-11-05 09:32:36.158 [http-nio-8080-exec-6] TRACE org.hibernate.orm.jdbc.bind - binding parameter (1:UUID) <- [83a5759b-95ff-499b-813b-3de24059a258]
25-11-05 09:32:36.170 [http-nio-8080-exec-2] DEBUG org.hibernate.SQL - 
    select
        rs1_0.id,
        rs1_0.channel_id,
        rs1_0.created_at,
        rs1_0.last_read_at,
        rs1_0.updated_at,
        rs1_0.user_id 
    from
        read_statuses rs1_0 
    where
        rs1_0.user_id=?
25-11-05 09:32:36.172 [http-nio-8080-exec-2] TRACE org.hibernate.orm.jdbc.bind - binding parameter (1:UUID) <- [095d2689-7c70-4d41-9a69-4cd992d2bd12]
25-11-05 09:32:39.150 [http-nio-8080-exec-1] DEBUG org.hibernate.SQL - 
    select
        rs1_0.id,
        rs1_0.channel_id,
        rs1_0.created_at,
        rs1_0.last_read_at,
        rs1_0.updated_at,
        rs1_0.user_id 
    from
        read_statuses rs1_0 
    where
        rs1_0.user_id=?
25-11-05 09:32:39.150 [http-nio-8080-exec-1] TRACE org.hibernate.orm.jdbc.bind - binding parameter (1:UUID) <- [095d2689-7c70-4d41-9a69-4cd992d2bd12]
25-11-05 09:32:39.155 [http-nio-8080-exec-1] DEBUG org.hibernate.SQL - 
    select
        c1_0.id,
        c1_0.created_at,
        c1_0.description,
        c1_0.name,
        c1_0.type,
        c1_0.updated_at 
    from
        channels c1_0 
    where
        c1_0.type=? 
        or c1_0.id in (?)
25-11-05 09:32:39.155 [http-nio-8080-exec-1] TRACE org.hibernate.orm.jdbc.bind - binding parameter (1:VARCHAR) <- [PUBLIC]
25-11-05 09:32:39.156 [http-nio-8080-exec-1] TRACE org.hibernate.orm.jdbc.bind - binding parameter (2:UUID) <- [null]
25-11-05 09:32:39.159 [http-nio-8080-exec-1] DEBUG org.hibernate.SQL - 
    select
        m1_0.created_at 
    from
        messages m1_0 
    where
        m1_0.channel_id=? 
    order by
        m1_0.created_at desc 
    fetch
        first 1 rows only
25-11-05 09:32:39.160 [http-nio-8080-exec-1] TRACE org.hibernate.orm.jdbc.bind - binding parameter (1:UUID) <- [83a5759b-95ff-499b-813b-3de24059a258]
25-11-05 09:32:39.174 [http-nio-8080-exec-8] DEBUG org.hibernate.SQL - 
    select
        rs1_0.id,
        rs1_0.channel_id,
        rs1_0.created_at,
        rs1_0.last_read_at,
        rs1_0.updated_at,
        rs1_0.user_id 
    from
        read_statuses rs1_0 
    where
        rs1_0.user_id=?
25-11-05 09:32:39.174 [http-nio-8080-exec-8] TRACE org.hibernate.orm.jdbc.bind - binding parameter (1:UUID) <- [095d2689-7c70-4d41-9a69-4cd992d2bd12]
25-11-05 09:32:42.143 [http-nio-8080-exec-10] DEBUG org.hibernate.SQL - 
    select
        rs1_0.id,
        rs1_0.channel_id,
        rs1_0.created_at,
        rs1_0.last_read_at,
        rs1_0.updated_at,
        rs1_0.user_id 
    from
        read_statuses rs1_0 
    where
        rs1_0.user_id=?
25-11-05 09:32:42.143 [http-nio-8080-exec-10] TRACE org.hibernate.orm.jdbc.bind - binding parameter (1:UUID) <- [095d2689-7c70-4d41-9a69-4cd992d2bd12]
25-11-05 09:32:42.146 [http-nio-8080-exec-10] DEBUG org.hibernate.SQL - 
    select
        c1_0.id,
        c1_0.created_at,
        c1_0.description,
        c1_0.name,
        c1_0.type,
        c1_0.updated_at 
    from
        channels c1_0 
    where
        c1_0.type=? 
        or c1_0.id in (?)
25-11-05 09:32:42.147 [http-nio-8080-exec-10] TRACE org.hibernate.orm.jdbc.bind - binding parameter (1:VARCHAR) <- [PUBLIC]
25-11-05 09:32:42.147 [http-nio-8080-exec-10] TRACE org.hibernate.orm.jdbc.bind - binding parameter (2:UUID) <- [null]
25-11-05 09:32:42.149 [http-nio-8080-exec-10] DEBUG org.hibernate.SQL - 
    select
        m1_0.created_at 
    from
        messages m1_0 
    where
        m1_0.channel_id=? 
    order by
        m1_0.created_at desc 
    fetch
        first 1 rows only
25-11-05 09:32:42.150 [http-nio-8080-exec-10] TRACE org.hibernate.orm.jdbc.bind - binding parameter (1:UUID) <- [83a5759b-95ff-499b-813b-3de24059a258]
25-11-05 09:32:42.161 [http-nio-8080-exec-5] DEBUG org.hibernate.SQL - 
    select
        rs1_0.id,
        rs1_0.channel_id,
        rs1_0.created_at,
        rs1_0.last_read_at,
        rs1_0.updated_at,
        rs1_0.user_id 
    from
        read_statuses rs1_0 
    where
        rs1_0.user_id=?
25-11-05 09:32:42.164 [http-nio-8080-exec-5] TRACE org.hibernate.orm.jdbc.bind - binding parameter (1:UUID) <- [095d2689-7c70-4d41-9a69-4cd992d2bd12]
25-11-05 09:32:45.144 [http-nio-8080-exec-3] DEBUG org.hibernate.SQL - 
    select
        rs1_0.id,
        rs1_0.channel_id,
        rs1_0.created_at,
        rs1_0.last_read_at,
        rs1_0.updated_at,
        rs1_0.user_id 
    from
        read_statuses rs1_0 
    where
        rs1_0.user_id=?
25-11-05 09:32:45.144 [http-nio-8080-exec-3] TRACE org.hibernate.orm.jdbc.bind - binding parameter (1:UUID) <- [095d2689-7c70-4d41-9a69-4cd992d2bd12]
25-11-05 09:32:45.157 [http-nio-8080-exec-3] DEBUG org.hibernate.SQL - 
    select
        c1_0.id,
        c1_0.created_at,
        c1_0.description,
        c1_0.name,
        c1_0.type,
        c1_0.updated_at 
    from
        channels c1_0 
    where
        c1_0.type=? 
        or c1_0.id in (?)
25-11-05 09:32:45.157 [http-nio-8080-exec-3] TRACE org.hibernate.orm.jdbc.bind - binding parameter (1:VARCHAR) <- [PUBLIC]
25-11-05 09:32:45.157 [http-nio-8080-exec-3] TRACE org.hibernate.orm.jdbc.bind - binding parameter (2:UUID) <- [null]
25-11-05 09:32:45.161 [http-nio-8080-exec-3] DEBUG org.hibernate.SQL - 
    select
        m1_0.created_at 
    from
        messages m1_0 
    where
        m1_0.channel_id=? 
    order by
        m1_0.created_at desc 
    fetch
        first 1 rows only
25-11-05 09:32:45.162 [http-nio-8080-exec-3] TRACE org.hibernate.orm.jdbc.bind - binding parameter (1:UUID) <- [83a5759b-95ff-499b-813b-3de24059a258]
25-11-05 09:32:45.175 [http-nio-8080-exec-4] DEBUG org.hibernate.SQL - 
    select
        rs1_0.id,
        rs1_0.channel_id,
        rs1_0.created_at,
        rs1_0.last_read_at,
        rs1_0.updated_at,
        rs1_0.user_id 
    from
        read_statuses rs1_0 
    where
        rs1_0.user_id=?
25-11-05 09:32:45.177 [http-nio-8080-exec-4] TRACE org.hibernate.orm.jdbc.bind - binding parameter (1:UUID) <- [095d2689-7c70-4d41-9a69-4cd992d2bd12]
25-11-05 09:32:48.150 [http-nio-8080-exec-6] DEBUG org.hibernate.SQL - 
    select
        rs1_0.id,
        rs1_0.channel_id,
        rs1_0.created_at,
        rs1_0.last_read_at,
        rs1_0.updated_at,
        rs1_0.user_id 
    from
        read_statuses rs1_0 
    where
        rs1_0.user_id=?
25-11-05 09:32:48.150 [http-nio-8080-exec-6] TRACE org.hibernate.orm.jdbc.bind - binding parameter (1:UUID) <- [095d2689-7c70-4d41-9a69-4cd992d2bd12]
25-11-05 09:32:48.154 [http-nio-8080-exec-6] DEBUG org.hibernate.SQL - 
    select
        c1_0.id,
        c1_0.created_at,
        c1_0.description,
        c1_0.name,
        c1_0.type,
        c1_0.updated_at 
    from
        channels c1_0 
    where
        c1_0.type=? 
        or c1_0.id in (?)
25-11-05 09:32:48.155 [http-nio-8080-exec-6] TRACE org.hibernate.orm.jdbc.bind - binding parameter (1:VARCHAR) <- [PUBLIC]
25-11-05 09:32:48.156 [http-nio-8080-exec-6] TRACE org.hibernate.orm.jdbc.bind - binding parameter (2:UUID) <- [null]
25-11-05 09:32:48.160 [http-nio-8080-exec-6] DEBUG org.hibernate.SQL - 
    select
        m1_0.created_at 
    from
        messages m1_0 
    where
        m1_0.channel_id=? 
    order by
        m1_0.created_at desc 
    fetch
        first 1 rows only
25-11-05 09:32:48.161 [http-nio-8080-exec-6] TRACE org.hibernate.orm.jdbc.bind - binding parameter (1:UUID) <- [83a5759b-95ff-499b-813b-3de24059a258]
25-11-05 09:32:48.180 [http-nio-8080-exec-2] DEBUG org.hibernate.SQL - 
    select
        rs1_0.id,
        rs1_0.channel_id,
        rs1_0.created_at,
        rs1_0.last_read_at,
        rs1_0.updated_at,
        rs1_0.user_id 
    from
        read_statuses rs1_0 
    where
        rs1_0.user_id=?
25-11-05 09:32:48.184 [http-nio-8080-exec-2] TRACE org.hibernate.orm.jdbc.bind - binding parameter (1:UUID) <- [095d2689-7c70-4d41-9a69-4cd992d2bd12]
25-11-05 09:32:50.759 [http-nio-8080-exec-9] INFO  c.s.m.d.controller.UserController - 유저 상태 업데이트 요청 수신: userId=095d2689-7c70-4d41-9a69-4cd992d2bd12, newLastActiveAt=2025-11-05T00:32:50.755Z
25-11-05 09:32:50.760 [http-nio-8080-exec-1] DEBUG org.hibernate.SQL - 
    select
        u1_0.id,
        u1_0.created_at,
        u1_0.email,
        u1_0.password,
        p1_0.id,
        p1_0.content_type,
        p1_0.created_at,
        p1_0.file_name,
        p1_0.size,
        s1_0.id,
        s1_0.created_at,
        s1_0.last_active_at,
        s1_0.updated_at,
        s1_0.user_id,
        u1_0.updated_at,
        u1_0.username 
    from
        users u1_0 
    left join
        binary_contents p1_0 
            on p1_0.id=u1_0.profile_id 
    join
        user_statuses s1_0 
            on u1_0.id=s1_0.user_id
25-11-05 09:32:50.764 [http-nio-8080-exec-9] DEBUG org.hibernate.SQL - 
    select
        us1_0.id,
        us1_0.created_at,
        us1_0.last_active_at,
        us1_0.updated_at,
        us1_0.user_id 
    from
        user_statuses us1_0 
    where
        us1_0.user_id=?
25-11-05 09:32:50.764 [http-nio-8080-exec-9] TRACE org.hibernate.orm.jdbc.bind - binding parameter (1:UUID) <- [095d2689-7c70-4d41-9a69-4cd992d2bd12]
25-11-05 09:32:50.768 [http-nio-8080-exec-1] INFO  c.s.m.d.s.basic.BasicUserService - 모든 유저 목록 조회 완료. 총 3명
25-11-05 09:32:50.768 [http-nio-8080-exec-1] INFO  c.s.m.d.controller.UserController - 모든 유저 목록 조회 완료. 총 3명
25-11-05 09:32:50.768 [http-nio-8080-exec-9] DEBUG org.hibernate.SQL - 
    update
        user_statuses 
    set
        last_active_at=?,
        updated_at=?,
        user_id=? 
    where
        id=?
25-11-05 09:32:50.768 [http-nio-8080-exec-9] TRACE org.hibernate.orm.jdbc.bind - binding parameter (1:TIMESTAMP_UTC) <- [2025-11-05T00:32:50.755Z]
25-11-05 09:32:50.769 [http-nio-8080-exec-9] TRACE org.hibernate.orm.jdbc.bind - binding parameter (2:TIMESTAMP_UTC) <- [2025-11-05T00:32:50.768122100Z]
25-11-05 09:32:50.769 [http-nio-8080-exec-9] TRACE org.hibernate.orm.jdbc.bind - binding parameter (3:UUID) <- [095d2689-7c70-4d41-9a69-4cd992d2bd12]
25-11-05 09:32:50.769 [http-nio-8080-exec-9] TRACE org.hibernate.orm.jdbc.bind - binding parameter (4:UUID) <- [99a8276f-308b-4b19-960a-9a03b8059380]
25-11-05 09:32:50.777 [http-nio-8080-exec-8] DEBUG org.hibernate.SQL - 
    select
        rs1_0.id,
        rs1_0.channel_id,
        rs1_0.created_at,
        rs1_0.last_read_at,
        rs1_0.updated_at,
        rs1_0.user_id 
    from
        read_statuses rs1_0 
    where
        rs1_0.user_id=?
25-11-05 09:32:50.777 [http-nio-8080-exec-10] DEBUG org.hibernate.SQL - 
    select
        rs1_0.id,
        rs1_0.channel_id,
        rs1_0.created_at,
        rs1_0.last_read_at,
        rs1_0.updated_at,
        rs1_0.user_id 
    from
        read_statuses rs1_0 
    where
        rs1_0.user_id=?
25-11-05 09:32:50.777 [http-nio-8080-exec-8] TRACE org.hibernate.orm.jdbc.bind - binding parameter (1:UUID) <- [095d2689-7c70-4d41-9a69-4cd992d2bd12]
25-11-05 09:32:50.780 [http-nio-8080-exec-10] TRACE org.hibernate.orm.jdbc.bind - binding parameter (1:UUID) <- [095d2689-7c70-4d41-9a69-4cd992d2bd12]
25-11-05 09:32:50.782 [http-nio-8080-exec-8] DEBUG org.hibernate.SQL - 
    select
        c1_0.id,
        c1_0.created_at,
        c1_0.description,
        c1_0.name,
        c1_0.type,
        c1_0.updated_at 
    from
        channels c1_0 
    where
        c1_0.type=? 
        or c1_0.id in (?)
25-11-05 09:32:50.783 [http-nio-8080-exec-8] TRACE org.hibernate.orm.jdbc.bind - binding parameter (1:VARCHAR) <- [PUBLIC]
25-11-05 09:32:50.783 [http-nio-8080-exec-8] TRACE org.hibernate.orm.jdbc.bind - binding parameter (2:UUID) <- [null]
25-11-05 09:32:50.784 [http-nio-8080-exec-9] INFO  c.s.m.d.controller.UserController - 유저 상태 업데이트 성공: userId=095d2689-7c70-4d41-9a69-4cd992d2bd12, newLastActiveAt=2025-11-05T00:32:50.755Z
25-11-05 09:32:50.788 [http-nio-8080-exec-8] DEBUG org.hibernate.SQL - 
    select
        m1_0.created_at 
    from
        messages m1_0 
    where
        m1_0.channel_id=? 
    order by
        m1_0.created_at desc 
    fetch
        first 1 rows only
25-11-05 09:32:50.789 [http-nio-8080-exec-8] TRACE org.hibernate.orm.jdbc.bind - binding parameter (1:UUID) <- [83a5759b-95ff-499b-813b-3de24059a258]
25-11-05 09:32:50.801 [http-nio-8080-exec-5] DEBUG org.hibernate.SQL - 
    select
        rs1_0.id,
        rs1_0.channel_id,
        rs1_0.created_at,
        rs1_0.last_read_at,
        rs1_0.updated_at,
        rs1_0.user_id 
    from
        read_statuses rs1_0 
    where
        rs1_0.user_id=?
25-11-05 09:32:50.804 [http-nio-8080-exec-5] TRACE org.hibernate.orm.jdbc.bind - binding parameter (1:UUID) <- [095d2689-7c70-4d41-9a69-4cd992d2bd12]
25-11-05 09:32:53.781 [http-nio-8080-exec-3] DEBUG org.hibernate.SQL - 
    select
        rs1_0.id,
        rs1_0.channel_id,
        rs1_0.created_at,
        rs1_0.last_read_at,
        rs1_0.updated_at,
        rs1_0.user_id 
    from
        read_statuses rs1_0 
    where
        rs1_0.user_id=?
25-11-05 09:32:53.781 [http-nio-8080-exec-3] TRACE org.hibernate.orm.jdbc.bind - binding parameter (1:UUID) <- [095d2689-7c70-4d41-9a69-4cd992d2bd12]
25-11-05 09:32:53.785 [http-nio-8080-exec-3] DEBUG org.hibernate.SQL - 
    select
        c1_0.id,
        c1_0.created_at,
        c1_0.description,
        c1_0.name,
        c1_0.type,
        c1_0.updated_at 
    from
        channels c1_0 
    where
        c1_0.type=? 
        or c1_0.id in (?)
25-11-05 09:32:53.786 [http-nio-8080-exec-3] TRACE org.hibernate.orm.jdbc.bind - binding parameter (1:VARCHAR) <- [PUBLIC]
25-11-05 09:32:53.786 [http-nio-8080-exec-3] TRACE org.hibernate.orm.jdbc.bind - binding parameter (2:UUID) <- [null]
25-11-05 09:32:53.790 [http-nio-8080-exec-3] DEBUG org.hibernate.SQL - 
    select
        m1_0.created_at 
    from
        messages m1_0 
    where
        m1_0.channel_id=? 
    order by
        m1_0.created_at desc 
    fetch
        first 1 rows only
25-11-05 09:32:53.790 [http-nio-8080-exec-3] TRACE org.hibernate.orm.jdbc.bind - binding parameter (1:UUID) <- [83a5759b-95ff-499b-813b-3de24059a258]
25-11-05 09:32:53.807 [http-nio-8080-exec-4] DEBUG org.hibernate.SQL - 
    select
        rs1_0.id,
        rs1_0.channel_id,
        rs1_0.created_at,
        rs1_0.last_read_at,
        rs1_0.updated_at,
        rs1_0.user_id 
    from
        read_statuses rs1_0 
    where
        rs1_0.user_id=?
25-11-05 09:32:53.810 [http-nio-8080-exec-4] TRACE org.hibernate.orm.jdbc.bind - binding parameter (1:UUID) <- [095d2689-7c70-4d41-9a69-4cd992d2bd12]
25-11-05 09:32:56.782 [http-nio-8080-exec-7] DEBUG org.hibernate.SQL - 
    select
        rs1_0.id,
        rs1_0.channel_id,
        rs1_0.created_at,
        rs1_0.last_read_at,
        rs1_0.updated_at,
        rs1_0.user_id 
    from
        read_statuses rs1_0 
    where
        rs1_0.user_id=?
25-11-05 09:32:56.782 [http-nio-8080-exec-7] TRACE org.hibernate.orm.jdbc.bind - binding parameter (1:UUID) <- [095d2689-7c70-4d41-9a69-4cd992d2bd12]
25-11-05 09:32:56.786 [http-nio-8080-exec-7] DEBUG org.hibernate.SQL - 
    select
        c1_0.id,
        c1_0.created_at,
        c1_0.description,
        c1_0.name,
        c1_0.type,
        c1_0.updated_at 
    from
        channels c1_0 
    where
        c1_0.type=? 
        or c1_0.id in (?)
25-11-05 09:32:56.786 [http-nio-8080-exec-7] TRACE org.hibernate.orm.jdbc.bind - binding parameter (1:VARCHAR) <- [PUBLIC]
25-11-05 09:32:56.787 [http-nio-8080-exec-7] TRACE org.hibernate.orm.jdbc.bind - binding parameter (2:UUID) <- [null]
25-11-05 09:32:56.790 [http-nio-8080-exec-7] DEBUG org.hibernate.SQL - 
    select
        m1_0.created_at 
    from
        messages m1_0 
    where
        m1_0.channel_id=? 
    order by
        m1_0.created_at desc 
    fetch
        first 1 rows only
25-11-05 09:32:56.790 [http-nio-8080-exec-7] TRACE org.hibernate.orm.jdbc.bind - binding parameter (1:UUID) <- [83a5759b-95ff-499b-813b-3de24059a258]
25-11-05 09:32:56.804 [http-nio-8080-exec-6] DEBUG org.hibernate.SQL - 
    select
        rs1_0.id,
        rs1_0.channel_id,
        rs1_0.created_at,
        rs1_0.last_read_at,
        rs1_0.updated_at,
        rs1_0.user_id 
    from
        read_statuses rs1_0 
    where
        rs1_0.user_id=?
25-11-05 09:32:56.805 [http-nio-8080-exec-6] TRACE org.hibernate.orm.jdbc.bind - binding parameter (1:UUID) <- [095d2689-7c70-4d41-9a69-4cd992d2bd12]
25-11-05 09:32:59.783 [http-nio-8080-exec-2] DEBUG org.hibernate.SQL - 
    select
        rs1_0.id,
        rs1_0.channel_id,
        rs1_0.created_at,
        rs1_0.last_read_at,
        rs1_0.updated_at,
        rs1_0.user_id 
    from
        read_statuses rs1_0 
    where
        rs1_0.user_id=?
25-11-05 09:32:59.784 [http-nio-8080-exec-2] TRACE org.hibernate.orm.jdbc.bind - binding parameter (1:UUID) <- [095d2689-7c70-4d41-9a69-4cd992d2bd12]
25-11-05 09:32:59.788 [http-nio-8080-exec-2] DEBUG org.hibernate.SQL - 
    select
        c1_0.id,
        c1_0.created_at,
        c1_0.description,
        c1_0.name,
        c1_0.type,
        c1_0.updated_at 
    from
        channels c1_0 
    where
        c1_0.type=? 
        or c1_0.id in (?)
25-11-05 09:32:59.789 [http-nio-8080-exec-2] TRACE org.hibernate.orm.jdbc.bind - binding parameter (1:VARCHAR) <- [PUBLIC]
25-11-05 09:32:59.789 [http-nio-8080-exec-2] TRACE org.hibernate.orm.jdbc.bind - binding parameter (2:UUID) <- [null]
25-11-05 09:32:59.793 [http-nio-8080-exec-2] DEBUG org.hibernate.SQL - 
    select
        m1_0.created_at 
    from
        messages m1_0 
    where
        m1_0.channel_id=? 
    order by
        m1_0.created_at desc 
    fetch
        first 1 rows only
25-11-05 09:32:59.793 [http-nio-8080-exec-2] TRACE org.hibernate.orm.jdbc.bind - binding parameter (1:UUID) <- [83a5759b-95ff-499b-813b-3de24059a258]
25-11-05 09:32:59.809 [http-nio-8080-exec-1] DEBUG org.hibernate.SQL - 
    select
        rs1_0.id,
        rs1_0.channel_id,
        rs1_0.created_at,
        rs1_0.last_read_at,
        rs1_0.updated_at,
        rs1_0.user_id 
    from
        read_statuses rs1_0 
    where
        rs1_0.user_id=?
25-11-05 09:32:59.809 [http-nio-8080-exec-1] TRACE org.hibernate.orm.jdbc.bind - binding parameter (1:UUID) <- [095d2689-7c70-4d41-9a69-4cd992d2bd12]
25-11-05 09:33:02.780 [http-nio-8080-exec-5] DEBUG org.hibernate.SQL - 
    select
        rs1_0.id,
        rs1_0.channel_id,
        rs1_0.created_at,
        rs1_0.last_read_at,
        rs1_0.updated_at,
        rs1_0.user_id 
    from
        read_statuses rs1_0 
    where
        rs1_0.user_id=?
25-11-05 09:33:02.780 [http-nio-8080-exec-5] TRACE org.hibernate.orm.jdbc.bind - binding parameter (1:UUID) <- [095d2689-7c70-4d41-9a69-4cd992d2bd12]
25-11-05 09:33:02.785 [http-nio-8080-exec-5] DEBUG org.hibernate.SQL - 
    select
        c1_0.id,
        c1_0.created_at,
        c1_0.description,
        c1_0.name,
        c1_0.type,
        c1_0.updated_at 
    from
        channels c1_0 
    where
        c1_0.type=? 
        or c1_0.id in (?)
25-11-05 09:33:02.785 [http-nio-8080-exec-5] TRACE org.hibernate.orm.jdbc.bind - binding parameter (1:VARCHAR) <- [PUBLIC]
25-11-05 09:33:02.785 [http-nio-8080-exec-5] TRACE org.hibernate.orm.jdbc.bind - binding parameter (2:UUID) <- [null]
25-11-05 09:33:02.788 [http-nio-8080-exec-5] DEBUG org.hibernate.SQL - 
    select
        m1_0.created_at 
    from
        messages m1_0 
    where
        m1_0.channel_id=? 
    order by
        m1_0.created_at desc 
    fetch
        first 1 rows only
25-11-05 09:33:02.789 [http-nio-8080-exec-5] TRACE org.hibernate.orm.jdbc.bind - binding parameter (1:UUID) <- [83a5759b-95ff-499b-813b-3de24059a258]
25-11-05 09:33:02.801 [http-nio-8080-exec-3] DEBUG org.hibernate.SQL - 
    select
        rs1_0.id,
        rs1_0.channel_id,
        rs1_0.created_at,
        rs1_0.last_read_at,
        rs1_0.updated_at,
        rs1_0.user_id 
    from
        read_statuses rs1_0 
    where
        rs1_0.user_id=?
25-11-05 09:33:02.804 [http-nio-8080-exec-3] TRACE org.hibernate.orm.jdbc.bind - binding parameter (1:UUID) <- [095d2689-7c70-4d41-9a69-4cd992d2bd12]
25-11-05 09:33:05.783 [http-nio-8080-exec-4] DEBUG org.hibernate.SQL - 
    select
        rs1_0.id,
        rs1_0.channel_id,
        rs1_0.created_at,
        rs1_0.last_read_at,
        rs1_0.updated_at,
        rs1_0.user_id 
    from
        read_statuses rs1_0 
    where
        rs1_0.user_id=?
25-11-05 09:33:05.783 [http-nio-8080-exec-4] TRACE org.hibernate.orm.jdbc.bind - binding parameter (1:UUID) <- [095d2689-7c70-4d41-9a69-4cd992d2bd12]
25-11-05 09:33:05.788 [http-nio-8080-exec-4] DEBUG org.hibernate.SQL - 
    select
        c1_0.id,
        c1_0.created_at,
        c1_0.description,
        c1_0.name,
        c1_0.type,
        c1_0.updated_at 
    from
        channels c1_0 
    where
        c1_0.type=? 
        or c1_0.id in (?)
25-11-05 09:33:05.789 [http-nio-8080-exec-4] TRACE org.hibernate.orm.jdbc.bind - binding parameter (1:VARCHAR) <- [PUBLIC]
25-11-05 09:33:05.789 [http-nio-8080-exec-4] TRACE org.hibernate.orm.jdbc.bind - binding parameter (2:UUID) <- [null]
25-11-05 09:33:05.794 [http-nio-8080-exec-4] DEBUG org.hibernate.SQL - 
    select
        m1_0.created_at 
    from
        messages m1_0 
    where
        m1_0.channel_id=? 
    order by
        m1_0.created_at desc 
    fetch
        first 1 rows only
25-11-05 09:33:05.794 [http-nio-8080-exec-4] TRACE org.hibernate.orm.jdbc.bind - binding parameter (1:UUID) <- [83a5759b-95ff-499b-813b-3de24059a258]
25-11-05 09:33:05.809 [http-nio-8080-exec-7] DEBUG org.hibernate.SQL - 
    select
        rs1_0.id,
        rs1_0.channel_id,
        rs1_0.created_at,
        rs1_0.last_read_at,
        rs1_0.updated_at,
        rs1_0.user_id 
    from
        read_statuses rs1_0 
    where
        rs1_0.user_id=?
25-11-05 09:33:05.812 [http-nio-8080-exec-7] TRACE org.hibernate.orm.jdbc.bind - binding parameter (1:UUID) <- [095d2689-7c70-4d41-9a69-4cd992d2bd12]
25-11-05 09:33:08.780 [http-nio-8080-exec-6] DEBUG org.hibernate.SQL - 
    select
        rs1_0.id,
        rs1_0.channel_id,
        rs1_0.created_at,
        rs1_0.last_read_at,
        rs1_0.updated_at,
        rs1_0.user_id 
    from
        read_statuses rs1_0 
    where
        rs1_0.user_id=?
25-11-05 09:33:08.780 [http-nio-8080-exec-6] TRACE org.hibernate.orm.jdbc.bind - binding parameter (1:UUID) <- [095d2689-7c70-4d41-9a69-4cd992d2bd12]
25-11-05 09:33:08.786 [http-nio-8080-exec-6] DEBUG org.hibernate.SQL - 
    select
        c1_0.id,
        c1_0.created_at,
        c1_0.description,
        c1_0.name,
        c1_0.type,
        c1_0.updated_at 
    from
        channels c1_0 
    where
        c1_0.type=? 
        or c1_0.id in (?)
25-11-05 09:33:08.786 [http-nio-8080-exec-6] TRACE org.hibernate.orm.jdbc.bind - binding parameter (1:VARCHAR) <- [PUBLIC]
25-11-05 09:33:08.786 [http-nio-8080-exec-6] TRACE org.hibernate.orm.jdbc.bind - binding parameter (2:UUID) <- [null]
25-11-05 09:33:08.789 [http-nio-8080-exec-6] DEBUG org.hibernate.SQL - 
    select
        m1_0.created_at 
    from
        messages m1_0 
    where
        m1_0.channel_id=? 
    order by
        m1_0.created_at desc 
    fetch
        first 1 rows only
25-11-05 09:33:08.789 [http-nio-8080-exec-6] TRACE org.hibernate.orm.jdbc.bind - binding parameter (1:UUID) <- [83a5759b-95ff-499b-813b-3de24059a258]
25-11-05 09:33:08.803 [http-nio-8080-exec-2] DEBUG org.hibernate.SQL - 
    select
        rs1_0.id,
        rs1_0.channel_id,
        rs1_0.created_at,
        rs1_0.last_read_at,
        rs1_0.updated_at,
        rs1_0.user_id 
    from
        read_statuses rs1_0 
    where
        rs1_0.user_id=?
25-11-05 09:33:08.805 [http-nio-8080-exec-2] TRACE org.hibernate.orm.jdbc.bind - binding parameter (1:UUID) <- [095d2689-7c70-4d41-9a69-4cd992d2bd12]
25-11-05 09:33:11.782 [http-nio-8080-exec-1] DEBUG org.hibernate.SQL - 
    select
        rs1_0.id,
        rs1_0.channel_id,
        rs1_0.created_at,
        rs1_0.last_read_at,
        rs1_0.updated_at,
        rs1_0.user_id 
    from
        read_statuses rs1_0 
    where
        rs1_0.user_id=?
25-11-05 09:33:11.783 [http-nio-8080-exec-1] TRACE org.hibernate.orm.jdbc.bind - binding parameter (1:UUID) <- [095d2689-7c70-4d41-9a69-4cd992d2bd12]
25-11-05 09:33:11.787 [http-nio-8080-exec-1] DEBUG org.hibernate.SQL - 
    select
        c1_0.id,
        c1_0.created_at,
        c1_0.description,
        c1_0.name,
        c1_0.type,
        c1_0.updated_at 
    from
        channels c1_0 
    where
        c1_0.type=? 
        or c1_0.id in (?)
25-11-05 09:33:11.787 [http-nio-8080-exec-1] TRACE org.hibernate.orm.jdbc.bind - binding parameter (1:VARCHAR) <- [PUBLIC]
25-11-05 09:33:11.788 [http-nio-8080-exec-1] TRACE org.hibernate.orm.jdbc.bind - binding parameter (2:UUID) <- [null]
25-11-05 09:33:11.791 [http-nio-8080-exec-1] DEBUG org.hibernate.SQL - 
    select
        m1_0.created_at 
    from
        messages m1_0 
    where
        m1_0.channel_id=? 
    order by
        m1_0.created_at desc 
    fetch
        first 1 rows only
25-11-05 09:33:11.792 [http-nio-8080-exec-1] TRACE org.hibernate.orm.jdbc.bind - binding parameter (1:UUID) <- [83a5759b-95ff-499b-813b-3de24059a258]
25-11-05 09:33:11.806 [http-nio-8080-exec-8] DEBUG org.hibernate.SQL - 
    select
        rs1_0.id,
        rs1_0.channel_id,
        rs1_0.created_at,
        rs1_0.last_read_at,
        rs1_0.updated_at,
        rs1_0.user_id 
    from
        read_statuses rs1_0 
    where
        rs1_0.user_id=?
25-11-05 09:33:11.806 [http-nio-8080-exec-8] TRACE org.hibernate.orm.jdbc.bind - binding parameter (1:UUID) <- [095d2689-7c70-4d41-9a69-4cd992d2bd12]
25-11-05 09:33:14.784 [http-nio-8080-exec-9] DEBUG org.hibernate.SQL - 
    select
        rs1_0.id,
        rs1_0.channel_id,
        rs1_0.created_at,
        rs1_0.last_read_at,
        rs1_0.updated_at,
        rs1_0.user_id 
    from
        read_statuses rs1_0 
    where
        rs1_0.user_id=?
25-11-05 09:33:14.784 [http-nio-8080-exec-9] TRACE org.hibernate.orm.jdbc.bind - binding parameter (1:UUID) <- [095d2689-7c70-4d41-9a69-4cd992d2bd12]
25-11-05 09:33:14.789 [http-nio-8080-exec-9] DEBUG org.hibernate.SQL - 
    select
        c1_0.id,
        c1_0.created_at,
        c1_0.description,
        c1_0.name,
        c1_0.type,
        c1_0.updated_at 
    from
        channels c1_0 
    where
        c1_0.type=? 
        or c1_0.id in (?)
25-11-05 09:33:14.789 [http-nio-8080-exec-9] TRACE org.hibernate.orm.jdbc.bind - binding parameter (1:VARCHAR) <- [PUBLIC]
25-11-05 09:33:14.790 [http-nio-8080-exec-9] TRACE org.hibernate.orm.jdbc.bind - binding parameter (2:UUID) <- [null]
25-11-05 09:33:14.795 [http-nio-8080-exec-9] DEBUG org.hibernate.SQL - 
    select
        m1_0.created_at 
    from
        messages m1_0 
    where
        m1_0.channel_id=? 
    order by
        m1_0.created_at desc 
    fetch
        first 1 rows only
25-11-05 09:33:14.795 [http-nio-8080-exec-9] TRACE org.hibernate.orm.jdbc.bind - binding parameter (1:UUID) <- [83a5759b-95ff-499b-813b-3de24059a258]
25-11-05 09:33:14.810 [http-nio-8080-exec-5] DEBUG org.hibernate.SQL - 
    select
        rs1_0.id,
        rs1_0.channel_id,
        rs1_0.created_at,
        rs1_0.last_read_at,
        rs1_0.updated_at,
        rs1_0.user_id 
    from
        read_statuses rs1_0 
    where
        rs1_0.user_id=?
25-11-05 09:33:14.812 [http-nio-8080-exec-5] TRACE org.hibernate.orm.jdbc.bind - binding parameter (1:UUID) <- [095d2689-7c70-4d41-9a69-4cd992d2bd12]
25-11-05 09:33:17.788 [http-nio-8080-exec-3] DEBUG org.hibernate.SQL - 
    select
        rs1_0.id,
        rs1_0.channel_id,
        rs1_0.created_at,
        rs1_0.last_read_at,
        rs1_0.updated_at,
        rs1_0.user_id 
    from
        read_statuses rs1_0 
    where
        rs1_0.user_id=?
25-11-05 09:33:17.789 [http-nio-8080-exec-3] TRACE org.hibernate.orm.jdbc.bind - binding parameter (1:UUID) <- [095d2689-7c70-4d41-9a69-4cd992d2bd12]
25-11-05 09:33:17.793 [http-nio-8080-exec-3] DEBUG org.hibernate.SQL - 
    select
        c1_0.id,
        c1_0.created_at,
        c1_0.description,
        c1_0.name,
        c1_0.type,
        c1_0.updated_at 
    from
        channels c1_0 
    where
        c1_0.type=? 
        or c1_0.id in (?)
25-11-05 09:33:17.795 [http-nio-8080-exec-3] TRACE org.hibernate.orm.jdbc.bind - binding parameter (1:VARCHAR) <- [PUBLIC]
25-11-05 09:33:17.795 [http-nio-8080-exec-3] TRACE org.hibernate.orm.jdbc.bind - binding parameter (2:UUID) <- [null]
25-11-05 09:33:17.799 [http-nio-8080-exec-3] DEBUG org.hibernate.SQL - 
    select
        m1_0.created_at 
    from
        messages m1_0 
    where
        m1_0.channel_id=? 
    order by
        m1_0.created_at desc 
    fetch
        first 1 rows only
25-11-05 09:33:17.800 [http-nio-8080-exec-3] TRACE org.hibernate.orm.jdbc.bind - binding parameter (1:UUID) <- [83a5759b-95ff-499b-813b-3de24059a258]
25-11-05 09:33:17.820 [http-nio-8080-exec-4] DEBUG org.hibernate.SQL - 
    select
        rs1_0.id,
        rs1_0.channel_id,
        rs1_0.created_at,
        rs1_0.last_read_at,
        rs1_0.updated_at,
        rs1_0.user_id 
    from
        read_statuses rs1_0 
    where
        rs1_0.user_id=?
25-11-05 09:33:17.824 [http-nio-8080-exec-4] TRACE org.hibernate.orm.jdbc.bind - binding parameter (1:UUID) <- [095d2689-7c70-4d41-9a69-4cd992d2bd12]
25-11-05 09:33:20.747 [http-nio-8080-exec-7] INFO  c.s.m.d.controller.UserController - 유저 상태 업데이트 요청 수신: userId=095d2689-7c70-4d41-9a69-4cd992d2bd12, newLastActiveAt=2025-11-05T00:33:20.743Z
25-11-05 09:33:20.752 [http-nio-8080-exec-7] DEBUG org.hibernate.SQL - 
    select
        us1_0.id,
        us1_0.created_at,
        us1_0.last_active_at,
        us1_0.updated_at,
        us1_0.user_id 
    from
        user_statuses us1_0 
    where
        us1_0.user_id=?
25-11-05 09:33:20.752 [http-nio-8080-exec-7] TRACE org.hibernate.orm.jdbc.bind - binding parameter (1:UUID) <- [095d2689-7c70-4d41-9a69-4cd992d2bd12]
25-11-05 09:33:20.757 [http-nio-8080-exec-7] DEBUG org.hibernate.SQL - 
    update
        user_statuses 
    set
        last_active_at=?,
        updated_at=?,
        user_id=? 
    where
        id=?
25-11-05 09:33:20.757 [http-nio-8080-exec-7] TRACE org.hibernate.orm.jdbc.bind - binding parameter (1:TIMESTAMP_UTC) <- [2025-11-05T00:33:20.743Z]
25-11-05 09:33:20.757 [http-nio-8080-exec-7] TRACE org.hibernate.orm.jdbc.bind - binding parameter (2:TIMESTAMP_UTC) <- [2025-11-05T00:33:20.756318Z]
25-11-05 09:33:20.757 [http-nio-8080-exec-7] TRACE org.hibernate.orm.jdbc.bind - binding parameter (3:UUID) <- [095d2689-7c70-4d41-9a69-4cd992d2bd12]
25-11-05 09:33:20.757 [http-nio-8080-exec-7] TRACE org.hibernate.orm.jdbc.bind - binding parameter (4:UUID) <- [99a8276f-308b-4b19-960a-9a03b8059380]
25-11-05 09:33:20.770 [http-nio-8080-exec-7] INFO  c.s.m.d.controller.UserController - 유저 상태 업데이트 성공: userId=095d2689-7c70-4d41-9a69-4cd992d2bd12, newLastActiveAt=2025-11-05T00:33:20.743Z
25-11-05 09:33:20.780 [http-nio-8080-exec-6] DEBUG org.hibernate.SQL - 
    select
        rs1_0.id,
        rs1_0.channel_id,
        rs1_0.created_at,
        rs1_0.last_read_at,
        rs1_0.updated_at,
        rs1_0.user_id 
    from
        read_statuses rs1_0 
    where
        rs1_0.user_id=?
25-11-05 09:33:20.780 [http-nio-8080-exec-6] TRACE org.hibernate.orm.jdbc.bind - binding parameter (1:UUID) <- [095d2689-7c70-4d41-9a69-4cd992d2bd12]
25-11-05 09:33:20.785 [http-nio-8080-exec-6] DEBUG org.hibernate.SQL - 
    select
        c1_0.id,
        c1_0.created_at,
        c1_0.description,
        c1_0.name,
        c1_0.type,
        c1_0.updated_at 
    from
        channels c1_0 
    where
        c1_0.type=? 
        or c1_0.id in (?)
25-11-05 09:33:20.785 [http-nio-8080-exec-6] TRACE org.hibernate.orm.jdbc.bind - binding parameter (1:VARCHAR) <- [PUBLIC]
25-11-05 09:33:20.785 [http-nio-8080-exec-6] TRACE org.hibernate.orm.jdbc.bind - binding parameter (2:UUID) <- [null]
25-11-05 09:33:20.788 [http-nio-8080-exec-6] DEBUG org.hibernate.SQL - 
    select
        m1_0.created_at 
    from
        messages m1_0 
    where
        m1_0.channel_id=? 
    order by
        m1_0.created_at desc 
    fetch
        first 1 rows only
25-11-05 09:33:20.788 [http-nio-8080-exec-6] TRACE org.hibernate.orm.jdbc.bind - binding parameter (1:UUID) <- [83a5759b-95ff-499b-813b-3de24059a258]
25-11-05 09:33:20.800 [http-nio-8080-exec-2] DEBUG org.hibernate.SQL - 
    select
        rs1_0.id,
        rs1_0.channel_id,
        rs1_0.created_at,
        rs1_0.last_read_at,
        rs1_0.updated_at,
        rs1_0.user_id 
    from
        read_statuses rs1_0 
    where
        rs1_0.user_id=?
25-11-05 09:33:20.801 [http-nio-8080-exec-2] TRACE org.hibernate.orm.jdbc.bind - binding parameter (1:UUID) <- [095d2689-7c70-4d41-9a69-4cd992d2bd12]
25-11-05 09:33:23.785 [http-nio-8080-exec-8] DEBUG org.hibernate.SQL - 
    select
        rs1_0.id,
        rs1_0.channel_id,
        rs1_0.created_at,
        rs1_0.last_read_at,
        rs1_0.updated_at,
        rs1_0.user_id 
    from
        read_statuses rs1_0 
    where
        rs1_0.user_id=?
25-11-05 09:33:23.785 [http-nio-8080-exec-8] TRACE org.hibernate.orm.jdbc.bind - binding parameter (1:UUID) <- [095d2689-7c70-4d41-9a69-4cd992d2bd12]
25-11-05 09:33:23.789 [http-nio-8080-exec-8] DEBUG org.hibernate.SQL - 
    select
        c1_0.id,
        c1_0.created_at,
        c1_0.description,
        c1_0.name,
        c1_0.type,
        c1_0.updated_at 
    from
        channels c1_0 
    where
        c1_0.type=? 
        or c1_0.id in (?)
25-11-05 09:33:23.790 [http-nio-8080-exec-8] TRACE org.hibernate.orm.jdbc.bind - binding parameter (1:VARCHAR) <- [PUBLIC]
25-11-05 09:33:23.790 [http-nio-8080-exec-8] TRACE org.hibernate.orm.jdbc.bind - binding parameter (2:UUID) <- [null]
25-11-05 09:33:23.794 [http-nio-8080-exec-8] DEBUG org.hibernate.SQL - 
    select
        m1_0.created_at 
    from
        messages m1_0 
    where
        m1_0.channel_id=? 
    order by
        m1_0.created_at desc 
    fetch
        first 1 rows only
25-11-05 09:33:23.795 [http-nio-8080-exec-8] TRACE org.hibernate.orm.jdbc.bind - binding parameter (1:UUID) <- [83a5759b-95ff-499b-813b-3de24059a258]
25-11-05 09:33:23.810 [http-nio-8080-exec-10] DEBUG org.hibernate.SQL - 
    select
        rs1_0.id,
        rs1_0.channel_id,
        rs1_0.created_at,
        rs1_0.last_read_at,
        rs1_0.updated_at,
        rs1_0.user_id 
    from
        read_statuses rs1_0 
    where
        rs1_0.user_id=?
25-11-05 09:33:23.813 [http-nio-8080-exec-10] TRACE org.hibernate.orm.jdbc.bind - binding parameter (1:UUID) <- [095d2689-7c70-4d41-9a69-4cd992d2bd12]
25-11-05 09:33:26.791 [http-nio-8080-exec-9] DEBUG org.hibernate.SQL - 
    select
        rs1_0.id,
        rs1_0.channel_id,
        rs1_0.created_at,
        rs1_0.last_read_at,
        rs1_0.updated_at,
        rs1_0.user_id 
    from
        read_statuses rs1_0 
    where
        rs1_0.user_id=?
25-11-05 09:33:26.792 [http-nio-8080-exec-9] TRACE org.hibernate.orm.jdbc.bind - binding parameter (1:UUID) <- [095d2689-7c70-4d41-9a69-4cd992d2bd12]
25-11-05 09:33:26.796 [http-nio-8080-exec-9] DEBUG org.hibernate.SQL - 
    select
        c1_0.id,
        c1_0.created_at,
        c1_0.description,
        c1_0.name,
        c1_0.type,
        c1_0.updated_at 
    from
        channels c1_0 
    where
        c1_0.type=? 
        or c1_0.id in (?)
25-11-05 09:33:26.796 [http-nio-8080-exec-9] TRACE org.hibernate.orm.jdbc.bind - binding parameter (1:VARCHAR) <- [PUBLIC]
25-11-05 09:33:26.796 [http-nio-8080-exec-9] TRACE org.hibernate.orm.jdbc.bind - binding parameter (2:UUID) <- [null]
25-11-05 09:33:26.801 [http-nio-8080-exec-9] DEBUG org.hibernate.SQL - 
    select
        m1_0.created_at 
    from
        messages m1_0 
    where
        m1_0.channel_id=? 
    order by
        m1_0.created_at desc 
    fetch
        first 1 rows only
25-11-05 09:33:26.801 [http-nio-8080-exec-9] TRACE org.hibernate.orm.jdbc.bind - binding parameter (1:UUID) <- [83a5759b-95ff-499b-813b-3de24059a258]
25-11-05 09:33:26.817 [http-nio-8080-exec-5] DEBUG org.hibernate.SQL - 
    select
        rs1_0.id,
        rs1_0.channel_id,
        rs1_0.created_at,
        rs1_0.last_read_at,
        rs1_0.updated_at,
        rs1_0.user_id 
    from
        read_statuses rs1_0 
    where
        rs1_0.user_id=?
25-11-05 09:33:26.820 [http-nio-8080-exec-5] TRACE org.hibernate.orm.jdbc.bind - binding parameter (1:UUID) <- [095d2689-7c70-4d41-9a69-4cd992d2bd12]
25-11-05 09:33:29.801 [http-nio-8080-exec-3] DEBUG org.hibernate.SQL - 
    select
        rs1_0.id,
        rs1_0.channel_id,
        rs1_0.created_at,
        rs1_0.last_read_at,
        rs1_0.updated_at,
        rs1_0.user_id 
    from
        read_statuses rs1_0 
    where
        rs1_0.user_id=?
25-11-05 09:33:29.802 [http-nio-8080-exec-3] TRACE org.hibernate.orm.jdbc.bind - binding parameter (1:UUID) <- [095d2689-7c70-4d41-9a69-4cd992d2bd12]
25-11-05 09:33:29.807 [http-nio-8080-exec-3] DEBUG org.hibernate.SQL - 
    select
        c1_0.id,
        c1_0.created_at,
        c1_0.description,
        c1_0.name,
        c1_0.type,
        c1_0.updated_at 
    from
        channels c1_0 
    where
        c1_0.type=? 
        or c1_0.id in (?)
25-11-05 09:33:29.808 [http-nio-8080-exec-3] TRACE org.hibernate.orm.jdbc.bind - binding parameter (1:VARCHAR) <- [PUBLIC]
25-11-05 09:33:29.808 [http-nio-8080-exec-3] TRACE org.hibernate.orm.jdbc.bind - binding parameter (2:UUID) <- [null]
25-11-05 09:33:29.812 [http-nio-8080-exec-3] DEBUG org.hibernate.SQL - 
    select
        m1_0.created_at 
    from
        messages m1_0 
    where
        m1_0.channel_id=? 
    order by
        m1_0.created_at desc 
    fetch
        first 1 rows only
25-11-05 09:33:29.812 [http-nio-8080-exec-3] TRACE org.hibernate.orm.jdbc.bind - binding parameter (1:UUID) <- [83a5759b-95ff-499b-813b-3de24059a258]
25-11-05 09:33:29.827 [http-nio-8080-exec-4] DEBUG org.hibernate.SQL - 
    select
        rs1_0.id,
        rs1_0.channel_id,
        rs1_0.created_at,
        rs1_0.last_read_at,
        rs1_0.updated_at,
        rs1_0.user_id 
    from
        read_statuses rs1_0 
    where
        rs1_0.user_id=?
25-11-05 09:33:29.829 [http-nio-8080-exec-4] TRACE org.hibernate.orm.jdbc.bind - binding parameter (1:UUID) <- [095d2689-7c70-4d41-9a69-4cd992d2bd12]
25-11-05 09:33:32.787 [http-nio-8080-exec-6] DEBUG org.hibernate.SQL - 
    select
        rs1_0.id,
        rs1_0.channel_id,
        rs1_0.created_at,
        rs1_0.last_read_at,
        rs1_0.updated_at,
        rs1_0.user_id 
    from
        read_statuses rs1_0 
    where
        rs1_0.user_id=?
25-11-05 09:33:32.788 [http-nio-8080-exec-6] TRACE org.hibernate.orm.jdbc.bind - binding parameter (1:UUID) <- [095d2689-7c70-4d41-9a69-4cd992d2bd12]
25-11-05 09:33:32.792 [http-nio-8080-exec-6] DEBUG org.hibernate.SQL - 
    select
        c1_0.id,
        c1_0.created_at,
        c1_0.description,
        c1_0.name,
        c1_0.type,
        c1_0.updated_at 
    from
        channels c1_0 
    where
        c1_0.type=? 
        or c1_0.id in (?)
25-11-05 09:33:32.793 [http-nio-8080-exec-6] TRACE org.hibernate.orm.jdbc.bind - binding parameter (1:VARCHAR) <- [PUBLIC]
25-11-05 09:33:32.793 [http-nio-8080-exec-6] TRACE org.hibernate.orm.jdbc.bind - binding parameter (2:UUID) <- [null]
25-11-05 09:33:32.795 [http-nio-8080-exec-6] DEBUG org.hibernate.SQL - 
    select
        m1_0.created_at 
    from
        messages m1_0 
    where
        m1_0.channel_id=? 
    order by
        m1_0.created_at desc 
    fetch
        first 1 rows only
25-11-05 09:33:32.796 [http-nio-8080-exec-6] TRACE org.hibernate.orm.jdbc.bind - binding parameter (1:UUID) <- [83a5759b-95ff-499b-813b-3de24059a258]
25-11-05 09:33:32.807 [http-nio-8080-exec-2] DEBUG org.hibernate.SQL - 
    select
        rs1_0.id,
        rs1_0.channel_id,
        rs1_0.created_at,
        rs1_0.last_read_at,
        rs1_0.updated_at,
        rs1_0.user_id 
    from
        read_statuses rs1_0 
    where
        rs1_0.user_id=?
25-11-05 09:33:32.810 [http-nio-8080-exec-2] TRACE org.hibernate.orm.jdbc.bind - binding parameter (1:UUID) <- [095d2689-7c70-4d41-9a69-4cd992d2bd12]
25-11-05 09:33:35.786 [http-nio-8080-exec-1] DEBUG org.hibernate.SQL - 
    select
        rs1_0.id,
        rs1_0.channel_id,
        rs1_0.created_at,
        rs1_0.last_read_at,
        rs1_0.updated_at,
        rs1_0.user_id 
    from
        read_statuses rs1_0 
    where
        rs1_0.user_id=?
25-11-05 09:33:35.786 [http-nio-8080-exec-1] TRACE org.hibernate.orm.jdbc.bind - binding parameter (1:UUID) <- [095d2689-7c70-4d41-9a69-4cd992d2bd12]
25-11-05 09:33:35.793 [http-nio-8080-exec-1] DEBUG org.hibernate.SQL - 
    select
        c1_0.id,
        c1_0.created_at,
        c1_0.description,
        c1_0.name,
        c1_0.type,
        c1_0.updated_at 
    from
        channels c1_0 
    where
        c1_0.type=? 
        or c1_0.id in (?)
25-11-05 09:33:35.793 [http-nio-8080-exec-1] TRACE org.hibernate.orm.jdbc.bind - binding parameter (1:VARCHAR) <- [PUBLIC]
25-11-05 09:33:35.793 [http-nio-8080-exec-1] TRACE org.hibernate.orm.jdbc.bind - binding parameter (2:UUID) <- [null]
25-11-05 09:33:35.798 [http-nio-8080-exec-1] DEBUG org.hibernate.SQL - 
    select
        m1_0.created_at 
    from
        messages m1_0 
    where
        m1_0.channel_id=? 
    order by
        m1_0.created_at desc 
    fetch
        first 1 rows only
25-11-05 09:33:35.799 [http-nio-8080-exec-1] TRACE org.hibernate.orm.jdbc.bind - binding parameter (1:UUID) <- [83a5759b-95ff-499b-813b-3de24059a258]
25-11-05 09:33:35.818 [http-nio-8080-exec-8] DEBUG org.hibernate.SQL - 
    select
        rs1_0.id,
        rs1_0.channel_id,
        rs1_0.created_at,
        rs1_0.last_read_at,
        rs1_0.updated_at,
        rs1_0.user_id 
    from
        read_statuses rs1_0 
    where
        rs1_0.user_id=?
25-11-05 09:33:35.818 [http-nio-8080-exec-8] TRACE org.hibernate.orm.jdbc.bind - binding parameter (1:UUID) <- [095d2689-7c70-4d41-9a69-4cd992d2bd12]
25-11-05 09:33:39.047 [http-nio-8080-exec-10] DEBUG org.hibernate.SQL - 
    select
        rs1_0.id,
        rs1_0.channel_id,
        rs1_0.created_at,
        rs1_0.last_read_at,
        rs1_0.updated_at,
        rs1_0.user_id 
    from
        read_statuses rs1_0 
    where
        rs1_0.user_id=?
25-11-05 09:33:39.047 [http-nio-8080-exec-10] TRACE org.hibernate.orm.jdbc.bind - binding parameter (1:UUID) <- [095d2689-7c70-4d41-9a69-4cd992d2bd12]
25-11-05 09:33:39.051 [http-nio-8080-exec-10] DEBUG org.hibernate.SQL - 
    select
        c1_0.id,
        c1_0.created_at,
        c1_0.description,
        c1_0.name,
        c1_0.type,
        c1_0.updated_at 
    from
        channels c1_0 
    where
        c1_0.type=? 
        or c1_0.id in (?)
25-11-05 09:33:39.051 [http-nio-8080-exec-10] TRACE org.hibernate.orm.jdbc.bind - binding parameter (1:VARCHAR) <- [PUBLIC]
25-11-05 09:33:39.051 [http-nio-8080-exec-10] TRACE org.hibernate.orm.jdbc.bind - binding parameter (2:UUID) <- [null]
25-11-05 09:33:39.056 [http-nio-8080-exec-10] DEBUG org.hibernate.SQL - 
    select
        m1_0.created_at 
    from
        messages m1_0 
    where
        m1_0.channel_id=? 
    order by
        m1_0.created_at desc 
    fetch
        first 1 rows only
25-11-05 09:33:39.056 [http-nio-8080-exec-10] TRACE org.hibernate.orm.jdbc.bind - binding parameter (1:UUID) <- [83a5759b-95ff-499b-813b-3de24059a258]
25-11-05 09:33:39.066 [http-nio-8080-exec-9] DEBUG org.hibernate.SQL - 
    select
        rs1_0.id,
        rs1_0.channel_id,
        rs1_0.created_at,
        rs1_0.last_read_at,
        rs1_0.updated_at,
        rs1_0.user_id 
    from
        read_statuses rs1_0 
    where
        rs1_0.user_id=?
25-11-05 09:33:39.069 [http-nio-8080-exec-9] TRACE org.hibernate.orm.jdbc.bind - binding parameter (1:UUID) <- [095d2689-7c70-4d41-9a69-4cd992d2bd12]
25-11-05 09:33:42.046 [http-nio-8080-exec-5] DEBUG org.hibernate.SQL - 
    select
        rs1_0.id,
        rs1_0.channel_id,
        rs1_0.created_at,
        rs1_0.last_read_at,
        rs1_0.updated_at,
        rs1_0.user_id 
    from
        read_statuses rs1_0 
    where
        rs1_0.user_id=?
25-11-05 09:33:42.046 [http-nio-8080-exec-5] TRACE org.hibernate.orm.jdbc.bind - binding parameter (1:UUID) <- [095d2689-7c70-4d41-9a69-4cd992d2bd12]
25-11-05 09:33:42.051 [http-nio-8080-exec-5] DEBUG org.hibernate.SQL - 
    select
        c1_0.id,
        c1_0.created_at,
        c1_0.description,
        c1_0.name,
        c1_0.type,
        c1_0.updated_at 
    from
        channels c1_0 
    where
        c1_0.type=? 
        or c1_0.id in (?)
25-11-05 09:33:42.051 [http-nio-8080-exec-5] TRACE org.hibernate.orm.jdbc.bind - binding parameter (1:VARCHAR) <- [PUBLIC]
25-11-05 09:33:42.052 [http-nio-8080-exec-5] TRACE org.hibernate.orm.jdbc.bind - binding parameter (2:UUID) <- [null]
25-11-05 09:33:42.055 [http-nio-8080-exec-5] DEBUG org.hibernate.SQL - 
    select
        m1_0.created_at 
    from
        messages m1_0 
    where
        m1_0.channel_id=? 
    order by
        m1_0.created_at desc 
    fetch
        first 1 rows only
25-11-05 09:33:42.055 [http-nio-8080-exec-5] TRACE org.hibernate.orm.jdbc.bind - binding parameter (1:UUID) <- [83a5759b-95ff-499b-813b-3de24059a258]
25-11-05 09:33:42.072 [http-nio-8080-exec-3] DEBUG org.hibernate.SQL - 
    select
        rs1_0.id,
        rs1_0.channel_id,
        rs1_0.created_at,
        rs1_0.last_read_at,
        rs1_0.updated_at,
        rs1_0.user_id 
    from
        read_statuses rs1_0 
    where
        rs1_0.user_id=?
25-11-05 09:33:42.074 [http-nio-8080-exec-3] TRACE org.hibernate.orm.jdbc.bind - binding parameter (1:UUID) <- [095d2689-7c70-4d41-9a69-4cd992d2bd12]
25-11-05 09:33:45.053 [http-nio-8080-exec-7] DEBUG org.hibernate.SQL - 
    select
        rs1_0.id,
        rs1_0.channel_id,
        rs1_0.created_at,
        rs1_0.last_read_at,
        rs1_0.updated_at,
        rs1_0.user_id 
    from
        read_statuses rs1_0 
    where
        rs1_0.user_id=?
25-11-05 09:33:45.054 [http-nio-8080-exec-7] TRACE org.hibernate.orm.jdbc.bind - binding parameter (1:UUID) <- [095d2689-7c70-4d41-9a69-4cd992d2bd12]
25-11-05 09:33:45.057 [http-nio-8080-exec-7] DEBUG org.hibernate.SQL - 
    select
        c1_0.id,
        c1_0.created_at,
        c1_0.description,
        c1_0.name,
        c1_0.type,
        c1_0.updated_at 
    from
        channels c1_0 
    where
        c1_0.type=? 
        or c1_0.id in (?)
25-11-05 09:33:45.058 [http-nio-8080-exec-7] TRACE org.hibernate.orm.jdbc.bind - binding parameter (1:VARCHAR) <- [PUBLIC]
25-11-05 09:33:45.058 [http-nio-8080-exec-7] TRACE org.hibernate.orm.jdbc.bind - binding parameter (2:UUID) <- [null]
25-11-05 09:33:45.060 [http-nio-8080-exec-7] DEBUG org.hibernate.SQL - 
    select
        m1_0.created_at 
    from
        messages m1_0 
    where
        m1_0.channel_id=? 
    order by
        m1_0.created_at desc 
    fetch
        first 1 rows only
25-11-05 09:33:45.060 [http-nio-8080-exec-7] TRACE org.hibernate.orm.jdbc.bind - binding parameter (1:UUID) <- [83a5759b-95ff-499b-813b-3de24059a258]
25-11-05 09:33:45.071 [http-nio-8080-exec-6] DEBUG org.hibernate.SQL - 
    select
        rs1_0.id,
        rs1_0.channel_id,
        rs1_0.created_at,
        rs1_0.last_read_at,
        rs1_0.updated_at,
        rs1_0.user_id 
    from
        read_statuses rs1_0 
    where
        rs1_0.user_id=?
25-11-05 09:33:45.074 [http-nio-8080-exec-6] TRACE org.hibernate.orm.jdbc.bind - binding parameter (1:UUID) <- [095d2689-7c70-4d41-9a69-4cd992d2bd12]
25-11-05 09:33:48.052 [http-nio-8080-exec-2] DEBUG org.hibernate.SQL - 
    select
        rs1_0.id,
        rs1_0.channel_id,
        rs1_0.created_at,
        rs1_0.last_read_at,
        rs1_0.updated_at,
        rs1_0.user_id 
    from
        read_statuses rs1_0 
    where
        rs1_0.user_id=?
25-11-05 09:33:48.052 [http-nio-8080-exec-2] TRACE org.hibernate.orm.jdbc.bind - binding parameter (1:UUID) <- [095d2689-7c70-4d41-9a69-4cd992d2bd12]
25-11-05 09:33:48.056 [http-nio-8080-exec-2] DEBUG org.hibernate.SQL - 
    select
        c1_0.id,
        c1_0.created_at,
        c1_0.description,
        c1_0.name,
        c1_0.type,
        c1_0.updated_at 
    from
        channels c1_0 
    where
        c1_0.type=? 
        or c1_0.id in (?)
25-11-05 09:33:48.056 [http-nio-8080-exec-2] TRACE org.hibernate.orm.jdbc.bind - binding parameter (1:VARCHAR) <- [PUBLIC]
25-11-05 09:33:48.056 [http-nio-8080-exec-2] TRACE org.hibernate.orm.jdbc.bind - binding parameter (2:UUID) <- [null]
25-11-05 09:33:48.059 [http-nio-8080-exec-2] DEBUG org.hibernate.SQL - 
    select
        m1_0.created_at 
    from
        messages m1_0 
    where
        m1_0.channel_id=? 
    order by
        m1_0.created_at desc 
    fetch
        first 1 rows only
25-11-05 09:33:48.059 [http-nio-8080-exec-2] TRACE org.hibernate.orm.jdbc.bind - binding parameter (1:UUID) <- [83a5759b-95ff-499b-813b-3de24059a258]
25-11-05 09:33:48.071 [http-nio-8080-exec-1] DEBUG org.hibernate.SQL - 
    select
        rs1_0.id,
        rs1_0.channel_id,
        rs1_0.created_at,
        rs1_0.last_read_at,
        rs1_0.updated_at,
        rs1_0.user_id 
    from
        read_statuses rs1_0 
    where
        rs1_0.user_id=?
25-11-05 09:33:48.072 [http-nio-8080-exec-1] TRACE org.hibernate.orm.jdbc.bind - binding parameter (1:UUID) <- [095d2689-7c70-4d41-9a69-4cd992d2bd12]
25-11-05 09:33:51.048 [http-nio-8080-exec-8] INFO  c.s.m.d.controller.UserController - 유저 상태 업데이트 요청 수신: userId=095d2689-7c70-4d41-9a69-4cd992d2bd12, newLastActiveAt=2025-11-05T00:33:51.044Z
25-11-05 09:33:51.048 [http-nio-8080-exec-10] DEBUG org.hibernate.SQL - 
    select
        u1_0.id,
        u1_0.created_at,
        u1_0.email,
        u1_0.password,
        p1_0.id,
        p1_0.content_type,
        p1_0.created_at,
        p1_0.file_name,
        p1_0.size,
        s1_0.id,
        s1_0.created_at,
        s1_0.last_active_at,
        s1_0.updated_at,
        s1_0.user_id,
        u1_0.updated_at,
        u1_0.username 
    from
        users u1_0 
    left join
        binary_contents p1_0 
            on p1_0.id=u1_0.profile_id 
    join
        user_statuses s1_0 
            on u1_0.id=s1_0.user_id
25-11-05 09:33:51.052 [http-nio-8080-exec-8] DEBUG org.hibernate.SQL - 
    select
        us1_0.id,
        us1_0.created_at,
        us1_0.last_active_at,
        us1_0.updated_at,
        us1_0.user_id 
    from
        user_statuses us1_0 
    where
        us1_0.user_id=?
25-11-05 09:33:51.052 [http-nio-8080-exec-8] TRACE org.hibernate.orm.jdbc.bind - binding parameter (1:UUID) <- [095d2689-7c70-4d41-9a69-4cd992d2bd12]
25-11-05 09:33:51.053 [http-nio-8080-exec-9] DEBUG org.hibernate.SQL - 
    select
        rs1_0.id,
        rs1_0.channel_id,
        rs1_0.created_at,
        rs1_0.last_read_at,
        rs1_0.updated_at,
        rs1_0.user_id 
    from
        read_statuses rs1_0 
    where
        rs1_0.user_id=?
25-11-05 09:33:51.053 [http-nio-8080-exec-9] TRACE org.hibernate.orm.jdbc.bind - binding parameter (1:UUID) <- [095d2689-7c70-4d41-9a69-4cd992d2bd12]
25-11-05 09:33:51.058 [http-nio-8080-exec-9] DEBUG org.hibernate.SQL - 
    select
        c1_0.id,
        c1_0.created_at,
        c1_0.description,
        c1_0.name,
        c1_0.type,
        c1_0.updated_at 
    from
        channels c1_0 
    where
        c1_0.type=? 
        or c1_0.id in (?)
25-11-05 09:33:51.058 [http-nio-8080-exec-10] INFO  c.s.m.d.s.basic.BasicUserService - 모든 유저 목록 조회 완료. 총 3명
25-11-05 09:33:51.058 [http-nio-8080-exec-9] TRACE org.hibernate.orm.jdbc.bind - binding parameter (1:VARCHAR) <- [PUBLIC]
25-11-05 09:33:51.058 [http-nio-8080-exec-10] INFO  c.s.m.d.controller.UserController - 모든 유저 목록 조회 완료. 총 3명
25-11-05 09:33:51.058 [http-nio-8080-exec-9] TRACE org.hibernate.orm.jdbc.bind - binding parameter (2:UUID) <- [null]
25-11-05 09:33:51.058 [http-nio-8080-exec-8] DEBUG org.hibernate.SQL - 
    update
        user_statuses 
    set
        last_active_at=?,
        updated_at=?,
        user_id=? 
    where
        id=?
25-11-05 09:33:51.059 [http-nio-8080-exec-8] TRACE org.hibernate.orm.jdbc.bind - binding parameter (1:TIMESTAMP_UTC) <- [2025-11-05T00:33:51.044Z]
25-11-05 09:33:51.060 [http-nio-8080-exec-8] TRACE org.hibernate.orm.jdbc.bind - binding parameter (2:TIMESTAMP_UTC) <- [2025-11-05T00:33:51.058243400Z]
25-11-05 09:33:51.060 [http-nio-8080-exec-8] TRACE org.hibernate.orm.jdbc.bind - binding parameter (3:UUID) <- [095d2689-7c70-4d41-9a69-4cd992d2bd12]
25-11-05 09:33:51.060 [http-nio-8080-exec-8] TRACE org.hibernate.orm.jdbc.bind - binding parameter (4:UUID) <- [99a8276f-308b-4b19-960a-9a03b8059380]
25-11-05 09:33:51.063 [http-nio-8080-exec-9] DEBUG org.hibernate.SQL - 
    select
        m1_0.created_at 
    from
        messages m1_0 
    where
        m1_0.channel_id=? 
    order by
        m1_0.created_at desc 
    fetch
        first 1 rows only
25-11-05 09:33:51.063 [http-nio-8080-exec-9] TRACE org.hibernate.orm.jdbc.bind - binding parameter (1:UUID) <- [83a5759b-95ff-499b-813b-3de24059a258]
25-11-05 09:33:51.068 [http-nio-8080-exec-8] INFO  c.s.m.d.controller.UserController - 유저 상태 업데이트 성공: userId=095d2689-7c70-4d41-9a69-4cd992d2bd12, newLastActiveAt=2025-11-05T00:33:51.044Z
25-11-05 09:33:51.071 [http-nio-8080-exec-5] DEBUG org.hibernate.SQL - 
    select
        rs1_0.id,
        rs1_0.channel_id,
        rs1_0.created_at,
        rs1_0.last_read_at,
        rs1_0.updated_at,
        rs1_0.user_id 
    from
        read_statuses rs1_0 
    where
        rs1_0.user_id=?
25-11-05 09:33:51.074 [http-nio-8080-exec-5] TRACE org.hibernate.orm.jdbc.bind - binding parameter (1:UUID) <- [095d2689-7c70-4d41-9a69-4cd992d2bd12]
25-11-05 09:33:51.077 [http-nio-8080-exec-3] DEBUG org.hibernate.SQL - 
    select
        rs1_0.id,
        rs1_0.channel_id,
        rs1_0.created_at,
        rs1_0.last_read_at,
        rs1_0.updated_at,
        rs1_0.user_id 
    from
        read_statuses rs1_0 
    where
        rs1_0.user_id=?
25-11-05 09:33:51.077 [http-nio-8080-exec-3] TRACE org.hibernate.orm.jdbc.bind - binding parameter (1:UUID) <- [095d2689-7c70-4d41-9a69-4cd992d2bd12]
25-11-05 09:33:51.081 [http-nio-8080-exec-3] DEBUG org.hibernate.SQL - 
    select
        c1_0.id,
        c1_0.created_at,
        c1_0.description,
        c1_0.name,
        c1_0.type,
        c1_0.updated_at 
    from
        channels c1_0 
    where
        c1_0.type=? 
        or c1_0.id in (?)
25-11-05 09:33:51.082 [http-nio-8080-exec-3] TRACE org.hibernate.orm.jdbc.bind - binding parameter (1:VARCHAR) <- [PUBLIC]
25-11-05 09:33:51.082 [http-nio-8080-exec-3] TRACE org.hibernate.orm.jdbc.bind - binding parameter (2:UUID) <- [null]
25-11-05 09:33:51.086 [http-nio-8080-exec-3] DEBUG org.hibernate.SQL - 
    select
        m1_0.created_at 
    from
        messages m1_0 
    where
        m1_0.channel_id=? 
    order by
        m1_0.created_at desc 
    fetch
        first 1 rows only
25-11-05 09:33:51.086 [http-nio-8080-exec-3] TRACE org.hibernate.orm.jdbc.bind - binding parameter (1:UUID) <- [83a5759b-95ff-499b-813b-3de24059a258]
25-11-05 09:33:51.086 [http-nio-8080-exec-4] DEBUG org.hibernate.SQL - 
    select
        rs1_0.id,
        rs1_0.channel_id,
        rs1_0.created_at,
        rs1_0.last_read_at,
        rs1_0.updated_at,
        rs1_0.user_id 
    from
        read_statuses rs1_0 
    where
        rs1_0.user_id=?
25-11-05 09:33:51.086 [http-nio-8080-exec-4] TRACE org.hibernate.orm.jdbc.bind - binding parameter (1:UUID) <- [095d2689-7c70-4d41-9a69-4cd992d2bd12]
25-11-05 09:33:51.100 [http-nio-8080-exec-7] DEBUG org.hibernate.SQL - 
    select
        rs1_0.id,
        rs1_0.channel_id,
        rs1_0.created_at,
        rs1_0.last_read_at,
        rs1_0.updated_at,
        rs1_0.user_id 
    from
        read_statuses rs1_0 
    where
        rs1_0.user_id=?
25-11-05 09:33:51.100 [http-nio-8080-exec-7] TRACE org.hibernate.orm.jdbc.bind - binding parameter (1:UUID) <- [095d2689-7c70-4d41-9a69-4cd992d2bd12]
25-11-05 09:33:55.039 [http-nio-8080-exec-6] DEBUG org.hibernate.SQL - 
    select
        rs1_0.id,
        rs1_0.channel_id,
        rs1_0.created_at,
        rs1_0.last_read_at,
        rs1_0.updated_at,
        rs1_0.user_id 
    from
        read_statuses rs1_0 
    where
        rs1_0.user_id=?
25-11-05 09:33:55.040 [http-nio-8080-exec-6] TRACE org.hibernate.orm.jdbc.bind - binding parameter (1:UUID) <- [095d2689-7c70-4d41-9a69-4cd992d2bd12]
25-11-05 09:33:55.043 [http-nio-8080-exec-6] DEBUG org.hibernate.SQL - 
    select
        c1_0.id,
        c1_0.created_at,
        c1_0.description,
        c1_0.name,
        c1_0.type,
        c1_0.updated_at 
    from
        channels c1_0 
    where
        c1_0.type=? 
        or c1_0.id in (?)
25-11-05 09:33:55.044 [http-nio-8080-exec-6] TRACE org.hibernate.orm.jdbc.bind - binding parameter (1:VARCHAR) <- [PUBLIC]
25-11-05 09:33:55.044 [http-nio-8080-exec-6] TRACE org.hibernate.orm.jdbc.bind - binding parameter (2:UUID) <- [null]
25-11-05 09:33:55.047 [http-nio-8080-exec-6] DEBUG org.hibernate.SQL - 
    select
        m1_0.created_at 
    from
        messages m1_0 
    where
        m1_0.channel_id=? 
    order by
        m1_0.created_at desc 
    fetch
        first 1 rows only
25-11-05 09:33:55.047 [http-nio-8080-exec-6] TRACE org.hibernate.orm.jdbc.bind - binding parameter (1:UUID) <- [83a5759b-95ff-499b-813b-3de24059a258]
25-11-05 09:33:55.059 [http-nio-8080-exec-2] DEBUG org.hibernate.SQL - 
    select
        rs1_0.id,
        rs1_0.channel_id,
        rs1_0.created_at,
        rs1_0.last_read_at,
        rs1_0.updated_at,
        rs1_0.user_id 
    from
        read_statuses rs1_0 
    where
        rs1_0.user_id=?
25-11-05 09:33:55.062 [http-nio-8080-exec-2] TRACE org.hibernate.orm.jdbc.bind - binding parameter (1:UUID) <- [095d2689-7c70-4d41-9a69-4cd992d2bd12]
25-11-05 09:33:58.040 [http-nio-8080-exec-8] DEBUG org.hibernate.SQL - 
    select
        rs1_0.id,
        rs1_0.channel_id,
        rs1_0.created_at,
        rs1_0.last_read_at,
        rs1_0.updated_at,
        rs1_0.user_id 
    from
        read_statuses rs1_0 
    where
        rs1_0.user_id=?
25-11-05 09:33:58.040 [http-nio-8080-exec-8] TRACE org.hibernate.orm.jdbc.bind - binding parameter (1:UUID) <- [095d2689-7c70-4d41-9a69-4cd992d2bd12]
25-11-05 09:33:58.044 [http-nio-8080-exec-8] DEBUG org.hibernate.SQL - 
    select
        c1_0.id,
        c1_0.created_at,
        c1_0.description,
        c1_0.name,
        c1_0.type,
        c1_0.updated_at 
    from
        channels c1_0 
    where
        c1_0.type=? 
        or c1_0.id in (?)
25-11-05 09:33:58.045 [http-nio-8080-exec-8] TRACE org.hibernate.orm.jdbc.bind - binding parameter (1:VARCHAR) <- [PUBLIC]
25-11-05 09:33:58.045 [http-nio-8080-exec-8] TRACE org.hibernate.orm.jdbc.bind - binding parameter (2:UUID) <- [null]
25-11-05 09:33:58.048 [http-nio-8080-exec-8] DEBUG org.hibernate.SQL - 
    select
        m1_0.created_at 
    from
        messages m1_0 
    where
        m1_0.channel_id=? 
    order by
        m1_0.created_at desc 
    fetch
        first 1 rows only
25-11-05 09:33:58.049 [http-nio-8080-exec-8] TRACE org.hibernate.orm.jdbc.bind - binding parameter (1:UUID) <- [83a5759b-95ff-499b-813b-3de24059a258]
25-11-05 09:33:58.059 [http-nio-8080-exec-5] DEBUG org.hibernate.SQL - 
    select
        rs1_0.id,
        rs1_0.channel_id,
        rs1_0.created_at,
        rs1_0.last_read_at,
        rs1_0.updated_at,
        rs1_0.user_id 
    from
        read_statuses rs1_0 
    where
        rs1_0.user_id=?
25-11-05 09:33:58.063 [http-nio-8080-exec-5] TRACE org.hibernate.orm.jdbc.bind - binding parameter (1:UUID) <- [095d2689-7c70-4d41-9a69-4cd992d2bd12]
25-11-05 09:34:01.038 [http-nio-8080-exec-4] DEBUG org.hibernate.SQL - 
    select
        rs1_0.id,
        rs1_0.channel_id,
        rs1_0.created_at,
        rs1_0.last_read_at,
        rs1_0.updated_at,
        rs1_0.user_id 
    from
        read_statuses rs1_0 
    where
        rs1_0.user_id=?
25-11-05 09:34:01.039 [http-nio-8080-exec-4] TRACE org.hibernate.orm.jdbc.bind - binding parameter (1:UUID) <- [095d2689-7c70-4d41-9a69-4cd992d2bd12]
25-11-05 09:34:01.043 [http-nio-8080-exec-4] DEBUG org.hibernate.SQL - 
    select
        c1_0.id,
        c1_0.created_at,
        c1_0.description,
        c1_0.name,
        c1_0.type,
        c1_0.updated_at 
    from
        channels c1_0 
    where
        c1_0.type=? 
        or c1_0.id in (?)
25-11-05 09:34:01.043 [http-nio-8080-exec-4] TRACE org.hibernate.orm.jdbc.bind - binding parameter (1:VARCHAR) <- [PUBLIC]
25-11-05 09:34:01.043 [http-nio-8080-exec-4] TRACE org.hibernate.orm.jdbc.bind - binding parameter (2:UUID) <- [null]
25-11-05 09:34:01.046 [http-nio-8080-exec-4] DEBUG org.hibernate.SQL - 
    select
        m1_0.created_at 
    from
        messages m1_0 
    where
        m1_0.channel_id=? 
    order by
        m1_0.created_at desc 
    fetch
        first 1 rows only
25-11-05 09:34:01.046 [http-nio-8080-exec-4] TRACE org.hibernate.orm.jdbc.bind - binding parameter (1:UUID) <- [83a5759b-95ff-499b-813b-3de24059a258]
25-11-05 09:34:01.058 [http-nio-8080-exec-3] DEBUG org.hibernate.SQL - 
    select
        rs1_0.id,
        rs1_0.channel_id,
        rs1_0.created_at,
        rs1_0.last_read_at,
        rs1_0.updated_at,
        rs1_0.user_id 
    from
        read_statuses rs1_0 
    where
        rs1_0.user_id=?
25-11-05 09:34:01.061 [http-nio-8080-exec-3] TRACE org.hibernate.orm.jdbc.bind - binding parameter (1:UUID) <- [095d2689-7c70-4d41-9a69-4cd992d2bd12]
25-11-05 09:34:04.040 [http-nio-8080-exec-7] DEBUG org.hibernate.SQL - 
    select
        rs1_0.id,
        rs1_0.channel_id,
        rs1_0.created_at,
        rs1_0.last_read_at,
        rs1_0.updated_at,
        rs1_0.user_id 
    from
        read_statuses rs1_0 
    where
        rs1_0.user_id=?
25-11-05 09:34:04.040 [http-nio-8080-exec-7] TRACE org.hibernate.orm.jdbc.bind - binding parameter (1:UUID) <- [095d2689-7c70-4d41-9a69-4cd992d2bd12]
25-11-05 09:34:04.045 [http-nio-8080-exec-7] DEBUG org.hibernate.SQL - 
    select
        c1_0.id,
        c1_0.created_at,
        c1_0.description,
        c1_0.name,
        c1_0.type,
        c1_0.updated_at 
    from
        channels c1_0 
    where
        c1_0.type=? 
        or c1_0.id in (?)
25-11-05 09:34:04.045 [http-nio-8080-exec-7] TRACE org.hibernate.orm.jdbc.bind - binding parameter (1:VARCHAR) <- [PUBLIC]
25-11-05 09:34:04.045 [http-nio-8080-exec-7] TRACE org.hibernate.orm.jdbc.bind - binding parameter (2:UUID) <- [null]
25-11-05 09:34:04.049 [http-nio-8080-exec-7] DEBUG org.hibernate.SQL - 
    select
        m1_0.created_at 
    from
        messages m1_0 
    where
        m1_0.channel_id=? 
    order by
        m1_0.created_at desc 
    fetch
        first 1 rows only
25-11-05 09:34:04.049 [http-nio-8080-exec-7] TRACE org.hibernate.orm.jdbc.bind - binding parameter (1:UUID) <- [83a5759b-95ff-499b-813b-3de24059a258]
25-11-05 09:34:04.065 [http-nio-8080-exec-6] DEBUG org.hibernate.SQL - 
    select
        rs1_0.id,
        rs1_0.channel_id,
        rs1_0.created_at,
        rs1_0.last_read_at,
        rs1_0.updated_at,
        rs1_0.user_id 
    from
        read_statuses rs1_0 
    where
        rs1_0.user_id=?
25-11-05 09:34:04.068 [http-nio-8080-exec-6] TRACE org.hibernate.orm.jdbc.bind - binding parameter (1:UUID) <- [095d2689-7c70-4d41-9a69-4cd992d2bd12]
25-11-05 09:34:07.047 [http-nio-8080-exec-2] DEBUG org.hibernate.SQL - 
    select
        rs1_0.id,
        rs1_0.channel_id,
        rs1_0.created_at,
        rs1_0.last_read_at,
        rs1_0.updated_at,
        rs1_0.user_id 
    from
        read_statuses rs1_0 
    where
        rs1_0.user_id=?
25-11-05 09:34:07.047 [http-nio-8080-exec-2] TRACE org.hibernate.orm.jdbc.bind - binding parameter (1:UUID) <- [095d2689-7c70-4d41-9a69-4cd992d2bd12]
25-11-05 09:34:07.053 [http-nio-8080-exec-2] DEBUG org.hibernate.SQL - 
    select
        c1_0.id,
        c1_0.created_at,
        c1_0.description,
        c1_0.name,
        c1_0.type,
        c1_0.updated_at 
    from
        channels c1_0 
    where
        c1_0.type=? 
        or c1_0.id in (?)
25-11-05 09:34:07.053 [http-nio-8080-exec-2] TRACE org.hibernate.orm.jdbc.bind - binding parameter (1:VARCHAR) <- [PUBLIC]
25-11-05 09:34:07.054 [http-nio-8080-exec-2] TRACE org.hibernate.orm.jdbc.bind - binding parameter (2:UUID) <- [null]
25-11-05 09:34:07.057 [http-nio-8080-exec-2] DEBUG org.hibernate.SQL - 
    select
        m1_0.created_at 
    from
        messages m1_0 
    where
        m1_0.channel_id=? 
    order by
        m1_0.created_at desc 
    fetch
        first 1 rows only
25-11-05 09:34:07.058 [http-nio-8080-exec-2] TRACE org.hibernate.orm.jdbc.bind - binding parameter (1:UUID) <- [83a5759b-95ff-499b-813b-3de24059a258]
25-11-05 09:34:07.078 [http-nio-8080-exec-1] DEBUG org.hibernate.SQL - 
    select
        rs1_0.id,
        rs1_0.channel_id,
        rs1_0.created_at,
        rs1_0.last_read_at,
        rs1_0.updated_at,
        rs1_0.user_id 
    from
        read_statuses rs1_0 
    where
        rs1_0.user_id=?
25-11-05 09:34:07.078 [http-nio-8080-exec-1] TRACE org.hibernate.orm.jdbc.bind - binding parameter (1:UUID) <- [095d2689-7c70-4d41-9a69-4cd992d2bd12]
25-11-05 09:34:10.037 [http-nio-8080-exec-9] DEBUG org.hibernate.SQL - 
    select
        rs1_0.id,
        rs1_0.channel_id,
        rs1_0.created_at,
        rs1_0.last_read_at,
        rs1_0.updated_at,
        rs1_0.user_id 
    from
        read_statuses rs1_0 
    where
        rs1_0.user_id=?
25-11-05 09:34:10.038 [http-nio-8080-exec-9] TRACE org.hibernate.orm.jdbc.bind - binding parameter (1:UUID) <- [095d2689-7c70-4d41-9a69-4cd992d2bd12]
25-11-05 09:34:10.041 [http-nio-8080-exec-9] DEBUG org.hibernate.SQL - 
    select
        c1_0.id,
        c1_0.created_at,
        c1_0.description,
        c1_0.name,
        c1_0.type,
        c1_0.updated_at 
    from
        channels c1_0 
    where
        c1_0.type=? 
        or c1_0.id in (?)
25-11-05 09:34:10.042 [http-nio-8080-exec-9] TRACE org.hibernate.orm.jdbc.bind - binding parameter (1:VARCHAR) <- [PUBLIC]
25-11-05 09:34:10.042 [http-nio-8080-exec-9] TRACE org.hibernate.orm.jdbc.bind - binding parameter (2:UUID) <- [null]
25-11-05 09:34:10.047 [http-nio-8080-exec-9] DEBUG org.hibernate.SQL - 
    select
        m1_0.created_at 
    from
        messages m1_0 
    where
        m1_0.channel_id=? 
    order by
        m1_0.created_at desc 
    fetch
        first 1 rows only
25-11-05 09:34:10.048 [http-nio-8080-exec-9] TRACE org.hibernate.orm.jdbc.bind - binding parameter (1:UUID) <- [83a5759b-95ff-499b-813b-3de24059a258]
25-11-05 09:34:10.064 [http-nio-8080-exec-8] DEBUG org.hibernate.SQL - 
    select
        rs1_0.id,
        rs1_0.channel_id,
        rs1_0.created_at,
        rs1_0.last_read_at,
        rs1_0.updated_at,
        rs1_0.user_id 
    from
        read_statuses rs1_0 
    where
        rs1_0.user_id=?
25-11-05 09:34:10.066 [http-nio-8080-exec-8] TRACE org.hibernate.orm.jdbc.bind - binding parameter (1:UUID) <- [095d2689-7c70-4d41-9a69-4cd992d2bd12]
25-11-05 09:34:13.038 [http-nio-8080-exec-5] DEBUG org.hibernate.SQL - 
    select
        rs1_0.id,
        rs1_0.channel_id,
        rs1_0.created_at,
        rs1_0.last_read_at,
        rs1_0.updated_at,
        rs1_0.user_id 
    from
        read_statuses rs1_0 
    where
        rs1_0.user_id=?
25-11-05 09:34:13.038 [http-nio-8080-exec-5] TRACE org.hibernate.orm.jdbc.bind - binding parameter (1:UUID) <- [095d2689-7c70-4d41-9a69-4cd992d2bd12]
25-11-05 09:34:13.044 [http-nio-8080-exec-5] DEBUG org.hibernate.SQL - 
    select
        c1_0.id,
        c1_0.created_at,
        c1_0.description,
        c1_0.name,
        c1_0.type,
        c1_0.updated_at 
    from
        channels c1_0 
    where
        c1_0.type=? 
        or c1_0.id in (?)
25-11-05 09:34:13.044 [http-nio-8080-exec-5] TRACE org.hibernate.orm.jdbc.bind - binding parameter (1:VARCHAR) <- [PUBLIC]
25-11-05 09:34:13.044 [http-nio-8080-exec-5] TRACE org.hibernate.orm.jdbc.bind - binding parameter (2:UUID) <- [null]
25-11-05 09:34:13.047 [http-nio-8080-exec-5] DEBUG org.hibernate.SQL - 
    select
        m1_0.created_at 
    from
        messages m1_0 
    where
        m1_0.channel_id=? 
    order by
        m1_0.created_at desc 
    fetch
        first 1 rows only
25-11-05 09:34:13.048 [http-nio-8080-exec-5] TRACE org.hibernate.orm.jdbc.bind - binding parameter (1:UUID) <- [83a5759b-95ff-499b-813b-3de24059a258]
25-11-05 09:34:13.062 [http-nio-8080-exec-4] DEBUG org.hibernate.SQL - 
    select
        rs1_0.id,
        rs1_0.channel_id,
        rs1_0.created_at,
        rs1_0.last_read_at,
        rs1_0.updated_at,
        rs1_0.user_id 
    from
        read_statuses rs1_0 
    where
        rs1_0.user_id=?
25-11-05 09:34:13.064 [http-nio-8080-exec-4] TRACE org.hibernate.orm.jdbc.bind - binding parameter (1:UUID) <- [095d2689-7c70-4d41-9a69-4cd992d2bd12]
25-11-05 09:34:16.038 [http-nio-8080-exec-3] DEBUG org.hibernate.SQL - 
    select
        rs1_0.id,
        rs1_0.channel_id,
        rs1_0.created_at,
        rs1_0.last_read_at,
        rs1_0.updated_at,
        rs1_0.user_id 
    from
        read_statuses rs1_0 
    where
        rs1_0.user_id=?
25-11-05 09:34:16.039 [http-nio-8080-exec-3] TRACE org.hibernate.orm.jdbc.bind - binding parameter (1:UUID) <- [095d2689-7c70-4d41-9a69-4cd992d2bd12]
25-11-05 09:34:16.042 [http-nio-8080-exec-3] DEBUG org.hibernate.SQL - 
    select
        c1_0.id,
        c1_0.created_at,
        c1_0.description,
        c1_0.name,
        c1_0.type,
        c1_0.updated_at 
    from
        channels c1_0 
    where
        c1_0.type=? 
        or c1_0.id in (?)
25-11-05 09:34:16.042 [http-nio-8080-exec-3] TRACE org.hibernate.orm.jdbc.bind - binding parameter (1:VARCHAR) <- [PUBLIC]
25-11-05 09:34:16.043 [http-nio-8080-exec-3] TRACE org.hibernate.orm.jdbc.bind - binding parameter (2:UUID) <- [null]
25-11-05 09:34:16.046 [http-nio-8080-exec-3] DEBUG org.hibernate.SQL - 
    select
        m1_0.created_at 
    from
        messages m1_0 
    where
        m1_0.channel_id=? 
    order by
        m1_0.created_at desc 
    fetch
        first 1 rows only
25-11-05 09:34:16.047 [http-nio-8080-exec-3] TRACE org.hibernate.orm.jdbc.bind - binding parameter (1:UUID) <- [83a5759b-95ff-499b-813b-3de24059a258]
25-11-05 09:34:16.057 [http-nio-8080-exec-7] DEBUG org.hibernate.SQL - 
    select
        rs1_0.id,
        rs1_0.channel_id,
        rs1_0.created_at,
        rs1_0.last_read_at,
        rs1_0.updated_at,
        rs1_0.user_id 
    from
        read_statuses rs1_0 
    where
        rs1_0.user_id=?
25-11-05 09:34:16.057 [http-nio-8080-exec-7] TRACE org.hibernate.orm.jdbc.bind - binding parameter (1:UUID) <- [095d2689-7c70-4d41-9a69-4cd992d2bd12]
25-11-05 09:34:19.041 [http-nio-8080-exec-2] DEBUG org.hibernate.SQL - 
    select
        rs1_0.id,
        rs1_0.channel_id,
        rs1_0.created_at,
        rs1_0.last_read_at,
        rs1_0.updated_at,
        rs1_0.user_id 
    from
        read_statuses rs1_0 
    where
        rs1_0.user_id=?
25-11-05 09:34:19.041 [http-nio-8080-exec-2] TRACE org.hibernate.orm.jdbc.bind - binding parameter (1:UUID) <- [095d2689-7c70-4d41-9a69-4cd992d2bd12]
25-11-05 09:34:19.045 [http-nio-8080-exec-2] DEBUG org.hibernate.SQL - 
    select
        c1_0.id,
        c1_0.created_at,
        c1_0.description,
        c1_0.name,
        c1_0.type,
        c1_0.updated_at 
    from
        channels c1_0 
    where
        c1_0.type=? 
        or c1_0.id in (?)
25-11-05 09:34:19.045 [http-nio-8080-exec-2] TRACE org.hibernate.orm.jdbc.bind - binding parameter (1:VARCHAR) <- [PUBLIC]
25-11-05 09:34:19.045 [http-nio-8080-exec-2] TRACE org.hibernate.orm.jdbc.bind - binding parameter (2:UUID) <- [null]
25-11-05 09:34:19.049 [http-nio-8080-exec-2] DEBUG org.hibernate.SQL - 
    select
        m1_0.created_at 
    from
        messages m1_0 
    where
        m1_0.channel_id=? 
    order by
        m1_0.created_at desc 
    fetch
        first 1 rows only
25-11-05 09:34:19.049 [http-nio-8080-exec-2] TRACE org.hibernate.orm.jdbc.bind - binding parameter (1:UUID) <- [83a5759b-95ff-499b-813b-3de24059a258]
25-11-05 09:34:19.066 [http-nio-8080-exec-1] DEBUG org.hibernate.SQL - 
    select
        rs1_0.id,
        rs1_0.channel_id,
        rs1_0.created_at,
        rs1_0.last_read_at,
        rs1_0.updated_at,
        rs1_0.user_id 
    from
        read_statuses rs1_0 
    where
        rs1_0.user_id=?
25-11-05 09:34:19.066 [http-nio-8080-exec-1] TRACE org.hibernate.orm.jdbc.bind - binding parameter (1:UUID) <- [095d2689-7c70-4d41-9a69-4cd992d2bd12]
25-11-05 09:34:21.034 [http-nio-8080-exec-10] INFO  c.s.m.d.controller.UserController - 유저 상태 업데이트 요청 수신: userId=095d2689-7c70-4d41-9a69-4cd992d2bd12, newLastActiveAt=2025-11-05T00:34:21.031Z
25-11-05 09:34:21.038 [http-nio-8080-exec-10] DEBUG org.hibernate.SQL - 
    select
        us1_0.id,
        us1_0.created_at,
        us1_0.last_active_at,
        us1_0.updated_at,
        us1_0.user_id 
    from
        user_statuses us1_0 
    where
        us1_0.user_id=?
25-11-05 09:34:21.038 [http-nio-8080-exec-10] TRACE org.hibernate.orm.jdbc.bind - binding parameter (1:UUID) <- [095d2689-7c70-4d41-9a69-4cd992d2bd12]
25-11-05 09:34:21.042 [http-nio-8080-exec-10] DEBUG org.hibernate.SQL - 
    update
        user_statuses 
    set
        last_active_at=?,
        updated_at=?,
        user_id=? 
    where
        id=?
25-11-05 09:34:21.042 [http-nio-8080-exec-10] TRACE org.hibernate.orm.jdbc.bind - binding parameter (1:TIMESTAMP_UTC) <- [2025-11-05T00:34:21.031Z]
25-11-05 09:34:21.042 [http-nio-8080-exec-10] TRACE org.hibernate.orm.jdbc.bind - binding parameter (2:TIMESTAMP_UTC) <- [2025-11-05T00:34:21.041734800Z]
25-11-05 09:34:21.042 [http-nio-8080-exec-10] TRACE org.hibernate.orm.jdbc.bind - binding parameter (3:UUID) <- [095d2689-7c70-4d41-9a69-4cd992d2bd12]
25-11-05 09:34:21.042 [http-nio-8080-exec-10] TRACE org.hibernate.orm.jdbc.bind - binding parameter (4:UUID) <- [99a8276f-308b-4b19-960a-9a03b8059380]
25-11-05 09:34:21.056 [http-nio-8080-exec-10] INFO  c.s.m.d.controller.UserController - 유저 상태 업데이트 성공: userId=095d2689-7c70-4d41-9a69-4cd992d2bd12, newLastActiveAt=2025-11-05T00:34:21.031Z
25-11-05 09:34:22.040 [http-nio-8080-exec-9] DEBUG org.hibernate.SQL - 
    select
        rs1_0.id,
        rs1_0.channel_id,
        rs1_0.created_at,
        rs1_0.last_read_at,
        rs1_0.updated_at,
        rs1_0.user_id 
    from
        read_statuses rs1_0 
    where
        rs1_0.user_id=?
25-11-05 09:34:22.040 [http-nio-8080-exec-9] TRACE org.hibernate.orm.jdbc.bind - binding parameter (1:UUID) <- [095d2689-7c70-4d41-9a69-4cd992d2bd12]
25-11-05 09:34:22.044 [http-nio-8080-exec-9] DEBUG org.hibernate.SQL - 
    select
        c1_0.id,
        c1_0.created_at,
        c1_0.description,
        c1_0.name,
        c1_0.type,
        c1_0.updated_at 
    from
        channels c1_0 
    where
        c1_0.type=? 
        or c1_0.id in (?)
25-11-05 09:34:22.045 [http-nio-8080-exec-9] TRACE org.hibernate.orm.jdbc.bind - binding parameter (1:VARCHAR) <- [PUBLIC]
25-11-05 09:34:22.045 [http-nio-8080-exec-9] TRACE org.hibernate.orm.jdbc.bind - binding parameter (2:UUID) <- [null]
25-11-05 09:34:22.050 [http-nio-8080-exec-9] DEBUG org.hibernate.SQL - 
    select
        m1_0.created_at 
    from
        messages m1_0 
    where
        m1_0.channel_id=? 
    order by
        m1_0.created_at desc 
    fetch
        first 1 rows only
25-11-05 09:34:22.050 [http-nio-8080-exec-9] TRACE org.hibernate.orm.jdbc.bind - binding parameter (1:UUID) <- [83a5759b-95ff-499b-813b-3de24059a258]
25-11-05 09:34:22.066 [http-nio-8080-exec-8] DEBUG org.hibernate.SQL - 
    select
        rs1_0.id,
        rs1_0.channel_id,
        rs1_0.created_at,
        rs1_0.last_read_at,
        rs1_0.updated_at,
        rs1_0.user_id 
    from
        read_statuses rs1_0 
    where
        rs1_0.user_id=?
25-11-05 09:34:22.068 [http-nio-8080-exec-8] TRACE org.hibernate.orm.jdbc.bind - binding parameter (1:UUID) <- [095d2689-7c70-4d41-9a69-4cd992d2bd12]
25-11-05 09:34:25.037 [http-nio-8080-exec-5] DEBUG org.hibernate.SQL - 
    select
        rs1_0.id,
        rs1_0.channel_id,
        rs1_0.created_at,
        rs1_0.last_read_at,
        rs1_0.updated_at,
        rs1_0.user_id 
    from
        read_statuses rs1_0 
    where
        rs1_0.user_id=?
25-11-05 09:34:25.037 [http-nio-8080-exec-5] TRACE org.hibernate.orm.jdbc.bind - binding parameter (1:UUID) <- [095d2689-7c70-4d41-9a69-4cd992d2bd12]
25-11-05 09:34:25.040 [http-nio-8080-exec-5] DEBUG org.hibernate.SQL - 
    select
        c1_0.id,
        c1_0.created_at,
        c1_0.description,
        c1_0.name,
        c1_0.type,
        c1_0.updated_at 
    from
        channels c1_0 
    where
        c1_0.type=? 
        or c1_0.id in (?)
25-11-05 09:34:25.041 [http-nio-8080-exec-5] TRACE org.hibernate.orm.jdbc.bind - binding parameter (1:VARCHAR) <- [PUBLIC]
25-11-05 09:34:25.041 [http-nio-8080-exec-5] TRACE org.hibernate.orm.jdbc.bind - binding parameter (2:UUID) <- [null]
25-11-05 09:34:25.043 [http-nio-8080-exec-5] DEBUG org.hibernate.SQL - 
    select
        m1_0.created_at 
    from
        messages m1_0 
    where
        m1_0.channel_id=? 
    order by
        m1_0.created_at desc 
    fetch
        first 1 rows only
25-11-05 09:34:25.043 [http-nio-8080-exec-5] TRACE org.hibernate.orm.jdbc.bind - binding parameter (1:UUID) <- [83a5759b-95ff-499b-813b-3de24059a258]
25-11-05 09:34:25.057 [http-nio-8080-exec-4] DEBUG org.hibernate.SQL - 
    select
        rs1_0.id,
        rs1_0.channel_id,
        rs1_0.created_at,
        rs1_0.last_read_at,
        rs1_0.updated_at,
        rs1_0.user_id 
    from
        read_statuses rs1_0 
    where
        rs1_0.user_id=?
25-11-05 09:34:25.060 [http-nio-8080-exec-4] TRACE org.hibernate.orm.jdbc.bind - binding parameter (1:UUID) <- [095d2689-7c70-4d41-9a69-4cd992d2bd12]
25-11-05 09:34:28.040 [http-nio-8080-exec-7] DEBUG org.hibernate.SQL - 
    select
        rs1_0.id,
        rs1_0.channel_id,
        rs1_0.created_at,
        rs1_0.last_read_at,
        rs1_0.updated_at,
        rs1_0.user_id 
    from
        read_statuses rs1_0 
    where
        rs1_0.user_id=?
25-11-05 09:34:28.040 [http-nio-8080-exec-7] TRACE org.hibernate.orm.jdbc.bind - binding parameter (1:UUID) <- [095d2689-7c70-4d41-9a69-4cd992d2bd12]
25-11-05 09:34:28.043 [http-nio-8080-exec-7] DEBUG org.hibernate.SQL - 
    select
        c1_0.id,
        c1_0.created_at,
        c1_0.description,
        c1_0.name,
        c1_0.type,
        c1_0.updated_at 
    from
        channels c1_0 
    where
        c1_0.type=? 
        or c1_0.id in (?)
25-11-05 09:34:28.044 [http-nio-8080-exec-7] TRACE org.hibernate.orm.jdbc.bind - binding parameter (1:VARCHAR) <- [PUBLIC]
25-11-05 09:34:28.044 [http-nio-8080-exec-7] TRACE org.hibernate.orm.jdbc.bind - binding parameter (2:UUID) <- [null]
25-11-05 09:34:28.048 [http-nio-8080-exec-7] DEBUG org.hibernate.SQL - 
    select
        m1_0.created_at 
    from
        messages m1_0 
    where
        m1_0.channel_id=? 
    order by
        m1_0.created_at desc 
    fetch
        first 1 rows only
25-11-05 09:34:28.048 [http-nio-8080-exec-7] TRACE org.hibernate.orm.jdbc.bind - binding parameter (1:UUID) <- [83a5759b-95ff-499b-813b-3de24059a258]
25-11-05 09:34:28.059 [http-nio-8080-exec-6] DEBUG org.hibernate.SQL - 
    select
        rs1_0.id,
        rs1_0.channel_id,
        rs1_0.created_at,
        rs1_0.last_read_at,
        rs1_0.updated_at,
        rs1_0.user_id 
    from
        read_statuses rs1_0 
    where
        rs1_0.user_id=?
25-11-05 09:34:28.062 [http-nio-8080-exec-6] TRACE org.hibernate.orm.jdbc.bind - binding parameter (1:UUID) <- [095d2689-7c70-4d41-9a69-4cd992d2bd12]
25-11-05 09:34:31.042 [http-nio-8080-exec-2] DEBUG org.hibernate.SQL - 
    select
        rs1_0.id,
        rs1_0.channel_id,
        rs1_0.created_at,
        rs1_0.last_read_at,
        rs1_0.updated_at,
        rs1_0.user_id 
    from
        read_statuses rs1_0 
    where
        rs1_0.user_id=?
25-11-05 09:34:31.042 [http-nio-8080-exec-2] TRACE org.hibernate.orm.jdbc.bind - binding parameter (1:UUID) <- [095d2689-7c70-4d41-9a69-4cd992d2bd12]
25-11-05 09:34:31.045 [http-nio-8080-exec-2] DEBUG org.hibernate.SQL - 
    select
        c1_0.id,
        c1_0.created_at,
        c1_0.description,
        c1_0.name,
        c1_0.type,
        c1_0.updated_at 
    from
        channels c1_0 
    where
        c1_0.type=? 
        or c1_0.id in (?)
25-11-05 09:34:31.045 [http-nio-8080-exec-2] TRACE org.hibernate.orm.jdbc.bind - binding parameter (1:VARCHAR) <- [PUBLIC]
25-11-05 09:34:31.045 [http-nio-8080-exec-2] TRACE org.hibernate.orm.jdbc.bind - binding parameter (2:UUID) <- [null]
25-11-05 09:34:31.048 [http-nio-8080-exec-2] DEBUG org.hibernate.SQL - 
    select
        m1_0.created_at 
    from
        messages m1_0 
    where
        m1_0.channel_id=? 
    order by
        m1_0.created_at desc 
    fetch
        first 1 rows only
25-11-05 09:34:31.048 [http-nio-8080-exec-2] TRACE org.hibernate.orm.jdbc.bind - binding parameter (1:UUID) <- [83a5759b-95ff-499b-813b-3de24059a258]
25-11-05 09:34:31.058 [http-nio-8080-exec-1] DEBUG org.hibernate.SQL - 
    select
        rs1_0.id,
        rs1_0.channel_id,
        rs1_0.created_at,
        rs1_0.last_read_at,
        rs1_0.updated_at,
        rs1_0.user_id 
    from
        read_statuses rs1_0 
    where
        rs1_0.user_id=?
25-11-05 09:34:31.058 [http-nio-8080-exec-1] TRACE org.hibernate.orm.jdbc.bind - binding parameter (1:UUID) <- [095d2689-7c70-4d41-9a69-4cd992d2bd12]
25-11-05 09:34:34.043 [http-nio-8080-exec-10] DEBUG org.hibernate.SQL - 
    select
        rs1_0.id,
        rs1_0.channel_id,
        rs1_0.created_at,
        rs1_0.last_read_at,
        rs1_0.updated_at,
        rs1_0.user_id 
    from
        read_statuses rs1_0 
    where
        rs1_0.user_id=?
25-11-05 09:34:34.043 [http-nio-8080-exec-10] TRACE org.hibernate.orm.jdbc.bind - binding parameter (1:UUID) <- [095d2689-7c70-4d41-9a69-4cd992d2bd12]
25-11-05 09:34:34.048 [http-nio-8080-exec-10] DEBUG org.hibernate.SQL - 
    select
        c1_0.id,
        c1_0.created_at,
        c1_0.description,
        c1_0.name,
        c1_0.type,
        c1_0.updated_at 
    from
        channels c1_0 
    where
        c1_0.type=? 
        or c1_0.id in (?)
25-11-05 09:34:34.048 [http-nio-8080-exec-10] TRACE org.hibernate.orm.jdbc.bind - binding parameter (1:VARCHAR) <- [PUBLIC]
25-11-05 09:34:34.048 [http-nio-8080-exec-10] TRACE org.hibernate.orm.jdbc.bind - binding parameter (2:UUID) <- [null]
25-11-05 09:34:34.053 [http-nio-8080-exec-10] DEBUG org.hibernate.SQL - 
    select
        m1_0.created_at 
    from
        messages m1_0 
    where
        m1_0.channel_id=? 
    order by
        m1_0.created_at desc 
    fetch
        first 1 rows only
25-11-05 09:34:34.054 [http-nio-8080-exec-10] TRACE org.hibernate.orm.jdbc.bind - binding parameter (1:UUID) <- [83a5759b-95ff-499b-813b-3de24059a258]
25-11-05 09:34:34.066 [http-nio-8080-exec-9] DEBUG org.hibernate.SQL - 
    select
        rs1_0.id,
        rs1_0.channel_id,
        rs1_0.created_at,
        rs1_0.last_read_at,
        rs1_0.updated_at,
        rs1_0.user_id 
    from
        read_statuses rs1_0 
    where
        rs1_0.user_id=?
25-11-05 09:34:34.068 [http-nio-8080-exec-9] TRACE org.hibernate.orm.jdbc.bind - binding parameter (1:UUID) <- [095d2689-7c70-4d41-9a69-4cd992d2bd12]
25-11-05 09:34:46.045 [http-nio-8080-exec-5] DEBUG org.hibernate.SQL - 
    select
        rs1_0.id,
        rs1_0.channel_id,
        rs1_0.created_at,
        rs1_0.last_read_at,
        rs1_0.updated_at,
        rs1_0.user_id 
    from
        read_statuses rs1_0 
    where
        rs1_0.user_id=?
25-11-05 09:34:46.045 [http-nio-8080-exec-5] TRACE org.hibernate.orm.jdbc.bind - binding parameter (1:UUID) <- [095d2689-7c70-4d41-9a69-4cd992d2bd12]
25-11-05 09:34:46.049 [http-nio-8080-exec-5] DEBUG org.hibernate.SQL - 
    select
        c1_0.id,
        c1_0.created_at,
        c1_0.description,
        c1_0.name,
        c1_0.type,
        c1_0.updated_at 
    from
        channels c1_0 
    where
        c1_0.type=? 
        or c1_0.id in (?)
25-11-05 09:34:46.050 [http-nio-8080-exec-5] TRACE org.hibernate.orm.jdbc.bind - binding parameter (1:VARCHAR) <- [PUBLIC]
25-11-05 09:34:46.050 [http-nio-8080-exec-5] TRACE org.hibernate.orm.jdbc.bind - binding parameter (2:UUID) <- [null]
25-11-05 09:34:46.053 [http-nio-8080-exec-5] DEBUG org.hibernate.SQL - 
    select
        m1_0.created_at 
    from
        messages m1_0 
    where
        m1_0.channel_id=? 
    order by
        m1_0.created_at desc 
    fetch
        first 1 rows only
25-11-05 09:34:46.053 [http-nio-8080-exec-5] TRACE org.hibernate.orm.jdbc.bind - binding parameter (1:UUID) <- [83a5759b-95ff-499b-813b-3de24059a258]
25-11-05 09:34:46.067 [http-nio-8080-exec-4] DEBUG org.hibernate.SQL - 
    select
        rs1_0.id,
        rs1_0.channel_id,
        rs1_0.created_at,
        rs1_0.last_read_at,
        rs1_0.updated_at,
        rs1_0.user_id 
    from
        read_statuses rs1_0 
    where
        rs1_0.user_id=?
25-11-05 09:34:46.069 [http-nio-8080-exec-4] TRACE org.hibernate.orm.jdbc.bind - binding parameter (1:UUID) <- [095d2689-7c70-4d41-9a69-4cd992d2bd12]
25-11-05 09:34:51.042 [http-nio-8080-exec-7] INFO  c.s.m.d.controller.UserController - 유저 상태 업데이트 요청 수신: userId=095d2689-7c70-4d41-9a69-4cd992d2bd12, newLastActiveAt=2025-11-05T00:34:51.038Z
25-11-05 09:34:51.044 [http-nio-8080-exec-6] DEBUG org.hibernate.SQL - 
    select
        u1_0.id,
        u1_0.created_at,
        u1_0.email,
        u1_0.password,
        p1_0.id,
        p1_0.content_type,
        p1_0.created_at,
        p1_0.file_name,
        p1_0.size,
        s1_0.id,
        s1_0.created_at,
        s1_0.last_active_at,
        s1_0.updated_at,
        s1_0.user_id,
        u1_0.updated_at,
        u1_0.username 
    from
        users u1_0 
    left join
        binary_contents p1_0 
            on p1_0.id=u1_0.profile_id 
    join
        user_statuses s1_0 
            on u1_0.id=s1_0.user_id
25-11-05 09:34:51.047 [http-nio-8080-exec-7] DEBUG org.hibernate.SQL - 
    select
        us1_0.id,
        us1_0.created_at,
        us1_0.last_active_at,
        us1_0.updated_at,
        us1_0.user_id 
    from
        user_statuses us1_0 
    where
        us1_0.user_id=?
25-11-05 09:34:51.047 [http-nio-8080-exec-7] TRACE org.hibernate.orm.jdbc.bind - binding parameter (1:UUID) <- [095d2689-7c70-4d41-9a69-4cd992d2bd12]
25-11-05 09:34:51.051 [http-nio-8080-exec-7] DEBUG org.hibernate.SQL - 
    update
        user_statuses 
    set
        last_active_at=?,
        updated_at=?,
        user_id=? 
    where
        id=?
25-11-05 09:34:51.051 [http-nio-8080-exec-7] TRACE org.hibernate.orm.jdbc.bind - binding parameter (1:TIMESTAMP_UTC) <- [2025-11-05T00:34:51.038Z]
25-11-05 09:34:51.052 [http-nio-8080-exec-7] TRACE org.hibernate.orm.jdbc.bind - binding parameter (2:TIMESTAMP_UTC) <- [2025-11-05T00:34:51.050594100Z]
25-11-05 09:34:51.052 [http-nio-8080-exec-7] TRACE org.hibernate.orm.jdbc.bind - binding parameter (3:UUID) <- [095d2689-7c70-4d41-9a69-4cd992d2bd12]
25-11-05 09:34:51.052 [http-nio-8080-exec-7] TRACE org.hibernate.orm.jdbc.bind - binding parameter (4:UUID) <- [99a8276f-308b-4b19-960a-9a03b8059380]
25-11-05 09:34:51.052 [http-nio-8080-exec-6] INFO  c.s.m.d.s.basic.BasicUserService - 모든 유저 목록 조회 완료. 총 3명
25-11-05 09:34:51.053 [http-nio-8080-exec-6] INFO  c.s.m.d.controller.UserController - 모든 유저 목록 조회 완료. 총 3명
25-11-05 09:34:51.065 [http-nio-8080-exec-1] DEBUG org.hibernate.SQL - 
    select
        rs1_0.id,
        rs1_0.channel_id,
        rs1_0.created_at,
        rs1_0.last_read_at,
        rs1_0.updated_at,
        rs1_0.user_id 
    from
        read_statuses rs1_0 
    where
        rs1_0.user_id=?
25-11-05 09:34:51.066 [http-nio-8080-exec-1] TRACE org.hibernate.orm.jdbc.bind - binding parameter (1:UUID) <- [095d2689-7c70-4d41-9a69-4cd992d2bd12]
25-11-05 09:34:51.066 [http-nio-8080-exec-7] INFO  c.s.m.d.controller.UserController - 유저 상태 업데이트 성공: userId=095d2689-7c70-4d41-9a69-4cd992d2bd12, newLastActiveAt=2025-11-05T00:34:51.038Z
25-11-05 09:34:51.067 [http-nio-8080-exec-2] DEBUG org.hibernate.SQL - 
    select
        rs1_0.id,
        rs1_0.channel_id,
        rs1_0.created_at,
        rs1_0.last_read_at,
        rs1_0.updated_at,
        rs1_0.user_id 
    from
        read_statuses rs1_0 
    where
        rs1_0.user_id=?
25-11-05 09:34:51.067 [http-nio-8080-exec-2] TRACE org.hibernate.orm.jdbc.bind - binding parameter (1:UUID) <- [095d2689-7c70-4d41-9a69-4cd992d2bd12]
25-11-05 09:34:51.071 [http-nio-8080-exec-2] DEBUG org.hibernate.SQL - 
    select
        c1_0.id,
        c1_0.created_at,
        c1_0.description,
        c1_0.name,
        c1_0.type,
        c1_0.updated_at 
    from
        channels c1_0 
    where
        c1_0.type=? 
        or c1_0.id in (?)
25-11-05 09:34:51.071 [http-nio-8080-exec-2] TRACE org.hibernate.orm.jdbc.bind - binding parameter (1:VARCHAR) <- [PUBLIC]
25-11-05 09:34:51.071 [http-nio-8080-exec-2] TRACE org.hibernate.orm.jdbc.bind - binding parameter (2:UUID) <- [null]
25-11-05 09:34:51.076 [http-nio-8080-exec-2] DEBUG org.hibernate.SQL - 
    select
        m1_0.created_at 
    from
        messages m1_0 
    where
        m1_0.channel_id=? 
    order by
        m1_0.created_at desc 
    fetch
        first 1 rows only
25-11-05 09:34:51.076 [http-nio-8080-exec-2] TRACE org.hibernate.orm.jdbc.bind - binding parameter (1:UUID) <- [83a5759b-95ff-499b-813b-3de24059a258]
25-11-05 09:34:51.088 [http-nio-8080-exec-10] DEBUG org.hibernate.SQL - 
    select
        rs1_0.id,
        rs1_0.channel_id,
        rs1_0.created_at,
        rs1_0.last_read_at,
        rs1_0.updated_at,
        rs1_0.user_id 
    from
        read_statuses rs1_0 
    where
        rs1_0.user_id=?
25-11-05 09:34:51.088 [http-nio-8080-exec-10] TRACE org.hibernate.orm.jdbc.bind - binding parameter (1:UUID) <- [095d2689-7c70-4d41-9a69-4cd992d2bd12]
25-11-05 09:34:55.038 [http-nio-8080-exec-9] DEBUG org.hibernate.SQL - 
    select
        rs1_0.id,
        rs1_0.channel_id,
        rs1_0.created_at,
        rs1_0.last_read_at,
        rs1_0.updated_at,
        rs1_0.user_id 
    from
        read_statuses rs1_0 
    where
        rs1_0.user_id=?
25-11-05 09:34:55.038 [http-nio-8080-exec-9] TRACE org.hibernate.orm.jdbc.bind - binding parameter (1:UUID) <- [095d2689-7c70-4d41-9a69-4cd992d2bd12]
25-11-05 09:34:55.042 [http-nio-8080-exec-9] DEBUG org.hibernate.SQL - 
    select
        c1_0.id,
        c1_0.created_at,
        c1_0.description,
        c1_0.name,
        c1_0.type,
        c1_0.updated_at 
    from
        channels c1_0 
    where
        c1_0.type=? 
        or c1_0.id in (?)
25-11-05 09:34:55.042 [http-nio-8080-exec-9] TRACE org.hibernate.orm.jdbc.bind - binding parameter (1:VARCHAR) <- [PUBLIC]
25-11-05 09:34:55.042 [http-nio-8080-exec-9] TRACE org.hibernate.orm.jdbc.bind - binding parameter (2:UUID) <- [null]
25-11-05 09:34:55.046 [http-nio-8080-exec-9] DEBUG org.hibernate.SQL - 
    select
        m1_0.created_at 
    from
        messages m1_0 
    where
        m1_0.channel_id=? 
    order by
        m1_0.created_at desc 
    fetch
        first 1 rows only
25-11-05 09:34:55.046 [http-nio-8080-exec-9] TRACE org.hibernate.orm.jdbc.bind - binding parameter (1:UUID) <- [83a5759b-95ff-499b-813b-3de24059a258]
25-11-05 09:34:55.058 [http-nio-8080-exec-8] DEBUG org.hibernate.SQL - 
    select
        rs1_0.id,
        rs1_0.channel_id,
        rs1_0.created_at,
        rs1_0.last_read_at,
        rs1_0.updated_at,
        rs1_0.user_id 
    from
        read_statuses rs1_0 
    where
        rs1_0.user_id=?
25-11-05 09:34:55.061 [http-nio-8080-exec-8] TRACE org.hibernate.orm.jdbc.bind - binding parameter (1:UUID) <- [095d2689-7c70-4d41-9a69-4cd992d2bd12]
25-11-05 09:34:58.040 [http-nio-8080-exec-6] DEBUG org.hibernate.SQL - 
    select
        rs1_0.id,
        rs1_0.channel_id,
        rs1_0.created_at,
        rs1_0.last_read_at,
        rs1_0.updated_at,
        rs1_0.user_id 
    from
        read_statuses rs1_0 
    where
        rs1_0.user_id=?
25-11-05 09:34:58.040 [http-nio-8080-exec-6] TRACE org.hibernate.orm.jdbc.bind - binding parameter (1:UUID) <- [095d2689-7c70-4d41-9a69-4cd992d2bd12]
25-11-05 09:34:58.044 [http-nio-8080-exec-6] DEBUG org.hibernate.SQL - 
    select
        c1_0.id,
        c1_0.created_at,
        c1_0.description,
        c1_0.name,
        c1_0.type,
        c1_0.updated_at 
    from
        channels c1_0 
    where
        c1_0.type=? 
        or c1_0.id in (?)
25-11-05 09:34:58.044 [http-nio-8080-exec-6] TRACE org.hibernate.orm.jdbc.bind - binding parameter (1:VARCHAR) <- [PUBLIC]
25-11-05 09:34:58.045 [http-nio-8080-exec-6] TRACE org.hibernate.orm.jdbc.bind - binding parameter (2:UUID) <- [null]
25-11-05 09:34:58.048 [http-nio-8080-exec-6] DEBUG org.hibernate.SQL - 
    select
        m1_0.created_at 
    from
        messages m1_0 
    where
        m1_0.channel_id=? 
    order by
        m1_0.created_at desc 
    fetch
        first 1 rows only
25-11-05 09:34:58.048 [http-nio-8080-exec-6] TRACE org.hibernate.orm.jdbc.bind - binding parameter (1:UUID) <- [83a5759b-95ff-499b-813b-3de24059a258]
25-11-05 09:34:58.060 [http-nio-8080-exec-7] DEBUG org.hibernate.SQL - 
    select
        rs1_0.id,
        rs1_0.channel_id,
        rs1_0.created_at,
        rs1_0.last_read_at,
        rs1_0.updated_at,
        rs1_0.user_id 
    from
        read_statuses rs1_0 
    where
        rs1_0.user_id=?
25-11-05 09:34:58.064 [http-nio-8080-exec-7] TRACE org.hibernate.orm.jdbc.bind - binding parameter (1:UUID) <- [095d2689-7c70-4d41-9a69-4cd992d2bd12]
25-11-05 09:35:01.039 [http-nio-8080-exec-1] DEBUG org.hibernate.SQL - 
    select
        rs1_0.id,
        rs1_0.channel_id,
        rs1_0.created_at,
        rs1_0.last_read_at,
        rs1_0.updated_at,
        rs1_0.user_id 
    from
        read_statuses rs1_0 
    where
        rs1_0.user_id=?
25-11-05 09:35:01.040 [http-nio-8080-exec-1] TRACE org.hibernate.orm.jdbc.bind - binding parameter (1:UUID) <- [095d2689-7c70-4d41-9a69-4cd992d2bd12]
25-11-05 09:35:01.043 [http-nio-8080-exec-1] DEBUG org.hibernate.SQL - 
    select
        c1_0.id,
        c1_0.created_at,
        c1_0.description,
        c1_0.name,
        c1_0.type,
        c1_0.updated_at 
    from
        channels c1_0 
    where
        c1_0.type=? 
        or c1_0.id in (?)
25-11-05 09:35:01.043 [http-nio-8080-exec-1] TRACE org.hibernate.orm.jdbc.bind - binding parameter (1:VARCHAR) <- [PUBLIC]
25-11-05 09:35:01.044 [http-nio-8080-exec-1] TRACE org.hibernate.orm.jdbc.bind - binding parameter (2:UUID) <- [null]
25-11-05 09:35:01.046 [http-nio-8080-exec-1] DEBUG org.hibernate.SQL - 
    select
        m1_0.created_at 
    from
        messages m1_0 
    where
        m1_0.channel_id=? 
    order by
        m1_0.created_at desc 
    fetch
        first 1 rows only
25-11-05 09:35:01.047 [http-nio-8080-exec-1] TRACE org.hibernate.orm.jdbc.bind - binding parameter (1:UUID) <- [83a5759b-95ff-499b-813b-3de24059a258]
25-11-05 09:35:01.068 [http-nio-8080-exec-2] DEBUG org.hibernate.SQL - 
    select
        rs1_0.id,
        rs1_0.channel_id,
        rs1_0.created_at,
        rs1_0.last_read_at,
        rs1_0.updated_at,
        rs1_0.user_id 
    from
        read_statuses rs1_0 
    where
        rs1_0.user_id=?
25-11-05 09:35:01.071 [http-nio-8080-exec-2] TRACE org.hibernate.orm.jdbc.bind - binding parameter (1:UUID) <- [095d2689-7c70-4d41-9a69-4cd992d2bd12]
25-11-05 09:35:04.039 [http-nio-8080-exec-10] DEBUG org.hibernate.SQL - 
    select
        rs1_0.id,
        rs1_0.channel_id,
        rs1_0.created_at,
        rs1_0.last_read_at,
        rs1_0.updated_at,
        rs1_0.user_id 
    from
        read_statuses rs1_0 
    where
        rs1_0.user_id=?
25-11-05 09:35:04.040 [http-nio-8080-exec-10] TRACE org.hibernate.orm.jdbc.bind - binding parameter (1:UUID) <- [095d2689-7c70-4d41-9a69-4cd992d2bd12]
25-11-05 09:35:04.044 [http-nio-8080-exec-10] DEBUG org.hibernate.SQL - 
    select
        c1_0.id,
        c1_0.created_at,
        c1_0.description,
        c1_0.name,
        c1_0.type,
        c1_0.updated_at 
    from
        channels c1_0 
    where
        c1_0.type=? 
        or c1_0.id in (?)
25-11-05 09:35:04.045 [http-nio-8080-exec-10] TRACE org.hibernate.orm.jdbc.bind - binding parameter (1:VARCHAR) <- [PUBLIC]
25-11-05 09:35:04.045 [http-nio-8080-exec-10] TRACE org.hibernate.orm.jdbc.bind - binding parameter (2:UUID) <- [null]
25-11-05 09:35:04.048 [http-nio-8080-exec-10] DEBUG org.hibernate.SQL - 
    select
        m1_0.created_at 
    from
        messages m1_0 
    where
        m1_0.channel_id=? 
    order by
        m1_0.created_at desc 
    fetch
        first 1 rows only
25-11-05 09:35:04.049 [http-nio-8080-exec-10] TRACE org.hibernate.orm.jdbc.bind - binding parameter (1:UUID) <- [83a5759b-95ff-499b-813b-3de24059a258]
25-11-05 09:35:04.064 [http-nio-8080-exec-9] DEBUG org.hibernate.SQL - 
    select
        rs1_0.id,
        rs1_0.channel_id,
        rs1_0.created_at,
        rs1_0.last_read_at,
        rs1_0.updated_at,
        rs1_0.user_id 
    from
        read_statuses rs1_0 
    where
        rs1_0.user_id=?
25-11-05 09:35:04.066 [http-nio-8080-exec-9] TRACE org.hibernate.orm.jdbc.bind - binding parameter (1:UUID) <- [095d2689-7c70-4d41-9a69-4cd992d2bd12]
25-11-05 09:35:07.040 [http-nio-8080-exec-8] DEBUG org.hibernate.SQL - 
    select
        rs1_0.id,
        rs1_0.channel_id,
        rs1_0.created_at,
        rs1_0.last_read_at,
        rs1_0.updated_at,
        rs1_0.user_id 
    from
        read_statuses rs1_0 
    where
        rs1_0.user_id=?
25-11-05 09:35:07.040 [http-nio-8080-exec-8] TRACE org.hibernate.orm.jdbc.bind - binding parameter (1:UUID) <- [095d2689-7c70-4d41-9a69-4cd992d2bd12]
25-11-05 09:35:07.044 [http-nio-8080-exec-8] DEBUG org.hibernate.SQL - 
    select
        c1_0.id,
        c1_0.created_at,
        c1_0.description,
        c1_0.name,
        c1_0.type,
        c1_0.updated_at 
    from
        channels c1_0 
    where
        c1_0.type=? 
        or c1_0.id in (?)
25-11-05 09:35:07.045 [http-nio-8080-exec-8] TRACE org.hibernate.orm.jdbc.bind - binding parameter (1:VARCHAR) <- [PUBLIC]
25-11-05 09:35:07.045 [http-nio-8080-exec-8] TRACE org.hibernate.orm.jdbc.bind - binding parameter (2:UUID) <- [null]
25-11-05 09:35:07.048 [http-nio-8080-exec-8] DEBUG org.hibernate.SQL - 
    select
        m1_0.created_at 
    from
        messages m1_0 
    where
        m1_0.channel_id=? 
    order by
        m1_0.created_at desc 
    fetch
        first 1 rows only
25-11-05 09:35:07.048 [http-nio-8080-exec-8] TRACE org.hibernate.orm.jdbc.bind - binding parameter (1:UUID) <- [83a5759b-95ff-499b-813b-3de24059a258]
25-11-05 09:35:07.064 [http-nio-8080-exec-3] DEBUG org.hibernate.SQL - 
    select
        rs1_0.id,
        rs1_0.channel_id,
        rs1_0.created_at,
        rs1_0.last_read_at,
        rs1_0.updated_at,
        rs1_0.user_id 
    from
        read_statuses rs1_0 
    where
        rs1_0.user_id=?
25-11-05 09:35:07.066 [http-nio-8080-exec-3] TRACE org.hibernate.orm.jdbc.bind - binding parameter (1:UUID) <- [095d2689-7c70-4d41-9a69-4cd992d2bd12]
25-11-05 09:35:10.039 [http-nio-8080-exec-4] DEBUG org.hibernate.SQL - 
    select
        rs1_0.id,
        rs1_0.channel_id,
        rs1_0.created_at,
        rs1_0.last_read_at,
        rs1_0.updated_at,
        rs1_0.user_id 
    from
        read_statuses rs1_0 
    where
        rs1_0.user_id=?
25-11-05 09:35:10.039 [http-nio-8080-exec-4] TRACE org.hibernate.orm.jdbc.bind - binding parameter (1:UUID) <- [095d2689-7c70-4d41-9a69-4cd992d2bd12]
25-11-05 09:35:10.042 [http-nio-8080-exec-4] DEBUG org.hibernate.SQL - 
    select
        c1_0.id,
        c1_0.created_at,
        c1_0.description,
        c1_0.name,
        c1_0.type,
        c1_0.updated_at 
    from
        channels c1_0 
    where
        c1_0.type=? 
        or c1_0.id in (?)
25-11-05 09:35:10.042 [http-nio-8080-exec-4] TRACE org.hibernate.orm.jdbc.bind - binding parameter (1:VARCHAR) <- [PUBLIC]
25-11-05 09:35:10.042 [http-nio-8080-exec-4] TRACE org.hibernate.orm.jdbc.bind - binding parameter (2:UUID) <- [null]
25-11-05 09:35:10.045 [http-nio-8080-exec-4] DEBUG org.hibernate.SQL - 
    select
        m1_0.created_at 
    from
        messages m1_0 
    where
        m1_0.channel_id=? 
    order by
        m1_0.created_at desc 
    fetch
        first 1 rows only
25-11-05 09:35:10.045 [http-nio-8080-exec-4] TRACE org.hibernate.orm.jdbc.bind - binding parameter (1:UUID) <- [83a5759b-95ff-499b-813b-3de24059a258]
25-11-05 09:35:10.056 [http-nio-8080-exec-6] DEBUG org.hibernate.SQL - 
    select
        rs1_0.id,
        rs1_0.channel_id,
        rs1_0.created_at,
        rs1_0.last_read_at,
        rs1_0.updated_at,
        rs1_0.user_id 
    from
        read_statuses rs1_0 
    where
        rs1_0.user_id=?
25-11-05 09:35:10.056 [http-nio-8080-exec-6] TRACE org.hibernate.orm.jdbc.bind - binding parameter (1:UUID) <- [095d2689-7c70-4d41-9a69-4cd992d2bd12]
25-11-05 09:35:46.050 [http-nio-8080-exec-1] INFO  c.s.m.d.controller.UserController - 유저 상태 업데이트 요청 수신: userId=095d2689-7c70-4d41-9a69-4cd992d2bd12, newLastActiveAt=2025-11-05T00:35:46.041Z
25-11-05 09:35:46.054 [http-nio-8080-exec-2] DEBUG org.hibernate.SQL - 
    select
        rs1_0.id,
        rs1_0.channel_id,
        rs1_0.created_at,
        rs1_0.last_read_at,
        rs1_0.updated_at,
        rs1_0.user_id 
    from
        read_statuses rs1_0 
    where
        rs1_0.user_id=?
25-11-05 09:35:46.055 [http-nio-8080-exec-2] TRACE org.hibernate.orm.jdbc.bind - binding parameter (1:UUID) <- [095d2689-7c70-4d41-9a69-4cd992d2bd12]
25-11-05 09:35:46.056 [http-nio-8080-exec-1] DEBUG org.hibernate.SQL - 
    select
        us1_0.id,
        us1_0.created_at,
        us1_0.last_active_at,
        us1_0.updated_at,
        us1_0.user_id 
    from
        user_statuses us1_0 
    where
        us1_0.user_id=?
25-11-05 09:35:46.057 [http-nio-8080-exec-1] TRACE org.hibernate.orm.jdbc.bind - binding parameter (1:UUID) <- [095d2689-7c70-4d41-9a69-4cd992d2bd12]
25-11-05 09:35:46.061 [http-nio-8080-exec-2] DEBUG org.hibernate.SQL - 
    select
        c1_0.id,
        c1_0.created_at,
        c1_0.description,
        c1_0.name,
        c1_0.type,
        c1_0.updated_at 
    from
        channels c1_0 
    where
        c1_0.type=? 
        or c1_0.id in (?)
25-11-05 09:35:46.062 [http-nio-8080-exec-2] TRACE org.hibernate.orm.jdbc.bind - binding parameter (1:VARCHAR) <- [PUBLIC]
25-11-05 09:35:46.062 [http-nio-8080-exec-2] TRACE org.hibernate.orm.jdbc.bind - binding parameter (2:UUID) <- [null]
25-11-05 09:35:46.062 [http-nio-8080-exec-1] DEBUG org.hibernate.SQL - 
    update
        user_statuses 
    set
        last_active_at=?,
        updated_at=?,
        user_id=? 
    where
        id=?
25-11-05 09:35:46.063 [http-nio-8080-exec-1] TRACE org.hibernate.orm.jdbc.bind - binding parameter (1:TIMESTAMP_UTC) <- [2025-11-05T00:35:46.041Z]
25-11-05 09:35:46.063 [http-nio-8080-exec-1] TRACE org.hibernate.orm.jdbc.bind - binding parameter (2:TIMESTAMP_UTC) <- [2025-11-05T00:35:46.061295Z]
25-11-05 09:35:46.063 [http-nio-8080-exec-1] TRACE org.hibernate.orm.jdbc.bind - binding parameter (3:UUID) <- [095d2689-7c70-4d41-9a69-4cd992d2bd12]
25-11-05 09:35:46.063 [http-nio-8080-exec-1] TRACE org.hibernate.orm.jdbc.bind - binding parameter (4:UUID) <- [99a8276f-308b-4b19-960a-9a03b8059380]
25-11-05 09:35:46.066 [http-nio-8080-exec-2] DEBUG org.hibernate.SQL - 
    select
        m1_0.created_at 
    from
        messages m1_0 
    where
        m1_0.channel_id=? 
    order by
        m1_0.created_at desc 
    fetch
        first 1 rows only
25-11-05 09:35:46.066 [http-nio-8080-exec-2] TRACE org.hibernate.orm.jdbc.bind - binding parameter (1:UUID) <- [83a5759b-95ff-499b-813b-3de24059a258]
25-11-05 09:35:46.072 [http-nio-8080-exec-1] INFO  c.s.m.d.controller.UserController - 유저 상태 업데이트 성공: userId=095d2689-7c70-4d41-9a69-4cd992d2bd12, newLastActiveAt=2025-11-05T00:35:46.041Z
25-11-05 09:35:46.084 [http-nio-8080-exec-10] DEBUG org.hibernate.SQL - 
    select
        rs1_0.id,
        rs1_0.channel_id,
        rs1_0.created_at,
        rs1_0.last_read_at,
        rs1_0.updated_at,
        rs1_0.user_id 
    from
        read_statuses rs1_0 
    where
        rs1_0.user_id=?
25-11-05 09:35:46.087 [http-nio-8080-exec-10] TRACE org.hibernate.orm.jdbc.bind - binding parameter (1:UUID) <- [095d2689-7c70-4d41-9a69-4cd992d2bd12]
25-11-05 09:35:51.051 [http-nio-8080-exec-3] DEBUG org.hibernate.SQL - 
    select
        u1_0.id,
        u1_0.created_at,
        u1_0.email,
        u1_0.password,
        p1_0.id,
        p1_0.content_type,
        p1_0.created_at,
        p1_0.file_name,
        p1_0.size,
        s1_0.id,
        s1_0.created_at,
        s1_0.last_active_at,
        s1_0.updated_at,
        s1_0.user_id,
        u1_0.updated_at,
        u1_0.username 
    from
        users u1_0 
    left join
        binary_contents p1_0 
            on p1_0.id=u1_0.profile_id 
    join
        user_statuses s1_0 
            on u1_0.id=s1_0.user_id
25-11-05 09:35:51.057 [http-nio-8080-exec-3] INFO  c.s.m.d.s.basic.BasicUserService - 모든 유저 목록 조회 완료. 총 3명
25-11-05 09:35:51.058 [http-nio-8080-exec-3] INFO  c.s.m.d.controller.UserController - 모든 유저 목록 조회 완료. 총 3명
25-11-05 09:35:51.073 [http-nio-8080-exec-4] DEBUG org.hibernate.SQL - 
    select
        rs1_0.id,
        rs1_0.channel_id,
        rs1_0.created_at,
        rs1_0.last_read_at,
        rs1_0.updated_at,
        rs1_0.user_id 
    from
        read_statuses rs1_0 
    where
        rs1_0.user_id=?
25-11-05 09:35:51.075 [http-nio-8080-exec-5] DEBUG org.hibernate.SQL - 
    select
        rs1_0.id,
        rs1_0.channel_id,
        rs1_0.created_at,
        rs1_0.last_read_at,
        rs1_0.updated_at,
        rs1_0.user_id 
    from
        read_statuses rs1_0 
    where
        rs1_0.user_id=?
25-11-05 09:35:51.075 [http-nio-8080-exec-5] TRACE org.hibernate.orm.jdbc.bind - binding parameter (1:UUID) <- [095d2689-7c70-4d41-9a69-4cd992d2bd12]
25-11-05 09:35:51.077 [http-nio-8080-exec-4] TRACE org.hibernate.orm.jdbc.bind - binding parameter (1:UUID) <- [095d2689-7c70-4d41-9a69-4cd992d2bd12]
25-11-05 09:35:51.080 [http-nio-8080-exec-5] DEBUG org.hibernate.SQL - 
    select
        c1_0.id,
        c1_0.created_at,
        c1_0.description,
        c1_0.name,
        c1_0.type,
        c1_0.updated_at 
    from
        channels c1_0 
    where
        c1_0.type=? 
        or c1_0.id in (?)
25-11-05 09:35:51.080 [http-nio-8080-exec-5] TRACE org.hibernate.orm.jdbc.bind - binding parameter (1:VARCHAR) <- [PUBLIC]
25-11-05 09:35:51.080 [http-nio-8080-exec-5] TRACE org.hibernate.orm.jdbc.bind - binding parameter (2:UUID) <- [null]
25-11-05 09:35:51.084 [http-nio-8080-exec-5] DEBUG org.hibernate.SQL - 
    select
        m1_0.created_at 
    from
        messages m1_0 
    where
        m1_0.channel_id=? 
    order by
        m1_0.created_at desc 
    fetch
        first 1 rows only
25-11-05 09:35:51.085 [http-nio-8080-exec-5] TRACE org.hibernate.orm.jdbc.bind - binding parameter (1:UUID) <- [83a5759b-95ff-499b-813b-3de24059a258]
25-11-05 09:35:51.098 [http-nio-8080-exec-6] DEBUG org.hibernate.SQL - 
    select
        rs1_0.id,
        rs1_0.channel_id,
        rs1_0.created_at,
        rs1_0.last_read_at,
        rs1_0.updated_at,
        rs1_0.user_id 
    from
        read_statuses rs1_0 
    where
        rs1_0.user_id=?
25-11-05 09:35:51.099 [http-nio-8080-exec-6] TRACE org.hibernate.orm.jdbc.bind - binding parameter (1:UUID) <- [095d2689-7c70-4d41-9a69-4cd992d2bd12]
25-11-05 09:35:55.041 [http-nio-8080-exec-7] DEBUG org.hibernate.SQL - 
    select
        rs1_0.id,
        rs1_0.channel_id,
        rs1_0.created_at,
        rs1_0.last_read_at,
        rs1_0.updated_at,
        rs1_0.user_id 
    from
        read_statuses rs1_0 
    where
        rs1_0.user_id=?
25-11-05 09:35:55.041 [http-nio-8080-exec-7] TRACE org.hibernate.orm.jdbc.bind - binding parameter (1:UUID) <- [095d2689-7c70-4d41-9a69-4cd992d2bd12]
25-11-05 09:35:55.046 [http-nio-8080-exec-7] DEBUG org.hibernate.SQL - 
    select
        c1_0.id,
        c1_0.created_at,
        c1_0.description,
        c1_0.name,
        c1_0.type,
        c1_0.updated_at 
    from
        channels c1_0 
    where
        c1_0.type=? 
        or c1_0.id in (?)
25-11-05 09:35:55.046 [http-nio-8080-exec-7] TRACE org.hibernate.orm.jdbc.bind - binding parameter (1:VARCHAR) <- [PUBLIC]
25-11-05 09:35:55.046 [http-nio-8080-exec-7] TRACE org.hibernate.orm.jdbc.bind - binding parameter (2:UUID) <- [null]
25-11-05 09:35:55.050 [http-nio-8080-exec-7] DEBUG org.hibernate.SQL - 
    select
        m1_0.created_at 
    from
        messages m1_0 
    where
        m1_0.channel_id=? 
    order by
        m1_0.created_at desc 
    fetch
        first 1 rows only
25-11-05 09:35:55.050 [http-nio-8080-exec-7] TRACE org.hibernate.orm.jdbc.bind - binding parameter (1:UUID) <- [83a5759b-95ff-499b-813b-3de24059a258]
25-11-05 09:35:55.066 [http-nio-8080-exec-2] DEBUG org.hibernate.SQL - 
    select
        rs1_0.id,
        rs1_0.channel_id,
        rs1_0.created_at,
        rs1_0.last_read_at,
        rs1_0.updated_at,
        rs1_0.user_id 
    from
        read_statuses rs1_0 
    where
        rs1_0.user_id=?
25-11-05 09:35:55.070 [http-nio-8080-exec-2] TRACE org.hibernate.orm.jdbc.bind - binding parameter (1:UUID) <- [095d2689-7c70-4d41-9a69-4cd992d2bd12]
25-11-05 09:35:58.043 [http-nio-8080-exec-8] DEBUG org.hibernate.SQL - 
    select
        rs1_0.id,
        rs1_0.channel_id,
        rs1_0.created_at,
        rs1_0.last_read_at,
        rs1_0.updated_at,
        rs1_0.user_id 
    from
        read_statuses rs1_0 
    where
        rs1_0.user_id=?
25-11-05 09:35:58.043 [http-nio-8080-exec-8] TRACE org.hibernate.orm.jdbc.bind - binding parameter (1:UUID) <- [095d2689-7c70-4d41-9a69-4cd992d2bd12]
25-11-05 09:35:58.055 [http-nio-8080-exec-8] DEBUG org.hibernate.SQL - 
    select
        c1_0.id,
        c1_0.created_at,
        c1_0.description,
        c1_0.name,
        c1_0.type,
        c1_0.updated_at 
    from
        channels c1_0 
    where
        c1_0.type=? 
        or c1_0.id in (?)
25-11-05 09:35:58.055 [http-nio-8080-exec-8] TRACE org.hibernate.orm.jdbc.bind - binding parameter (1:VARCHAR) <- [PUBLIC]
25-11-05 09:35:58.055 [http-nio-8080-exec-8] TRACE org.hibernate.orm.jdbc.bind - binding parameter (2:UUID) <- [null]
25-11-05 09:35:58.058 [http-nio-8080-exec-8] DEBUG org.hibernate.SQL - 
    select
        m1_0.created_at 
    from
        messages m1_0 
    where
        m1_0.channel_id=? 
    order by
        m1_0.created_at desc 
    fetch
        first 1 rows only
25-11-05 09:35:58.058 [http-nio-8080-exec-8] TRACE org.hibernate.orm.jdbc.bind - binding parameter (1:UUID) <- [83a5759b-95ff-499b-813b-3de24059a258]
25-11-05 09:35:58.071 [http-nio-8080-exec-9] DEBUG org.hibernate.SQL - 
    select
        rs1_0.id,
        rs1_0.channel_id,
        rs1_0.created_at,
        rs1_0.last_read_at,
        rs1_0.updated_at,
        rs1_0.user_id 
    from
        read_statuses rs1_0 
    where
        rs1_0.user_id=?
25-11-05 09:35:58.073 [http-nio-8080-exec-9] TRACE org.hibernate.orm.jdbc.bind - binding parameter (1:UUID) <- [095d2689-7c70-4d41-9a69-4cd992d2bd12]
25-11-05 09:36:01.039 [http-nio-8080-exec-3] DEBUG org.hibernate.SQL - 
    select
        rs1_0.id,
        rs1_0.channel_id,
        rs1_0.created_at,
        rs1_0.last_read_at,
        rs1_0.updated_at,
        rs1_0.user_id 
    from
        read_statuses rs1_0 
    where
        rs1_0.user_id=?
25-11-05 09:36:01.039 [http-nio-8080-exec-3] TRACE org.hibernate.orm.jdbc.bind - binding parameter (1:UUID) <- [095d2689-7c70-4d41-9a69-4cd992d2bd12]
25-11-05 09:36:01.042 [http-nio-8080-exec-3] DEBUG org.hibernate.SQL - 
    select
        c1_0.id,
        c1_0.created_at,
        c1_0.description,
        c1_0.name,
        c1_0.type,
        c1_0.updated_at 
    from
        channels c1_0 
    where
        c1_0.type=? 
        or c1_0.id in (?)
25-11-05 09:36:01.042 [http-nio-8080-exec-3] TRACE org.hibernate.orm.jdbc.bind - binding parameter (1:VARCHAR) <- [PUBLIC]
25-11-05 09:36:01.042 [http-nio-8080-exec-3] TRACE org.hibernate.orm.jdbc.bind - binding parameter (2:UUID) <- [null]
25-11-05 09:36:01.045 [http-nio-8080-exec-3] DEBUG org.hibernate.SQL - 
    select
        m1_0.created_at 
    from
        messages m1_0 
    where
        m1_0.channel_id=? 
    order by
        m1_0.created_at desc 
    fetch
        first 1 rows only
25-11-05 09:36:01.046 [http-nio-8080-exec-3] TRACE org.hibernate.orm.jdbc.bind - binding parameter (1:UUID) <- [83a5759b-95ff-499b-813b-3de24059a258]
25-11-05 09:36:01.057 [http-nio-8080-exec-4] DEBUG org.hibernate.SQL - 
    select
        rs1_0.id,
        rs1_0.channel_id,
        rs1_0.created_at,
        rs1_0.last_read_at,
        rs1_0.updated_at,
        rs1_0.user_id 
    from
        read_statuses rs1_0 
    where
        rs1_0.user_id=?
25-11-05 09:36:01.059 [http-nio-8080-exec-4] TRACE org.hibernate.orm.jdbc.bind - binding parameter (1:UUID) <- [095d2689-7c70-4d41-9a69-4cd992d2bd12]
25-11-05 09:36:04.038 [http-nio-8080-exec-5] DEBUG org.hibernate.SQL - 
    select
        rs1_0.id,
        rs1_0.channel_id,
        rs1_0.created_at,
        rs1_0.last_read_at,
        rs1_0.updated_at,
        rs1_0.user_id 
    from
        read_statuses rs1_0 
    where
        rs1_0.user_id=?
25-11-05 09:36:04.038 [http-nio-8080-exec-5] TRACE org.hibernate.orm.jdbc.bind - binding parameter (1:UUID) <- [095d2689-7c70-4d41-9a69-4cd992d2bd12]
25-11-05 09:36:04.042 [http-nio-8080-exec-5] DEBUG org.hibernate.SQL - 
    select
        c1_0.id,
        c1_0.created_at,
        c1_0.description,
        c1_0.name,
        c1_0.type,
        c1_0.updated_at 
    from
        channels c1_0 
    where
        c1_0.type=? 
        or c1_0.id in (?)
25-11-05 09:36:04.042 [http-nio-8080-exec-5] TRACE org.hibernate.orm.jdbc.bind - binding parameter (1:VARCHAR) <- [PUBLIC]
25-11-05 09:36:04.042 [http-nio-8080-exec-5] TRACE org.hibernate.orm.jdbc.bind - binding parameter (2:UUID) <- [null]
25-11-05 09:36:04.045 [http-nio-8080-exec-5] DEBUG org.hibernate.SQL - 
    select
        m1_0.created_at 
    from
        messages m1_0 
    where
        m1_0.channel_id=? 
    order by
        m1_0.created_at desc 
    fetch
        first 1 rows only
25-11-05 09:36:04.045 [http-nio-8080-exec-5] TRACE org.hibernate.orm.jdbc.bind - binding parameter (1:UUID) <- [83a5759b-95ff-499b-813b-3de24059a258]
25-11-05 09:36:04.058 [http-nio-8080-exec-6] DEBUG org.hibernate.SQL - 
    select
        rs1_0.id,
        rs1_0.channel_id,
        rs1_0.created_at,
        rs1_0.last_read_at,
        rs1_0.updated_at,
        rs1_0.user_id 
    from
        read_statuses rs1_0 
    where
        rs1_0.user_id=?
25-11-05 09:36:04.061 [http-nio-8080-exec-6] TRACE org.hibernate.orm.jdbc.bind - binding parameter (1:UUID) <- [095d2689-7c70-4d41-9a69-4cd992d2bd12]
25-11-05 09:36:07.037 [http-nio-8080-exec-7] DEBUG org.hibernate.SQL - 
    select
        rs1_0.id,
        rs1_0.channel_id,
        rs1_0.created_at,
        rs1_0.last_read_at,
        rs1_0.updated_at,
        rs1_0.user_id 
    from
        read_statuses rs1_0 
    where
        rs1_0.user_id=?
25-11-05 09:36:07.038 [http-nio-8080-exec-7] TRACE org.hibernate.orm.jdbc.bind - binding parameter (1:UUID) <- [095d2689-7c70-4d41-9a69-4cd992d2bd12]
25-11-05 09:36:07.040 [http-nio-8080-exec-7] DEBUG org.hibernate.SQL - 
    select
        c1_0.id,
        c1_0.created_at,
        c1_0.description,
        c1_0.name,
        c1_0.type,
        c1_0.updated_at 
    from
        channels c1_0 
    where
        c1_0.type=? 
        or c1_0.id in (?)
25-11-05 09:36:07.041 [http-nio-8080-exec-7] TRACE org.hibernate.orm.jdbc.bind - binding parameter (1:VARCHAR) <- [PUBLIC]
25-11-05 09:36:07.041 [http-nio-8080-exec-7] TRACE org.hibernate.orm.jdbc.bind - binding parameter (2:UUID) <- [null]
25-11-05 09:36:07.043 [http-nio-8080-exec-7] DEBUG org.hibernate.SQL - 
    select
        m1_0.created_at 
    from
        messages m1_0 
    where
        m1_0.channel_id=? 
    order by
        m1_0.created_at desc 
    fetch
        first 1 rows only
25-11-05 09:36:07.043 [http-nio-8080-exec-7] TRACE org.hibernate.orm.jdbc.bind - binding parameter (1:UUID) <- [83a5759b-95ff-499b-813b-3de24059a258]
25-11-05 09:36:07.054 [http-nio-8080-exec-2] DEBUG org.hibernate.SQL - 
    select
        rs1_0.id,
        rs1_0.channel_id,
        rs1_0.created_at,
        rs1_0.last_read_at,
        rs1_0.updated_at,
        rs1_0.user_id 
    from
        read_statuses rs1_0 
    where
        rs1_0.user_id=?
25-11-05 09:36:07.057 [http-nio-8080-exec-2] TRACE org.hibernate.orm.jdbc.bind - binding parameter (1:UUID) <- [095d2689-7c70-4d41-9a69-4cd992d2bd12]
25-11-05 09:36:10.038 [http-nio-8080-exec-1] DEBUG org.hibernate.SQL - 
    select
        rs1_0.id,
        rs1_0.channel_id,
        rs1_0.created_at,
        rs1_0.last_read_at,
        rs1_0.updated_at,
        rs1_0.user_id 
    from
        read_statuses rs1_0 
    where
        rs1_0.user_id=?
25-11-05 09:36:10.038 [http-nio-8080-exec-1] TRACE org.hibernate.orm.jdbc.bind - binding parameter (1:UUID) <- [095d2689-7c70-4d41-9a69-4cd992d2bd12]
25-11-05 09:36:10.042 [http-nio-8080-exec-1] DEBUG org.hibernate.SQL - 
    select
        c1_0.id,
        c1_0.created_at,
        c1_0.description,
        c1_0.name,
        c1_0.type,
        c1_0.updated_at 
    from
        channels c1_0 
    where
        c1_0.type=? 
        or c1_0.id in (?)
25-11-05 09:36:10.042 [http-nio-8080-exec-1] TRACE org.hibernate.orm.jdbc.bind - binding parameter (1:VARCHAR) <- [PUBLIC]
25-11-05 09:36:10.042 [http-nio-8080-exec-1] TRACE org.hibernate.orm.jdbc.bind - binding parameter (2:UUID) <- [null]
25-11-05 09:36:10.044 [http-nio-8080-exec-1] DEBUG org.hibernate.SQL - 
    select
        m1_0.created_at 
    from
        messages m1_0 
    where
        m1_0.channel_id=? 
    order by
        m1_0.created_at desc 
    fetch
        first 1 rows only
25-11-05 09:36:10.045 [http-nio-8080-exec-1] TRACE org.hibernate.orm.jdbc.bind - binding parameter (1:UUID) <- [83a5759b-95ff-499b-813b-3de24059a258]
25-11-05 09:36:10.054 [http-nio-8080-exec-8] DEBUG org.hibernate.SQL - 
    select
        rs1_0.id,
        rs1_0.channel_id,
        rs1_0.created_at,
        rs1_0.last_read_at,
        rs1_0.updated_at,
        rs1_0.user_id 
    from
        read_statuses rs1_0 
    where
        rs1_0.user_id=?
25-11-05 09:36:10.064 [http-nio-8080-exec-8] TRACE org.hibernate.orm.jdbc.bind - binding parameter (1:UUID) <- [095d2689-7c70-4d41-9a69-4cd992d2bd12]
25-11-05 09:36:46.039 [http-nio-8080-exec-3] INFO  c.s.m.d.controller.UserController - 유저 상태 업데이트 요청 수신: userId=095d2689-7c70-4d41-9a69-4cd992d2bd12, newLastActiveAt=2025-11-05T00:36:46.033Z
25-11-05 09:36:46.042 [http-nio-8080-exec-3] DEBUG org.hibernate.SQL - 
    select
        us1_0.id,
        us1_0.created_at,
        us1_0.last_active_at,
        us1_0.updated_at,
        us1_0.user_id 
    from
        user_statuses us1_0 
    where
        us1_0.user_id=?
25-11-05 09:36:46.042 [http-nio-8080-exec-4] DEBUG org.hibernate.SQL - 
    select
        rs1_0.id,
        rs1_0.channel_id,
        rs1_0.created_at,
        rs1_0.last_read_at,
        rs1_0.updated_at,
        rs1_0.user_id 
    from
        read_statuses rs1_0 
    where
        rs1_0.user_id=?
25-11-05 09:36:46.043 [http-nio-8080-exec-4] TRACE org.hibernate.orm.jdbc.bind - binding parameter (1:UUID) <- [095d2689-7c70-4d41-9a69-4cd992d2bd12]
25-11-05 09:36:46.043 [http-nio-8080-exec-3] TRACE org.hibernate.orm.jdbc.bind - binding parameter (1:UUID) <- [095d2689-7c70-4d41-9a69-4cd992d2bd12]
25-11-05 09:36:46.047 [http-nio-8080-exec-4] DEBUG org.hibernate.SQL - 
    select
        c1_0.id,
        c1_0.created_at,
        c1_0.description,
        c1_0.name,
        c1_0.type,
        c1_0.updated_at 
    from
        channels c1_0 
    where
        c1_0.type=? 
        or c1_0.id in (?)
25-11-05 09:36:46.047 [http-nio-8080-exec-3] DEBUG org.hibernate.SQL - 
    update
        user_statuses 
    set
        last_active_at=?,
        updated_at=?,
        user_id=? 
    where
        id=?
25-11-05 09:36:46.047 [http-nio-8080-exec-4] TRACE org.hibernate.orm.jdbc.bind - binding parameter (1:VARCHAR) <- [PUBLIC]
25-11-05 09:36:46.047 [http-nio-8080-exec-3] TRACE org.hibernate.orm.jdbc.bind - binding parameter (1:TIMESTAMP_UTC) <- [2025-11-05T00:36:46.033Z]
25-11-05 09:36:46.047 [http-nio-8080-exec-4] TRACE org.hibernate.orm.jdbc.bind - binding parameter (2:UUID) <- [null]
25-11-05 09:36:46.047 [http-nio-8080-exec-3] TRACE org.hibernate.orm.jdbc.bind - binding parameter (2:TIMESTAMP_UTC) <- [2025-11-05T00:36:46.046156700Z]
25-11-05 09:36:46.047 [http-nio-8080-exec-3] TRACE org.hibernate.orm.jdbc.bind - binding parameter (3:UUID) <- [095d2689-7c70-4d41-9a69-4cd992d2bd12]
25-11-05 09:36:46.047 [http-nio-8080-exec-3] TRACE org.hibernate.orm.jdbc.bind - binding parameter (4:UUID) <- [99a8276f-308b-4b19-960a-9a03b8059380]
25-11-05 09:36:46.052 [http-nio-8080-exec-4] DEBUG org.hibernate.SQL - 
    select
        m1_0.created_at 
    from
        messages m1_0 
    where
        m1_0.channel_id=? 
    order by
        m1_0.created_at desc 
    fetch
        first 1 rows only
25-11-05 09:36:46.052 [http-nio-8080-exec-4] TRACE org.hibernate.orm.jdbc.bind - binding parameter (1:UUID) <- [83a5759b-95ff-499b-813b-3de24059a258]
25-11-05 09:36:46.062 [http-nio-8080-exec-3] INFO  c.s.m.d.controller.UserController - 유저 상태 업데이트 성공: userId=095d2689-7c70-4d41-9a69-4cd992d2bd12, newLastActiveAt=2025-11-05T00:36:46.033Z
25-11-05 09:36:46.065 [http-nio-8080-exec-5] DEBUG org.hibernate.SQL - 
    select
        rs1_0.id,
        rs1_0.channel_id,
        rs1_0.created_at,
        rs1_0.last_read_at,
        rs1_0.updated_at,
        rs1_0.user_id 
    from
        read_statuses rs1_0 
    where
        rs1_0.user_id=?
25-11-05 09:36:46.067 [http-nio-8080-exec-5] TRACE org.hibernate.orm.jdbc.bind - binding parameter (1:UUID) <- [095d2689-7c70-4d41-9a69-4cd992d2bd12]
25-11-05 09:36:51.041 [http-nio-8080-exec-2] DEBUG org.hibernate.SQL - 
    select
        u1_0.id,
        u1_0.created_at,
        u1_0.email,
        u1_0.password,
        p1_0.id,
        p1_0.content_type,
        p1_0.created_at,
        p1_0.file_name,
        p1_0.size,
        s1_0.id,
        s1_0.created_at,
        s1_0.last_active_at,
        s1_0.updated_at,
        s1_0.user_id,
        u1_0.updated_at,
        u1_0.username 
    from
        users u1_0 
    left join
        binary_contents p1_0 
            on p1_0.id=u1_0.profile_id 
    join
        user_statuses s1_0 
            on u1_0.id=s1_0.user_id
25-11-05 09:36:51.046 [http-nio-8080-exec-2] INFO  c.s.m.d.s.basic.BasicUserService - 모든 유저 목록 조회 완료. 총 3명
25-11-05 09:36:51.046 [http-nio-8080-exec-2] INFO  c.s.m.d.controller.UserController - 모든 유저 목록 조회 완료. 총 3명
25-11-05 09:36:51.056 [http-nio-8080-exec-1] DEBUG org.hibernate.SQL - 
    select
        rs1_0.id,
        rs1_0.channel_id,
        rs1_0.created_at,
        rs1_0.last_read_at,
        rs1_0.updated_at,
        rs1_0.user_id 
    from
        read_statuses rs1_0 
    where
        rs1_0.user_id=?
25-11-05 09:36:51.059 [http-nio-8080-exec-1] TRACE org.hibernate.orm.jdbc.bind - binding parameter (1:UUID) <- [095d2689-7c70-4d41-9a69-4cd992d2bd12]
25-11-05 09:36:51.059 [http-nio-8080-exec-10] DEBUG org.hibernate.SQL - 
    select
        rs1_0.id,
        rs1_0.channel_id,
        rs1_0.created_at,
        rs1_0.last_read_at,
        rs1_0.updated_at,
        rs1_0.user_id 
    from
        read_statuses rs1_0 
    where
        rs1_0.user_id=?
25-11-05 09:36:51.059 [http-nio-8080-exec-10] TRACE org.hibernate.orm.jdbc.bind - binding parameter (1:UUID) <- [095d2689-7c70-4d41-9a69-4cd992d2bd12]
25-11-05 09:36:51.062 [http-nio-8080-exec-10] DEBUG org.hibernate.SQL - 
    select
        c1_0.id,
        c1_0.created_at,
        c1_0.description,
        c1_0.name,
        c1_0.type,
        c1_0.updated_at 
    from
        channels c1_0 
    where
        c1_0.type=? 
        or c1_0.id in (?)
25-11-05 09:36:51.063 [http-nio-8080-exec-10] TRACE org.hibernate.orm.jdbc.bind - binding parameter (1:VARCHAR) <- [PUBLIC]
25-11-05 09:36:51.063 [http-nio-8080-exec-10] TRACE org.hibernate.orm.jdbc.bind - binding parameter (2:UUID) <- [null]
25-11-05 09:36:51.065 [http-nio-8080-exec-10] DEBUG org.hibernate.SQL - 
    select
        m1_0.created_at 
    from
        messages m1_0 
    where
        m1_0.channel_id=? 
    order by
        m1_0.created_at desc 
    fetch
        first 1 rows only
25-11-05 09:36:51.065 [http-nio-8080-exec-10] TRACE org.hibernate.orm.jdbc.bind - binding parameter (1:UUID) <- [83a5759b-95ff-499b-813b-3de24059a258]
25-11-05 09:36:51.077 [http-nio-8080-exec-8] DEBUG org.hibernate.SQL - 
    select
        rs1_0.id,
        rs1_0.channel_id,
        rs1_0.created_at,
        rs1_0.last_read_at,
        rs1_0.updated_at,
        rs1_0.user_id 
    from
        read_statuses rs1_0 
    where
        rs1_0.user_id=?
25-11-05 09:36:51.078 [http-nio-8080-exec-8] TRACE org.hibernate.orm.jdbc.bind - binding parameter (1:UUID) <- [095d2689-7c70-4d41-9a69-4cd992d2bd12]
25-11-05 09:36:55.038 [http-nio-8080-exec-9] DEBUG org.hibernate.SQL - 
    select
        rs1_0.id,
        rs1_0.channel_id,
        rs1_0.created_at,
        rs1_0.last_read_at,
        rs1_0.updated_at,
        rs1_0.user_id 
    from
        read_statuses rs1_0 
    where
        rs1_0.user_id=?
25-11-05 09:36:55.039 [http-nio-8080-exec-9] TRACE org.hibernate.orm.jdbc.bind - binding parameter (1:UUID) <- [095d2689-7c70-4d41-9a69-4cd992d2bd12]
25-11-05 09:36:55.042 [http-nio-8080-exec-9] DEBUG org.hibernate.SQL - 
    select
        c1_0.id,
        c1_0.created_at,
        c1_0.description,
        c1_0.name,
        c1_0.type,
        c1_0.updated_at 
    from
        channels c1_0 
    where
        c1_0.type=? 
        or c1_0.id in (?)
25-11-05 09:36:55.042 [http-nio-8080-exec-9] TRACE org.hibernate.orm.jdbc.bind - binding parameter (1:VARCHAR) <- [PUBLIC]
25-11-05 09:36:55.042 [http-nio-8080-exec-9] TRACE org.hibernate.orm.jdbc.bind - binding parameter (2:UUID) <- [null]
25-11-05 09:36:55.044 [http-nio-8080-exec-9] DEBUG org.hibernate.SQL - 
    select
        m1_0.created_at 
    from
        messages m1_0 
    where
        m1_0.channel_id=? 
    order by
        m1_0.created_at desc 
    fetch
        first 1 rows only
25-11-05 09:36:55.044 [http-nio-8080-exec-9] TRACE org.hibernate.orm.jdbc.bind - binding parameter (1:UUID) <- [83a5759b-95ff-499b-813b-3de24059a258]
25-11-05 09:36:55.053 [http-nio-8080-exec-4] DEBUG org.hibernate.SQL - 
    select
        rs1_0.id,
        rs1_0.channel_id,
        rs1_0.created_at,
        rs1_0.last_read_at,
        rs1_0.updated_at,
        rs1_0.user_id 
    from
        read_statuses rs1_0 
    where
        rs1_0.user_id=?
25-11-05 09:36:55.053 [http-nio-8080-exec-4] TRACE org.hibernate.orm.jdbc.bind - binding parameter (1:UUID) <- [095d2689-7c70-4d41-9a69-4cd992d2bd12]
25-11-05 09:36:58.039 [http-nio-8080-exec-3] DEBUG org.hibernate.SQL - 
    select
        rs1_0.id,
        rs1_0.channel_id,
        rs1_0.created_at,
        rs1_0.last_read_at,
        rs1_0.updated_at,
        rs1_0.user_id 
    from
        read_statuses rs1_0 
    where
        rs1_0.user_id=?
25-11-05 09:36:58.039 [http-nio-8080-exec-3] TRACE org.hibernate.orm.jdbc.bind - binding parameter (1:UUID) <- [095d2689-7c70-4d41-9a69-4cd992d2bd12]
25-11-05 09:36:58.042 [http-nio-8080-exec-3] DEBUG org.hibernate.SQL - 
    select
        c1_0.id,
        c1_0.created_at,
        c1_0.description,
        c1_0.name,
        c1_0.type,
        c1_0.updated_at 
    from
        channels c1_0 
    where
        c1_0.type=? 
        or c1_0.id in (?)
25-11-05 09:36:58.043 [http-nio-8080-exec-3] TRACE org.hibernate.orm.jdbc.bind - binding parameter (1:VARCHAR) <- [PUBLIC]
25-11-05 09:36:58.043 [http-nio-8080-exec-3] TRACE org.hibernate.orm.jdbc.bind - binding parameter (2:UUID) <- [null]
25-11-05 09:36:58.045 [http-nio-8080-exec-3] DEBUG org.hibernate.SQL - 
    select
        m1_0.created_at 
    from
        messages m1_0 
    where
        m1_0.channel_id=? 
    order by
        m1_0.created_at desc 
    fetch
        first 1 rows only
25-11-05 09:36:58.045 [http-nio-8080-exec-3] TRACE org.hibernate.orm.jdbc.bind - binding parameter (1:UUID) <- [83a5759b-95ff-499b-813b-3de24059a258]
25-11-05 09:36:58.056 [http-nio-8080-exec-5] DEBUG org.hibernate.SQL - 
    select
        rs1_0.id,
        rs1_0.channel_id,
        rs1_0.created_at,
        rs1_0.last_read_at,
        rs1_0.updated_at,
        rs1_0.user_id 
    from
        read_statuses rs1_0 
    where
        rs1_0.user_id=?
25-11-05 09:36:58.057 [http-nio-8080-exec-5] TRACE org.hibernate.orm.jdbc.bind - binding parameter (1:UUID) <- [095d2689-7c70-4d41-9a69-4cd992d2bd12]
25-11-05 09:37:01.038 [http-nio-8080-exec-6] DEBUG org.hibernate.SQL - 
    select
        rs1_0.id,
        rs1_0.channel_id,
        rs1_0.created_at,
        rs1_0.last_read_at,
        rs1_0.updated_at,
        rs1_0.user_id 
    from
        read_statuses rs1_0 
    where
        rs1_0.user_id=?
25-11-05 09:37:01.038 [http-nio-8080-exec-6] TRACE org.hibernate.orm.jdbc.bind - binding parameter (1:UUID) <- [095d2689-7c70-4d41-9a69-4cd992d2bd12]
25-11-05 09:37:01.041 [http-nio-8080-exec-6] DEBUG org.hibernate.SQL - 
    select
        c1_0.id,
        c1_0.created_at,
        c1_0.description,
        c1_0.name,
        c1_0.type,
        c1_0.updated_at 
    from
        channels c1_0 
    where
        c1_0.type=? 
        or c1_0.id in (?)
25-11-05 09:37:01.041 [http-nio-8080-exec-6] TRACE org.hibernate.orm.jdbc.bind - binding parameter (1:VARCHAR) <- [PUBLIC]
25-11-05 09:37:01.041 [http-nio-8080-exec-6] TRACE org.hibernate.orm.jdbc.bind - binding parameter (2:UUID) <- [null]
25-11-05 09:37:01.043 [http-nio-8080-exec-6] DEBUG org.hibernate.SQL - 
    select
        m1_0.created_at 
    from
        messages m1_0 
    where
        m1_0.channel_id=? 
    order by
        m1_0.created_at desc 
    fetch
        first 1 rows only
25-11-05 09:37:01.043 [http-nio-8080-exec-6] TRACE org.hibernate.orm.jdbc.bind - binding parameter (1:UUID) <- [83a5759b-95ff-499b-813b-3de24059a258]
25-11-05 09:37:01.052 [http-nio-8080-exec-7] DEBUG org.hibernate.SQL - 
    select
        rs1_0.id,
        rs1_0.channel_id,
        rs1_0.created_at,
        rs1_0.last_read_at,
        rs1_0.updated_at,
        rs1_0.user_id 
    from
        read_statuses rs1_0 
    where
        rs1_0.user_id=?
25-11-05 09:37:01.054 [http-nio-8080-exec-7] TRACE org.hibernate.orm.jdbc.bind - binding parameter (1:UUID) <- [095d2689-7c70-4d41-9a69-4cd992d2bd12]
25-11-05 09:37:04.041 [http-nio-8080-exec-2] DEBUG org.hibernate.SQL - 
    select
        rs1_0.id,
        rs1_0.channel_id,
        rs1_0.created_at,
        rs1_0.last_read_at,
        rs1_0.updated_at,
        rs1_0.user_id 
    from
        read_statuses rs1_0 
    where
        rs1_0.user_id=?
25-11-05 09:37:04.041 [http-nio-8080-exec-2] TRACE org.hibernate.orm.jdbc.bind - binding parameter (1:UUID) <- [095d2689-7c70-4d41-9a69-4cd992d2bd12]
25-11-05 09:37:04.045 [http-nio-8080-exec-2] DEBUG org.hibernate.SQL - 
    select
        c1_0.id,
        c1_0.created_at,
        c1_0.description,
        c1_0.name,
        c1_0.type,
        c1_0.updated_at 
    from
        channels c1_0 
    where
        c1_0.type=? 
        or c1_0.id in (?)
25-11-05 09:37:04.045 [http-nio-8080-exec-2] TRACE org.hibernate.orm.jdbc.bind - binding parameter (1:VARCHAR) <- [PUBLIC]
25-11-05 09:37:04.045 [http-nio-8080-exec-2] TRACE org.hibernate.orm.jdbc.bind - binding parameter (2:UUID) <- [null]
25-11-05 09:37:04.048 [http-nio-8080-exec-2] DEBUG org.hibernate.SQL - 
    select
        m1_0.created_at 
    from
        messages m1_0 
    where
        m1_0.channel_id=? 
    order by
        m1_0.created_at desc 
    fetch
        first 1 rows only
25-11-05 09:37:04.048 [http-nio-8080-exec-2] TRACE org.hibernate.orm.jdbc.bind - binding parameter (1:UUID) <- [83a5759b-95ff-499b-813b-3de24059a258]
25-11-05 09:37:04.070 [http-nio-8080-exec-1] DEBUG org.hibernate.SQL - 
    select
        rs1_0.id,
        rs1_0.channel_id,
        rs1_0.created_at,
        rs1_0.last_read_at,
        rs1_0.updated_at,
        rs1_0.user_id 
    from
        read_statuses rs1_0 
    where
        rs1_0.user_id=?
25-11-05 09:37:04.072 [http-nio-8080-exec-1] TRACE org.hibernate.orm.jdbc.bind - binding parameter (1:UUID) <- [095d2689-7c70-4d41-9a69-4cd992d2bd12]
25-11-05 09:37:07.038 [http-nio-8080-exec-10] DEBUG org.hibernate.SQL - 
    select
        rs1_0.id,
        rs1_0.channel_id,
        rs1_0.created_at,
        rs1_0.last_read_at,
        rs1_0.updated_at,
        rs1_0.user_id 
    from
        read_statuses rs1_0 
    where
        rs1_0.user_id=?
25-11-05 09:37:07.038 [http-nio-8080-exec-10] TRACE org.hibernate.orm.jdbc.bind - binding parameter (1:UUID) <- [095d2689-7c70-4d41-9a69-4cd992d2bd12]
25-11-05 09:37:07.043 [http-nio-8080-exec-10] DEBUG org.hibernate.SQL - 
    select
        c1_0.id,
        c1_0.created_at,
        c1_0.description,
        c1_0.name,
        c1_0.type,
        c1_0.updated_at 
    from
        channels c1_0 
    where
        c1_0.type=? 
        or c1_0.id in (?)
25-11-05 09:37:07.043 [http-nio-8080-exec-10] TRACE org.hibernate.orm.jdbc.bind - binding parameter (1:VARCHAR) <- [PUBLIC]
25-11-05 09:37:07.043 [http-nio-8080-exec-10] TRACE org.hibernate.orm.jdbc.bind - binding parameter (2:UUID) <- [null]
25-11-05 09:37:07.046 [http-nio-8080-exec-10] DEBUG org.hibernate.SQL - 
    select
        m1_0.created_at 
    from
        messages m1_0 
    where
        m1_0.channel_id=? 
    order by
        m1_0.created_at desc 
    fetch
        first 1 rows only
25-11-05 09:37:07.046 [http-nio-8080-exec-10] TRACE org.hibernate.orm.jdbc.bind - binding parameter (1:UUID) <- [83a5759b-95ff-499b-813b-3de24059a258]
25-11-05 09:37:07.056 [http-nio-8080-exec-8] DEBUG org.hibernate.SQL - 
    select
        rs1_0.id,
        rs1_0.channel_id,
        rs1_0.created_at,
        rs1_0.last_read_at,
        rs1_0.updated_at,
        rs1_0.user_id 
    from
        read_statuses rs1_0 
    where
        rs1_0.user_id=?
25-11-05 09:37:07.059 [http-nio-8080-exec-8] TRACE org.hibernate.orm.jdbc.bind - binding parameter (1:UUID) <- [095d2689-7c70-4d41-9a69-4cd992d2bd12]
25-11-05 09:37:10.037 [http-nio-8080-exec-9] DEBUG org.hibernate.SQL - 
    select
        rs1_0.id,
        rs1_0.channel_id,
        rs1_0.created_at,
        rs1_0.last_read_at,
        rs1_0.updated_at,
        rs1_0.user_id 
    from
        read_statuses rs1_0 
    where
        rs1_0.user_id=?
25-11-05 09:37:10.037 [http-nio-8080-exec-9] TRACE org.hibernate.orm.jdbc.bind - binding parameter (1:UUID) <- [095d2689-7c70-4d41-9a69-4cd992d2bd12]
25-11-05 09:37:10.040 [http-nio-8080-exec-9] DEBUG org.hibernate.SQL - 
    select
        c1_0.id,
        c1_0.created_at,
        c1_0.description,
        c1_0.name,
        c1_0.type,
        c1_0.updated_at 
    from
        channels c1_0 
    where
        c1_0.type=? 
        or c1_0.id in (?)
25-11-05 09:37:10.041 [http-nio-8080-exec-9] TRACE org.hibernate.orm.jdbc.bind - binding parameter (1:VARCHAR) <- [PUBLIC]
25-11-05 09:37:10.041 [http-nio-8080-exec-9] TRACE org.hibernate.orm.jdbc.bind - binding parameter (2:UUID) <- [null]
25-11-05 09:37:10.044 [http-nio-8080-exec-9] DEBUG org.hibernate.SQL - 
    select
        m1_0.created_at 
    from
        messages m1_0 
    where
        m1_0.channel_id=? 
    order by
        m1_0.created_at desc 
    fetch
        first 1 rows only
25-11-05 09:37:10.045 [http-nio-8080-exec-9] TRACE org.hibernate.orm.jdbc.bind - binding parameter (1:UUID) <- [83a5759b-95ff-499b-813b-3de24059a258]
25-11-05 09:37:10.055 [http-nio-8080-exec-4] DEBUG org.hibernate.SQL - 
    select
        rs1_0.id,
        rs1_0.channel_id,
        rs1_0.created_at,
        rs1_0.last_read_at,
        rs1_0.updated_at,
        rs1_0.user_id 
    from
        read_statuses rs1_0 
    where
        rs1_0.user_id=?
25-11-05 09:37:10.055 [http-nio-8080-exec-4] TRACE org.hibernate.orm.jdbc.bind - binding parameter (1:UUID) <- [095d2689-7c70-4d41-9a69-4cd992d2bd12]
25-11-05 09:37:46.047 [http-nio-8080-exec-3] INFO  c.s.m.d.controller.UserController - 유저 상태 업데이트 요청 수신: userId=095d2689-7c70-4d41-9a69-4cd992d2bd12, newLastActiveAt=2025-11-05T00:37:46.041Z
25-11-05 09:37:46.052 [http-nio-8080-exec-3] DEBUG org.hibernate.SQL - 
    select
        us1_0.id,
        us1_0.created_at,
        us1_0.last_active_at,
        us1_0.updated_at,
        us1_0.user_id 
    from
        user_statuses us1_0 
    where
        us1_0.user_id=?
25-11-05 09:37:46.052 [http-nio-8080-exec-5] DEBUG org.hibernate.SQL - 
    select
        rs1_0.id,
        rs1_0.channel_id,
        rs1_0.created_at,
        rs1_0.last_read_at,
        rs1_0.updated_at,
        rs1_0.user_id 
    from
        read_statuses rs1_0 
    where
        rs1_0.user_id=?
25-11-05 09:37:46.052 [http-nio-8080-exec-5] TRACE org.hibernate.orm.jdbc.bind - binding parameter (1:UUID) <- [095d2689-7c70-4d41-9a69-4cd992d2bd12]
25-11-05 09:37:46.052 [http-nio-8080-exec-3] TRACE org.hibernate.orm.jdbc.bind - binding parameter (1:UUID) <- [095d2689-7c70-4d41-9a69-4cd992d2bd12]
25-11-05 09:37:46.065 [http-nio-8080-exec-5] DEBUG org.hibernate.SQL - 
    select
        c1_0.id,
        c1_0.created_at,
        c1_0.description,
        c1_0.name,
        c1_0.type,
        c1_0.updated_at 
    from
        channels c1_0 
    where
        c1_0.type=? 
        or c1_0.id in (?)
25-11-05 09:37:46.065 [http-nio-8080-exec-3] DEBUG org.hibernate.SQL - 
    update
        user_statuses 
    set
        last_active_at=?,
        updated_at=?,
        user_id=? 
    where
        id=?
25-11-05 09:37:46.065 [http-nio-8080-exec-5] TRACE org.hibernate.orm.jdbc.bind - binding parameter (1:VARCHAR) <- [PUBLIC]
25-11-05 09:37:46.066 [http-nio-8080-exec-5] TRACE org.hibernate.orm.jdbc.bind - binding parameter (2:UUID) <- [null]
25-11-05 09:37:46.066 [http-nio-8080-exec-3] TRACE org.hibernate.orm.jdbc.bind - binding parameter (1:TIMESTAMP_UTC) <- [2025-11-05T00:37:46.041Z]
25-11-05 09:37:46.066 [http-nio-8080-exec-3] TRACE org.hibernate.orm.jdbc.bind - binding parameter (2:TIMESTAMP_UTC) <- [2025-11-05T00:37:46.064395900Z]
25-11-05 09:37:46.066 [http-nio-8080-exec-3] TRACE org.hibernate.orm.jdbc.bind - binding parameter (3:UUID) <- [095d2689-7c70-4d41-9a69-4cd992d2bd12]
25-11-05 09:37:46.066 [http-nio-8080-exec-3] TRACE org.hibernate.orm.jdbc.bind - binding parameter (4:UUID) <- [99a8276f-308b-4b19-960a-9a03b8059380]
25-11-05 09:37:46.070 [http-nio-8080-exec-5] DEBUG org.hibernate.SQL - 
    select
        m1_0.created_at 
    from
        messages m1_0 
    where
        m1_0.channel_id=? 
    order by
        m1_0.created_at desc 
    fetch
        first 1 rows only
25-11-05 09:37:46.070 [http-nio-8080-exec-5] TRACE org.hibernate.orm.jdbc.bind - binding parameter (1:UUID) <- [83a5759b-95ff-499b-813b-3de24059a258]
25-11-05 09:37:46.075 [http-nio-8080-exec-3] INFO  c.s.m.d.controller.UserController - 유저 상태 업데이트 성공: userId=095d2689-7c70-4d41-9a69-4cd992d2bd12, newLastActiveAt=2025-11-05T00:37:46.041Z
25-11-05 09:37:46.083 [http-nio-8080-exec-6] DEBUG org.hibernate.SQL - 
    select
        rs1_0.id,
        rs1_0.channel_id,
        rs1_0.created_at,
        rs1_0.last_read_at,
        rs1_0.updated_at,
        rs1_0.user_id 
    from
        read_statuses rs1_0 
    where
        rs1_0.user_id=?
25-11-05 09:37:46.086 [http-nio-8080-exec-6] TRACE org.hibernate.orm.jdbc.bind - binding parameter (1:UUID) <- [095d2689-7c70-4d41-9a69-4cd992d2bd12]
25-11-05 09:37:51.038 [http-nio-8080-exec-1] DEBUG org.hibernate.SQL - 
    select
        u1_0.id,
        u1_0.created_at,
        u1_0.email,
        u1_0.password,
        p1_0.id,
        p1_0.content_type,
        p1_0.created_at,
        p1_0.file_name,
        p1_0.size,
        s1_0.id,
        s1_0.created_at,
        s1_0.last_active_at,
        s1_0.updated_at,
        s1_0.user_id,
        u1_0.updated_at,
        u1_0.username 
    from
        users u1_0 
    left join
        binary_contents p1_0 
            on p1_0.id=u1_0.profile_id 
    join
        user_statuses s1_0 
            on u1_0.id=s1_0.user_id
25-11-05 09:37:51.044 [http-nio-8080-exec-1] INFO  c.s.m.d.s.basic.BasicUserService - 모든 유저 목록 조회 완료. 총 3명
25-11-05 09:37:51.044 [http-nio-8080-exec-1] INFO  c.s.m.d.controller.UserController - 모든 유저 목록 조회 완료. 총 3명
25-11-05 09:37:51.057 [http-nio-8080-exec-8] DEBUG org.hibernate.SQL - 
    select
        rs1_0.id,
        rs1_0.channel_id,
        rs1_0.created_at,
        rs1_0.last_read_at,
        rs1_0.updated_at,
        rs1_0.user_id 
    from
        read_statuses rs1_0 
    where
        rs1_0.user_id=?
25-11-05 09:37:51.060 [http-nio-8080-exec-8] TRACE org.hibernate.orm.jdbc.bind - binding parameter (1:UUID) <- [095d2689-7c70-4d41-9a69-4cd992d2bd12]
25-11-05 09:37:51.060 [http-nio-8080-exec-10] DEBUG org.hibernate.SQL - 
    select
        rs1_0.id,
        rs1_0.channel_id,
        rs1_0.created_at,
        rs1_0.last_read_at,
        rs1_0.updated_at,
        rs1_0.user_id 
    from
        read_statuses rs1_0 
    where
        rs1_0.user_id=?
25-11-05 09:37:51.061 [http-nio-8080-exec-10] TRACE org.hibernate.orm.jdbc.bind - binding parameter (1:UUID) <- [095d2689-7c70-4d41-9a69-4cd992d2bd12]
25-11-05 09:37:51.065 [http-nio-8080-exec-10] DEBUG org.hibernate.SQL - 
    select
        c1_0.id,
        c1_0.created_at,
        c1_0.description,
        c1_0.name,
        c1_0.type,
        c1_0.updated_at 
    from
        channels c1_0 
    where
        c1_0.type=? 
        or c1_0.id in (?)
25-11-05 09:37:51.065 [http-nio-8080-exec-10] TRACE org.hibernate.orm.jdbc.bind - binding parameter (1:VARCHAR) <- [PUBLIC]
25-11-05 09:37:51.065 [http-nio-8080-exec-10] TRACE org.hibernate.orm.jdbc.bind - binding parameter (2:UUID) <- [null]
25-11-05 09:37:51.069 [http-nio-8080-exec-10] DEBUG org.hibernate.SQL - 
    select
        m1_0.created_at 
    from
        messages m1_0 
    where
        m1_0.channel_id=? 
    order by
        m1_0.created_at desc 
    fetch
        first 1 rows only
25-11-05 09:37:51.069 [http-nio-8080-exec-10] TRACE org.hibernate.orm.jdbc.bind - binding parameter (1:UUID) <- [83a5759b-95ff-499b-813b-3de24059a258]
25-11-05 09:37:51.085 [http-nio-8080-exec-9] DEBUG org.hibernate.SQL - 
    select
        rs1_0.id,
        rs1_0.channel_id,
        rs1_0.created_at,
        rs1_0.last_read_at,
        rs1_0.updated_at,
        rs1_0.user_id 
    from
        read_statuses rs1_0 
    where
        rs1_0.user_id=?
25-11-05 09:37:51.086 [http-nio-8080-exec-9] TRACE org.hibernate.orm.jdbc.bind - binding parameter (1:UUID) <- [095d2689-7c70-4d41-9a69-4cd992d2bd12]
25-11-05 09:37:55.042 [http-nio-8080-exec-4] DEBUG org.hibernate.SQL - 
    select
        rs1_0.id,
        rs1_0.channel_id,
        rs1_0.created_at,
        rs1_0.last_read_at,
        rs1_0.updated_at,
        rs1_0.user_id 
    from
        read_statuses rs1_0 
    where
        rs1_0.user_id=?
25-11-05 09:37:55.043 [http-nio-8080-exec-4] TRACE org.hibernate.orm.jdbc.bind - binding parameter (1:UUID) <- [095d2689-7c70-4d41-9a69-4cd992d2bd12]
25-11-05 09:37:55.046 [http-nio-8080-exec-4] DEBUG org.hibernate.SQL - 
    select
        c1_0.id,
        c1_0.created_at,
        c1_0.description,
        c1_0.name,
        c1_0.type,
        c1_0.updated_at 
    from
        channels c1_0 
    where
        c1_0.type=? 
        or c1_0.id in (?)
25-11-05 09:37:55.047 [http-nio-8080-exec-4] TRACE org.hibernate.orm.jdbc.bind - binding parameter (1:VARCHAR) <- [PUBLIC]
25-11-05 09:37:55.047 [http-nio-8080-exec-4] TRACE org.hibernate.orm.jdbc.bind - binding parameter (2:UUID) <- [null]
25-11-05 09:37:55.050 [http-nio-8080-exec-4] DEBUG org.hibernate.SQL - 
    select
        m1_0.created_at 
    from
        messages m1_0 
    where
        m1_0.channel_id=? 
    order by
        m1_0.created_at desc 
    fetch
        first 1 rows only
25-11-05 09:37:55.050 [http-nio-8080-exec-4] TRACE org.hibernate.orm.jdbc.bind - binding parameter (1:UUID) <- [83a5759b-95ff-499b-813b-3de24059a258]
25-11-05 09:37:55.064 [http-nio-8080-exec-3] DEBUG org.hibernate.SQL - 
    select
        rs1_0.id,
        rs1_0.channel_id,
        rs1_0.created_at,
        rs1_0.last_read_at,
        rs1_0.updated_at,
        rs1_0.user_id 
    from
        read_statuses rs1_0 
    where
        rs1_0.user_id=?
25-11-05 09:37:55.066 [http-nio-8080-exec-3] TRACE org.hibernate.orm.jdbc.bind - binding parameter (1:UUID) <- [095d2689-7c70-4d41-9a69-4cd992d2bd12]
25-11-05 09:37:58.038 [http-nio-8080-exec-5] DEBUG org.hibernate.SQL - 
    select
        rs1_0.id,
        rs1_0.channel_id,
        rs1_0.created_at,
        rs1_0.last_read_at,
        rs1_0.updated_at,
        rs1_0.user_id 
    from
        read_statuses rs1_0 
    where
        rs1_0.user_id=?
25-11-05 09:37:58.039 [http-nio-8080-exec-5] TRACE org.hibernate.orm.jdbc.bind - binding parameter (1:UUID) <- [095d2689-7c70-4d41-9a69-4cd992d2bd12]
25-11-05 09:37:58.042 [http-nio-8080-exec-5] DEBUG org.hibernate.SQL - 
    select
        c1_0.id,
        c1_0.created_at,
        c1_0.description,
        c1_0.name,
        c1_0.type,
        c1_0.updated_at 
    from
        channels c1_0 
    where
        c1_0.type=? 
        or c1_0.id in (?)
25-11-05 09:37:58.042 [http-nio-8080-exec-5] TRACE org.hibernate.orm.jdbc.bind - binding parameter (1:VARCHAR) <- [PUBLIC]
25-11-05 09:37:58.042 [http-nio-8080-exec-5] TRACE org.hibernate.orm.jdbc.bind - binding parameter (2:UUID) <- [null]
25-11-05 09:37:58.045 [http-nio-8080-exec-5] DEBUG org.hibernate.SQL - 
    select
        m1_0.created_at 
    from
        messages m1_0 
    where
        m1_0.channel_id=? 
    order by
        m1_0.created_at desc 
    fetch
        first 1 rows only
25-11-05 09:37:58.045 [http-nio-8080-exec-5] TRACE org.hibernate.orm.jdbc.bind - binding parameter (1:UUID) <- [83a5759b-95ff-499b-813b-3de24059a258]
25-11-05 09:37:58.056 [http-nio-8080-exec-6] DEBUG org.hibernate.SQL - 
    select
        rs1_0.id,
        rs1_0.channel_id,
        rs1_0.created_at,
        rs1_0.last_read_at,
        rs1_0.updated_at,
        rs1_0.user_id 
    from
        read_statuses rs1_0 
    where
        rs1_0.user_id=?
25-11-05 09:37:58.058 [http-nio-8080-exec-6] TRACE org.hibernate.orm.jdbc.bind - binding parameter (1:UUID) <- [095d2689-7c70-4d41-9a69-4cd992d2bd12]
25-11-05 09:38:01.038 [http-nio-8080-exec-2] DEBUG org.hibernate.SQL - 
    select
        rs1_0.id,
        rs1_0.channel_id,
        rs1_0.created_at,
        rs1_0.last_read_at,
        rs1_0.updated_at,
        rs1_0.user_id 
    from
        read_statuses rs1_0 
    where
        rs1_0.user_id=?
25-11-05 09:38:01.038 [http-nio-8080-exec-2] TRACE org.hibernate.orm.jdbc.bind - binding parameter (1:UUID) <- [095d2689-7c70-4d41-9a69-4cd992d2bd12]
25-11-05 09:38:01.041 [http-nio-8080-exec-2] DEBUG org.hibernate.SQL - 
    select
        c1_0.id,
        c1_0.created_at,
        c1_0.description,
        c1_0.name,
        c1_0.type,
        c1_0.updated_at 
    from
        channels c1_0 
    where
        c1_0.type=? 
        or c1_0.id in (?)
25-11-05 09:38:01.041 [http-nio-8080-exec-2] TRACE org.hibernate.orm.jdbc.bind - binding parameter (1:VARCHAR) <- [PUBLIC]
25-11-05 09:38:01.041 [http-nio-8080-exec-2] TRACE org.hibernate.orm.jdbc.bind - binding parameter (2:UUID) <- [null]
25-11-05 09:38:01.043 [http-nio-8080-exec-2] DEBUG org.hibernate.SQL - 
    select
        m1_0.created_at 
    from
        messages m1_0 
    where
        m1_0.channel_id=? 
    order by
        m1_0.created_at desc 
    fetch
        first 1 rows only
25-11-05 09:38:01.043 [http-nio-8080-exec-2] TRACE org.hibernate.orm.jdbc.bind - binding parameter (1:UUID) <- [83a5759b-95ff-499b-813b-3de24059a258]
25-11-05 09:38:01.051 [http-nio-8080-exec-7] DEBUG org.hibernate.SQL - 
    select
        rs1_0.id,
        rs1_0.channel_id,
        rs1_0.created_at,
        rs1_0.last_read_at,
        rs1_0.updated_at,
        rs1_0.user_id 
    from
        read_statuses rs1_0 
    where
        rs1_0.user_id=?
25-11-05 09:38:01.054 [http-nio-8080-exec-7] TRACE org.hibernate.orm.jdbc.bind - binding parameter (1:UUID) <- [095d2689-7c70-4d41-9a69-4cd992d2bd12]
25-11-05 09:38:01.492 [SpringApplicationShutdownHook] INFO  o.s.b.w.e.tomcat.GracefulShutdown - Commencing graceful shutdown. Waiting for active requests to complete
25-11-05 09:38:02.648 [tomcat-shutdown] INFO  o.s.b.w.e.tomcat.GracefulShutdown - Graceful shutdown complete
25-11-05 09:38:02.656 [SpringApplicationShutdownHook] INFO  o.s.o.j.LocalContainerEntityManagerFactoryBean - Closing JPA EntityManagerFactory for persistence unit 'default'
25-11-05 09:38:02.659 [SpringApplicationShutdownHook] INFO  com.zaxxer.hikari.HikariDataSource - HikariPool-1 - Shutdown initiated...
25-11-05 09:38:02.668 [SpringApplicationShutdownHook] INFO  com.zaxxer.hikari.HikariDataSource - HikariPool-1 - Shutdown completed.
25-11-05 10:19:43.024 [main] INFO  c.s.m.discodeit.DiscodeitApplication - Starting DiscodeitApplication using Java 17.0.12 with PID 19880 (C:\Users\R\IdeaProjects\sprint_mission_5_base\0-sprint-mission-s5-base\build\classes\java\main started by R in C:\Users\R\IdeaProjects\sprint_mission_5_base\0-sprint-mission-s5-base)
25-11-05 10:19:43.029 [main] INFO  c.s.m.discodeit.DiscodeitApplication - The following 1 profile is active: "dev"
25-11-05 10:19:45.453 [main] INFO  o.s.d.r.c.RepositoryConfigurationDelegate - Bootstrapping Spring Data JPA repositories in DEFAULT mode.
25-11-05 10:19:45.670 [main] INFO  o.s.d.r.c.RepositoryConfigurationDelegate - Finished Spring Data repository scanning in 196 ms. Found 6 JPA repository interfaces.
25-11-05 10:19:47.299 [main] INFO  o.s.b.w.e.tomcat.TomcatWebServer - Tomcat initialized with port 8080 (http)
25-11-05 10:19:47.324 [main] INFO  o.a.catalina.core.StandardService - Starting service [Tomcat]
25-11-05 10:19:47.325 [main] INFO  o.a.catalina.core.StandardEngine - Starting Servlet engine: [Apache Tomcat/10.1.33]
25-11-05 10:19:47.503 [main] INFO  o.a.c.c.C.[Tomcat].[localhost].[/] - Initializing Spring embedded WebApplicationContext
25-11-05 10:19:47.504 [main] INFO  o.s.b.w.s.c.ServletWebServerApplicationContext - Root WebApplicationContext: initialization completed in 4351 ms
25-11-05 10:19:47.988 [main] INFO  com.zaxxer.hikari.HikariDataSource - HikariPool-1 - Starting...
25-11-05 10:19:48.343 [main] INFO  com.zaxxer.hikari.pool.HikariPool - HikariPool-1 - Added connection org.postgresql.jdbc.PgConnection@35524549
25-11-05 10:19:48.347 [main] INFO  com.zaxxer.hikari.HikariDataSource - HikariPool-1 - Start completed.
25-11-05 10:19:48.527 [main] INFO  o.h.jpa.internal.util.LogHelper - HHH000204: Processing PersistenceUnitInfo [name: default]
25-11-05 10:19:48.727 [main] INFO  org.hibernate.Version - HHH000412: Hibernate ORM core version 6.6.2.Final
25-11-05 10:19:48.816 [main] INFO  o.h.c.i.RegionFactoryInitiator - HHH000026: Second-level cache disabled
25-11-05 10:19:49.586 [main] INFO  o.s.o.j.p.SpringPersistenceUnitInfo - No LoadTimeWeaver setup: ignoring JPA class transformer
25-11-05 10:19:49.825 [main] INFO  o.hibernate.orm.connections.pooling - HHH10001005: Database info:
	Database JDBC URL [Connecting through datasource 'HikariDataSource (HikariPool-1)']
	Database driver: undefined/unknown
	Database version: 17.6
	Autocommit mode: undefined/unknown
	Isolation level: undefined/unknown
	Minimum pool size: undefined/unknown
	Maximum pool size: undefined/unknown
25-11-05 10:19:52.425 [main] INFO  o.h.e.t.j.p.i.JtaPlatformInitiator - HHH000489: No JTA platform available (set 'hibernate.transaction.jta.platform' to enable JTA platform integration)
25-11-05 10:19:52.546 [main] INFO  o.s.o.j.LocalContainerEntityManagerFactoryBean - Initialized JPA EntityManagerFactory for persistence unit 'default'
25-11-05 10:19:53.301 [main] INFO  o.s.d.j.r.query.QueryEnhancerFactory - Hibernate is in classpath; If applicable, HQL parser will be used.
25-11-05 10:19:54.082 [main] INFO  c.s.m.d.s.l.LocalBinaryContentStorage - Local File Storage 초기화: root path = C:\Users\R\IdeaProjects\sprint_mission_5_base\0-sprint-mission-s5-base\.discodeit\storage
25-11-05 10:19:54.791 [main] INFO  o.s.b.a.w.s.WelcomePageHandlerMapping - Adding welcome page: class path resource [static/index.html]
25-11-05 10:19:56.879 [main] INFO  o.s.b.a.e.web.EndpointLinksResolver - Exposing 4 endpoints beneath base path '/actuator'
25-11-05 10:19:57.089 [main] INFO  o.s.b.w.e.tomcat.TomcatWebServer - Tomcat started on port 8080 (http) with context path '/'
25-11-05 10:19:57.131 [main] INFO  c.s.m.discodeit.DiscodeitApplication - Started DiscodeitApplication in 15.51 seconds (process running for 17.951)
25-11-05 10:24:12.417 [http-nio-8080-exec-1] INFO  o.a.c.c.C.[Tomcat].[localhost].[/] - Initializing Spring DispatcherServlet 'dispatcherServlet'
25-11-05 10:24:12.418 [http-nio-8080-exec-1] INFO  o.s.web.servlet.DispatcherServlet - Initializing Servlet 'dispatcherServlet'
25-11-05 10:24:12.420 [http-nio-8080-exec-1] INFO  o.s.web.servlet.DispatcherServlet - Completed initialization in 2 ms
25-11-05 10:24:13.128 [http-nio-8080-exec-1] DEBUG org.hibernate.SQL - 
    select
        u1_0.id,
        u1_0.created_at,
        u1_0.email,
        u1_0.password,
        u1_0.profile_id,
        u1_0.updated_at,
        u1_0.username 
    from
        users u1_0 
    where
        u1_0.username=?
25-11-05 10:24:13.132 [http-nio-8080-exec-1] TRACE org.hibernate.orm.jdbc.bind - binding parameter (1:VARCHAR) <- [김코딩]
25-11-05 10:24:13.229 [http-nio-8080-exec-1] DEBUG org.hibernate.SQL - 
    select
        us1_0.id,
        us1_0.created_at,
        us1_0.last_active_at,
        us1_0.updated_at,
        us1_0.user_id 
    from
        user_statuses us1_0 
    where
        us1_0.user_id=?
25-11-05 10:24:13.229 [http-nio-8080-exec-1] TRACE org.hibernate.orm.jdbc.bind - binding parameter (1:UUID) <- [0c94bc99-a4ba-45ac-9eaa-c92128d8a5cb]
25-11-05 10:24:13.268 [http-nio-8080-exec-1] DEBUG org.hibernate.SQL - 
    select
        bc1_0.id,
        bc1_0.content_type,
        bc1_0.created_at,
        bc1_0.file_name,
        bc1_0.size 
    from
        binary_contents bc1_0 
    where
        bc1_0.id=?
25-11-05 10:24:13.269 [http-nio-8080-exec-1] TRACE org.hibernate.orm.jdbc.bind - binding parameter (1:UUID) <- [92c74a41-125c-466c-b8e2-6ac6bc6668f3]
25-11-05 10:24:13.506 [http-nio-8080-exec-2] DEBUG org.hibernate.SQL - 
    select
        u1_0.id,
        u1_0.created_at,
        u1_0.email,
        u1_0.password,
        p1_0.id,
        p1_0.content_type,
        p1_0.created_at,
        p1_0.file_name,
        p1_0.size,
        s1_0.id,
        s1_0.created_at,
        s1_0.last_active_at,
        s1_0.updated_at,
        s1_0.user_id,
        u1_0.updated_at,
        u1_0.username 
    from
        users u1_0 
    left join
        binary_contents p1_0 
            on p1_0.id=u1_0.profile_id 
    join
        user_statuses s1_0 
            on u1_0.id=s1_0.user_id
25-11-05 10:24:13.521 [http-nio-8080-exec-2] INFO  c.s.m.d.s.basic.BasicUserService - 모든 유저 목록 조회 완료. 총 3명
25-11-05 10:24:13.522 [http-nio-8080-exec-2] INFO  c.s.m.d.controller.UserController - 모든 유저 목록 조회 완료. 총 3명
25-11-05 10:24:13.582 [http-nio-8080-exec-3] INFO  c.s.m.d.c.BinaryContentController - 단건 조회 요청 수신: binaryContentId=92c74a41-125c-466c-b8e2-6ac6bc6668f3
25-11-05 10:24:13.592 [http-nio-8080-exec-6] INFO  c.s.m.d.c.BinaryContentController - 단건 조회 요청 수신: binaryContentId=983ff5e1-547f-48e5-b167-44fec6df8c5b
25-11-05 10:24:13.602 [http-nio-8080-exec-4] DEBUG org.hibernate.SQL - 
    select
        rs1_0.id,
        rs1_0.channel_id,
        rs1_0.created_at,
        rs1_0.last_read_at,
        rs1_0.updated_at,
        rs1_0.user_id 
    from
        read_statuses rs1_0 
    where
        rs1_0.user_id=?
25-11-05 10:24:13.603 [http-nio-8080-exec-4] TRACE org.hibernate.orm.jdbc.bind - binding parameter (1:UUID) <- [0c94bc99-a4ba-45ac-9eaa-c92128d8a5cb]
25-11-05 10:24:13.604 [http-nio-8080-exec-5] DEBUG org.hibernate.SQL - 
    select
        rs1_0.id,
        rs1_0.channel_id,
        rs1_0.created_at,
        rs1_0.last_read_at,
        rs1_0.updated_at,
        rs1_0.user_id 
    from
        read_statuses rs1_0 
    where
        rs1_0.user_id=?
25-11-05 10:24:13.607 [http-nio-8080-exec-7] DEBUG org.hibernate.SQL - 
    select
        u1_0.id,
        u1_0.created_at,
        u1_0.email,
        u1_0.password,
        p1_0.id,
        p1_0.content_type,
        p1_0.created_at,
        p1_0.file_name,
        p1_0.size,
        s1_0.id,
        s1_0.created_at,
        s1_0.last_active_at,
        s1_0.updated_at,
        s1_0.user_id,
        u1_0.updated_at,
        u1_0.username 
    from
        users u1_0 
    left join
        binary_contents p1_0 
            on p1_0.id=u1_0.profile_id 
    join
        user_statuses s1_0 
            on u1_0.id=s1_0.user_id
25-11-05 10:24:13.610 [http-nio-8080-exec-8] INFO  c.s.m.d.controller.UserController - 유저 상태 업데이트 요청 수신: userId=0c94bc99-a4ba-45ac-9eaa-c92128d8a5cb, newLastActiveAt=2025-11-05T01:24:13.579Z
25-11-05 10:24:13.614 [http-nio-8080-exec-5] TRACE org.hibernate.orm.jdbc.bind - binding parameter (1:UUID) <- [0c94bc99-a4ba-45ac-9eaa-c92128d8a5cb]
25-11-05 10:24:13.621 [http-nio-8080-exec-8] DEBUG org.hibernate.SQL - 
    select
        us1_0.id,
        us1_0.created_at,
        us1_0.last_active_at,
        us1_0.updated_at,
        us1_0.user_id 
    from
        user_statuses us1_0 
    where
        us1_0.user_id=?
25-11-05 10:24:13.622 [http-nio-8080-exec-8] TRACE org.hibernate.orm.jdbc.bind - binding parameter (1:UUID) <- [0c94bc99-a4ba-45ac-9eaa-c92128d8a5cb]
25-11-05 10:24:13.630 [http-nio-8080-exec-7] INFO  c.s.m.d.s.basic.BasicUserService - 모든 유저 목록 조회 완료. 총 3명
25-11-05 10:24:13.631 [http-nio-8080-exec-7] INFO  c.s.m.d.controller.UserController - 모든 유저 목록 조회 완료. 총 3명
25-11-05 10:24:13.633 [http-nio-8080-exec-3] DEBUG org.hibernate.SQL - 
    select
        bc1_0.id,
        bc1_0.content_type,
        bc1_0.created_at,
        bc1_0.file_name,
        bc1_0.size 
    from
        binary_contents bc1_0 
    where
        bc1_0.id=?
25-11-05 10:24:13.634 [http-nio-8080-exec-3] TRACE org.hibernate.orm.jdbc.bind - binding parameter (1:UUID) <- [92c74a41-125c-466c-b8e2-6ac6bc6668f3]
25-11-05 10:24:13.635 [http-nio-8080-exec-6] DEBUG org.hibernate.SQL - 
    select
        bc1_0.id,
        bc1_0.content_type,
        bc1_0.created_at,
        bc1_0.file_name,
        bc1_0.size 
    from
        binary_contents bc1_0 
    where
        bc1_0.id=?
25-11-05 10:24:13.636 [http-nio-8080-exec-6] TRACE org.hibernate.orm.jdbc.bind - binding parameter (1:UUID) <- [983ff5e1-547f-48e5-b167-44fec6df8c5b]
25-11-05 10:24:13.645 [http-nio-8080-exec-4] DEBUG org.hibernate.SQL - 
    select
        c1_0.id,
        c1_0.created_at,
        c1_0.description,
        c1_0.name,
        c1_0.type,
        c1_0.updated_at 
    from
        channels c1_0 
    where
        c1_0.type=? 
        or c1_0.id in (?, ?)
25-11-05 10:24:13.646 [http-nio-8080-exec-4] TRACE org.hibernate.orm.jdbc.bind - binding parameter (1:VARCHAR) <- [PUBLIC]
25-11-05 10:24:13.646 [http-nio-8080-exec-4] TRACE org.hibernate.orm.jdbc.bind - binding parameter (2:UUID) <- [83a5759b-95ff-499b-813b-3de24059a258]
25-11-05 10:24:13.647 [http-nio-8080-exec-4] TRACE org.hibernate.orm.jdbc.bind - binding parameter (3:UUID) <- [46ab906b-b6a4-42d1-9d31-22db5898e9ed]
25-11-05 10:24:13.656 [http-nio-8080-exec-9] INFO  c.s.m.d.controller.UserController - 유저 상태 업데이트 요청 수신: userId=0c94bc99-a4ba-45ac-9eaa-c92128d8a5cb, newLastActiveAt=2025-11-05T01:24:13.581Z
25-11-05 10:24:13.660 [http-nio-8080-exec-6] INFO  c.s.m.d.c.BinaryContentController - 조회 성공: binaryContentId=983ff5e1-547f-48e5-b167-44fec6df8c5b
25-11-05 10:24:13.661 [http-nio-8080-exec-9] DEBUG org.hibernate.SQL - 
    select
        us1_0.id,
        us1_0.created_at,
        us1_0.last_active_at,
        us1_0.updated_at,
        us1_0.user_id 
    from
        user_statuses us1_0 
    where
        us1_0.user_id=?
25-11-05 10:24:13.662 [http-nio-8080-exec-9] TRACE org.hibernate.orm.jdbc.bind - binding parameter (1:UUID) <- [0c94bc99-a4ba-45ac-9eaa-c92128d8a5cb]
25-11-05 10:24:13.670 [http-nio-8080-exec-3] INFO  c.s.m.d.c.BinaryContentController - 조회 성공: binaryContentId=92c74a41-125c-466c-b8e2-6ac6bc6668f3
25-11-05 10:24:13.674 [http-nio-8080-exec-10] DEBUG org.hibernate.SQL - 
    select
        rs1_0.id,
        rs1_0.channel_id,
        rs1_0.created_at,
        rs1_0.last_read_at,
        rs1_0.updated_at,
        rs1_0.user_id 
    from
        read_statuses rs1_0 
    where
        rs1_0.user_id=?
25-11-05 10:24:13.675 [http-nio-8080-exec-10] TRACE org.hibernate.orm.jdbc.bind - binding parameter (1:UUID) <- [0c94bc99-a4ba-45ac-9eaa-c92128d8a5cb]
25-11-05 10:24:13.682 [http-nio-8080-exec-1] INFO  c.s.m.d.c.BinaryContentController - 단건 조회 요청 수신: binaryContentId=92c74a41-125c-466c-b8e2-6ac6bc6668f3
25-11-05 10:24:13.686 [http-nio-8080-exec-1] DEBUG org.hibernate.SQL - 
    select
        bc1_0.id,
        bc1_0.content_type,
        bc1_0.created_at,
        bc1_0.file_name,
        bc1_0.size 
    from
        binary_contents bc1_0 
    where
        bc1_0.id=?
25-11-05 10:24:13.687 [http-nio-8080-exec-1] TRACE org.hibernate.orm.jdbc.bind - binding parameter (1:UUID) <- [92c74a41-125c-466c-b8e2-6ac6bc6668f3]
25-11-05 10:24:13.688 [http-nio-8080-exec-4] DEBUG org.hibernate.SQL - 
    select
        m1_0.created_at 
    from
        messages m1_0 
    where
        m1_0.channel_id=? 
    order by
        m1_0.created_at desc 
    fetch
        first 1 rows only
25-11-05 10:24:13.688 [http-nio-8080-exec-4] TRACE org.hibernate.orm.jdbc.bind - binding parameter (1:UUID) <- [83a5759b-95ff-499b-813b-3de24059a258]
25-11-05 10:24:13.696 [http-nio-8080-exec-1] INFO  c.s.m.d.c.BinaryContentController - 조회 성공: binaryContentId=92c74a41-125c-466c-b8e2-6ac6bc6668f3
25-11-05 10:24:13.704 [http-nio-8080-exec-4] DEBUG org.hibernate.SQL - 
    select
        rs1_0.id,
        rs1_0.channel_id,
        rs1_0.created_at,
        rs1_0.last_read_at,
        rs1_0.updated_at,
        rs1_0.user_id,
        u1_0.id,
        u1_0.created_at,
        u1_0.email,
        u1_0.password,
        p1_0.id,
        p1_0.content_type,
        p1_0.created_at,
        p1_0.file_name,
        p1_0.size,
        s1_0.id,
        s1_0.created_at,
        s1_0.last_active_at,
        s1_0.updated_at,
        s1_0.user_id,
        u1_0.updated_at,
        u1_0.username 
    from
        read_statuses rs1_0 
    join
        users u1_0 
            on u1_0.id=rs1_0.user_id 
    join
        user_statuses s1_0 
            on u1_0.id=s1_0.user_id 
    left join
        binary_contents p1_0 
            on p1_0.id=u1_0.profile_id 
    where
        rs1_0.channel_id=?
25-11-05 10:24:13.704 [http-nio-8080-exec-2] INFO  c.s.m.d.c.BinaryContentController - 단건 조회 요청 수신: binaryContentId=92c74a41-125c-466c-b8e2-6ac6bc6668f3
25-11-05 10:24:13.705 [http-nio-8080-exec-4] TRACE org.hibernate.orm.jdbc.bind - binding parameter (1:UUID) <- [46ab906b-b6a4-42d1-9d31-22db5898e9ed]
25-11-05 10:24:13.706 [http-nio-8080-exec-2] DEBUG org.hibernate.SQL - 
    select
        bc1_0.id,
        bc1_0.content_type,
        bc1_0.created_at,
        bc1_0.file_name,
        bc1_0.size 
    from
        binary_contents bc1_0 
    where
        bc1_0.id=?
25-11-05 10:24:13.707 [http-nio-8080-exec-2] TRACE org.hibernate.orm.jdbc.bind - binding parameter (1:UUID) <- [92c74a41-125c-466c-b8e2-6ac6bc6668f3]
25-11-05 10:24:13.718 [http-nio-8080-exec-4] DEBUG org.hibernate.SQL - 
    select
        m1_0.created_at 
    from
        messages m1_0 
    where
        m1_0.channel_id=? 
    order by
        m1_0.created_at desc 
    fetch
        first 1 rows only
25-11-05 10:24:13.719 [http-nio-8080-exec-4] TRACE org.hibernate.orm.jdbc.bind - binding parameter (1:UUID) <- [46ab906b-b6a4-42d1-9d31-22db5898e9ed]
25-11-05 10:24:13.721 [http-nio-8080-exec-2] INFO  c.s.m.d.c.BinaryContentController - 조회 성공: binaryContentId=92c74a41-125c-466c-b8e2-6ac6bc6668f3
25-11-05 10:24:13.748 [http-nio-8080-exec-7] INFO  c.s.m.d.c.BinaryContentController - 단건 조회 요청 수신: binaryContentId=92c74a41-125c-466c-b8e2-6ac6bc6668f3
25-11-05 10:24:13.750 [http-nio-8080-exec-7] DEBUG org.hibernate.SQL - 
    select
        bc1_0.id,
        bc1_0.content_type,
        bc1_0.created_at,
        bc1_0.file_name,
        bc1_0.size 
    from
        binary_contents bc1_0 
    where
        bc1_0.id=?
25-11-05 10:24:13.751 [http-nio-8080-exec-7] TRACE org.hibernate.orm.jdbc.bind - binding parameter (1:UUID) <- [92c74a41-125c-466c-b8e2-6ac6bc6668f3]
25-11-05 10:24:13.762 [http-nio-8080-exec-7] INFO  c.s.m.d.c.BinaryContentController - 조회 성공: binaryContentId=92c74a41-125c-466c-b8e2-6ac6bc6668f3
25-11-05 10:24:13.780 [http-nio-8080-exec-5] INFO  c.s.m.d.c.BinaryContentController - 단건 조회 요청 수신: binaryContentId=92c74a41-125c-466c-b8e2-6ac6bc6668f3
25-11-05 10:24:13.783 [http-nio-8080-exec-5] DEBUG org.hibernate.SQL - 
    select
        bc1_0.id,
        bc1_0.content_type,
        bc1_0.created_at,
        bc1_0.file_name,
        bc1_0.size 
    from
        binary_contents bc1_0 
    where
        bc1_0.id=?
25-11-05 10:24:13.784 [http-nio-8080-exec-5] TRACE org.hibernate.orm.jdbc.bind - binding parameter (1:UUID) <- [92c74a41-125c-466c-b8e2-6ac6bc6668f3]
25-11-05 10:24:13.794 [http-nio-8080-exec-6] DEBUG org.hibernate.SQL - 
    select
        rs1_0.id,
        rs1_0.channel_id,
        rs1_0.created_at,
        rs1_0.last_read_at,
        rs1_0.updated_at,
        rs1_0.user_id 
    from
        read_statuses rs1_0 
    where
        rs1_0.user_id=?
25-11-05 10:24:13.795 [http-nio-8080-exec-6] TRACE org.hibernate.orm.jdbc.bind - binding parameter (1:UUID) <- [0c94bc99-a4ba-45ac-9eaa-c92128d8a5cb]
25-11-05 10:24:13.803 [http-nio-8080-exec-5] INFO  c.s.m.d.c.BinaryContentController - 조회 성공: binaryContentId=92c74a41-125c-466c-b8e2-6ac6bc6668f3
25-11-05 10:24:13.804 [http-nio-8080-exec-3] DEBUG org.hibernate.SQL - 
    select
        rs1_0.id,
        rs1_0.channel_id,
        rs1_0.created_at,
        rs1_0.last_read_at,
        rs1_0.updated_at,
        rs1_0.user_id 
    from
        read_statuses rs1_0 
    where
        rs1_0.user_id=?
25-11-05 10:24:13.808 [http-nio-8080-exec-3] TRACE org.hibernate.orm.jdbc.bind - binding parameter (1:UUID) <- [0c94bc99-a4ba-45ac-9eaa-c92128d8a5cb]
25-11-05 10:24:13.811 [http-nio-8080-exec-6] DEBUG org.hibernate.SQL - 
    select
        c1_0.id,
        c1_0.created_at,
        c1_0.description,
        c1_0.name,
        c1_0.type,
        c1_0.updated_at 
    from
        channels c1_0 
    where
        c1_0.type=? 
        or c1_0.id in (?, ?)
25-11-05 10:24:13.812 [http-nio-8080-exec-6] TRACE org.hibernate.orm.jdbc.bind - binding parameter (1:VARCHAR) <- [PUBLIC]
25-11-05 10:24:13.812 [http-nio-8080-exec-6] TRACE org.hibernate.orm.jdbc.bind - binding parameter (2:UUID) <- [83a5759b-95ff-499b-813b-3de24059a258]
25-11-05 10:24:13.813 [http-nio-8080-exec-6] TRACE org.hibernate.orm.jdbc.bind - binding parameter (3:UUID) <- [46ab906b-b6a4-42d1-9d31-22db5898e9ed]
25-11-05 10:24:13.824 [http-nio-8080-exec-10] INFO  c.s.m.d.c.BinaryContentController - 단건 조회 요청 수신: binaryContentId=92c74a41-125c-466c-b8e2-6ac6bc6668f3
25-11-05 10:24:13.829 [http-nio-8080-exec-10] DEBUG org.hibernate.SQL - 
    select
        bc1_0.id,
        bc1_0.content_type,
        bc1_0.created_at,
        bc1_0.file_name,
        bc1_0.size 
    from
        binary_contents bc1_0 
    where
        bc1_0.id=?
25-11-05 10:24:13.829 [http-nio-8080-exec-10] TRACE org.hibernate.orm.jdbc.bind - binding parameter (1:UUID) <- [92c74a41-125c-466c-b8e2-6ac6bc6668f3]
25-11-05 10:24:13.830 [http-nio-8080-exec-6] DEBUG org.hibernate.SQL - 
    select
        m1_0.created_at 
    from
        messages m1_0 
    where
        m1_0.channel_id=? 
    order by
        m1_0.created_at desc 
    fetch
        first 1 rows only
25-11-05 10:24:13.831 [http-nio-8080-exec-6] TRACE org.hibernate.orm.jdbc.bind - binding parameter (1:UUID) <- [83a5759b-95ff-499b-813b-3de24059a258]
25-11-05 10:24:13.840 [http-nio-8080-exec-6] DEBUG org.hibernate.SQL - 
    select
        rs1_0.id,
        rs1_0.channel_id,
        rs1_0.created_at,
        rs1_0.last_read_at,
        rs1_0.updated_at,
        rs1_0.user_id,
        u1_0.id,
        u1_0.created_at,
        u1_0.email,
        u1_0.password,
        p1_0.id,
        p1_0.content_type,
        p1_0.created_at,
        p1_0.file_name,
        p1_0.size,
        s1_0.id,
        s1_0.created_at,
        s1_0.last_active_at,
        s1_0.updated_at,
        s1_0.user_id,
        u1_0.updated_at,
        u1_0.username 
    from
        read_statuses rs1_0 
    join
        users u1_0 
            on u1_0.id=rs1_0.user_id 
    join
        user_statuses s1_0 
            on u1_0.id=s1_0.user_id 
    left join
        binary_contents p1_0 
            on p1_0.id=u1_0.profile_id 
    where
        rs1_0.channel_id=?
25-11-05 10:24:13.840 [http-nio-8080-exec-10] INFO  c.s.m.d.c.BinaryContentController - 조회 성공: binaryContentId=92c74a41-125c-466c-b8e2-6ac6bc6668f3
25-11-05 10:24:13.841 [http-nio-8080-exec-6] TRACE org.hibernate.orm.jdbc.bind - binding parameter (1:UUID) <- [46ab906b-b6a4-42d1-9d31-22db5898e9ed]
25-11-05 10:24:13.848 [http-nio-8080-exec-1] INFO  c.s.m.d.c.BinaryContentController - 단건 조회 요청 수신: binaryContentId=92c74a41-125c-466c-b8e2-6ac6bc6668f3
25-11-05 10:24:13.850 [http-nio-8080-exec-1] DEBUG org.hibernate.SQL - 
    select
        bc1_0.id,
        bc1_0.content_type,
        bc1_0.created_at,
        bc1_0.file_name,
        bc1_0.size 
    from
        binary_contents bc1_0 
    where
        bc1_0.id=?
25-11-05 10:24:13.850 [http-nio-8080-exec-1] TRACE org.hibernate.orm.jdbc.bind - binding parameter (1:UUID) <- [92c74a41-125c-466c-b8e2-6ac6bc6668f3]
25-11-05 10:24:13.850 [http-nio-8080-exec-2] INFO  c.s.m.d.c.BinaryContentController - 다운로드 요청 수신: binaryContentId=983ff5e1-547f-48e5-b167-44fec6df8c5b
25-11-05 10:24:13.853 [http-nio-8080-exec-2] DEBUG org.hibernate.SQL - 
    select
        bc1_0.id,
        bc1_0.content_type,
        bc1_0.created_at,
        bc1_0.file_name,
        bc1_0.size 
    from
        binary_contents bc1_0 
    where
        bc1_0.id=?
25-11-05 10:24:13.854 [http-nio-8080-exec-2] TRACE org.hibernate.orm.jdbc.bind - binding parameter (1:UUID) <- [983ff5e1-547f-48e5-b167-44fec6df8c5b]
25-11-05 10:24:13.855 [http-nio-8080-exec-6] DEBUG org.hibernate.SQL - 
    select
        m1_0.created_at 
    from
        messages m1_0 
    where
        m1_0.channel_id=? 
    order by
        m1_0.created_at desc 
    fetch
        first 1 rows only
25-11-05 10:24:13.855 [http-nio-8080-exec-6] TRACE org.hibernate.orm.jdbc.bind - binding parameter (1:UUID) <- [46ab906b-b6a4-42d1-9d31-22db5898e9ed]
25-11-05 10:24:13.855 [http-nio-8080-exec-9] DEBUG org.hibernate.SQL - 
    update
        user_statuses 
    set
        last_active_at=?,
        updated_at=?,
        user_id=? 
    where
        id=?
25-11-05 10:24:13.856 [http-nio-8080-exec-8] DEBUG org.hibernate.SQL - 
    update
        user_statuses 
    set
        last_active_at=?,
        updated_at=?,
        user_id=? 
    where
        id=?
25-11-05 10:24:13.860 [http-nio-8080-exec-1] INFO  c.s.m.d.c.BinaryContentController - 조회 성공: binaryContentId=92c74a41-125c-466c-b8e2-6ac6bc6668f3
25-11-05 10:24:13.862 [http-nio-8080-exec-2] INFO  c.s.m.d.c.BinaryContentController - 다운로드 요청: binaryContentId=983ff5e1-547f-48e5-b167-44fec6df8c5b, fileName=1.png
25-11-05 10:24:13.863 [http-nio-8080-exec-9] TRACE org.hibernate.orm.jdbc.bind - binding parameter (1:TIMESTAMP_UTC) <- [2025-11-05T01:24:13.581Z]
25-11-05 10:24:13.863 [http-nio-8080-exec-8] TRACE org.hibernate.orm.jdbc.bind - binding parameter (1:TIMESTAMP_UTC) <- [2025-11-05T01:24:13.579Z]
25-11-05 10:24:13.864 [http-nio-8080-exec-9] TRACE org.hibernate.orm.jdbc.bind - binding parameter (2:TIMESTAMP_UTC) <- [2025-11-05T01:24:13.726980300Z]
25-11-05 10:24:13.864 [http-nio-8080-exec-8] TRACE org.hibernate.orm.jdbc.bind - binding parameter (2:TIMESTAMP_UTC) <- [2025-11-05T01:24:13.726980300Z]
25-11-05 10:24:13.865 [http-nio-8080-exec-8] TRACE org.hibernate.orm.jdbc.bind - binding parameter (3:UUID) <- [0c94bc99-a4ba-45ac-9eaa-c92128d8a5cb]
25-11-05 10:24:13.865 [http-nio-8080-exec-9] TRACE org.hibernate.orm.jdbc.bind - binding parameter (3:UUID) <- [0c94bc99-a4ba-45ac-9eaa-c92128d8a5cb]
25-11-05 10:24:13.865 [http-nio-8080-exec-8] TRACE org.hibernate.orm.jdbc.bind - binding parameter (4:UUID) <- [2af3cbe2-8e5d-4a91-87cc-8bc210958a2b]
25-11-05 10:24:13.865 [http-nio-8080-exec-9] TRACE org.hibernate.orm.jdbc.bind - binding parameter (4:UUID) <- [2af3cbe2-8e5d-4a91-87cc-8bc210958a2b]
25-11-05 10:24:13.867 [http-nio-8080-exec-2] INFO  c.s.m.d.c.BinaryContentController - 다운로드 응답 반환: binaryContentId=983ff5e1-547f-48e5-b167-44fec6df8c5b, status=200 OK
25-11-05 10:24:13.870 [http-nio-8080-exec-6] INFO  c.s.m.d.c.BinaryContentController - 단건 조회 요청 수신: binaryContentId=92c74a41-125c-466c-b8e2-6ac6bc6668f3
25-11-05 10:24:13.872 [http-nio-8080-exec-6] DEBUG org.hibernate.SQL - 
    select
        bc1_0.id,
        bc1_0.content_type,
        bc1_0.created_at,
        bc1_0.file_name,
        bc1_0.size 
    from
        binary_contents bc1_0 
    where
        bc1_0.id=?
25-11-05 10:24:13.873 [http-nio-8080-exec-6] TRACE org.hibernate.orm.jdbc.bind - binding parameter (1:UUID) <- [92c74a41-125c-466c-b8e2-6ac6bc6668f3]
25-11-05 10:24:13.872 [http-nio-8080-exec-7] INFO  c.s.m.d.c.BinaryContentController - 다운로드 요청 수신: binaryContentId=92c74a41-125c-466c-b8e2-6ac6bc6668f3
25-11-05 10:24:13.876 [http-nio-8080-exec-7] DEBUG org.hibernate.SQL - 
    select
        bc1_0.id,
        bc1_0.content_type,
        bc1_0.created_at,
        bc1_0.file_name,
        bc1_0.size 
    from
        binary_contents bc1_0 
    where
        bc1_0.id=?
25-11-05 10:24:13.878 [http-nio-8080-exec-7] TRACE org.hibernate.orm.jdbc.bind - binding parameter (1:UUID) <- [92c74a41-125c-466c-b8e2-6ac6bc6668f3]
25-11-05 10:24:13.882 [http-nio-8080-exec-5] DEBUG org.hibernate.SQL - 
    select
        rs1_0.id,
        rs1_0.channel_id,
        rs1_0.created_at,
        rs1_0.last_read_at,
        rs1_0.updated_at,
        rs1_0.user_id 
    from
        read_statuses rs1_0 
    where
        rs1_0.user_id=?
25-11-05 10:24:13.883 [http-nio-8080-exec-5] TRACE org.hibernate.orm.jdbc.bind - binding parameter (1:UUID) <- [0c94bc99-a4ba-45ac-9eaa-c92128d8a5cb]
25-11-05 10:24:13.888 [http-nio-8080-exec-6] INFO  c.s.m.d.c.BinaryContentController - 조회 성공: binaryContentId=92c74a41-125c-466c-b8e2-6ac6bc6668f3
25-11-05 10:24:13.890 [http-nio-8080-exec-7] INFO  c.s.m.d.c.BinaryContentController - 다운로드 요청: binaryContentId=92c74a41-125c-466c-b8e2-6ac6bc6668f3, fileName=20250928_165546_1.png
25-11-05 10:24:13.893 [http-nio-8080-exec-7] INFO  c.s.m.d.c.BinaryContentController - 다운로드 응답 반환: binaryContentId=92c74a41-125c-466c-b8e2-6ac6bc6668f3, status=200 OK
25-11-05 10:24:13.915 [http-nio-8080-exec-9] INFO  c.s.m.d.controller.UserController - 유저 상태 업데이트 성공: userId=0c94bc99-a4ba-45ac-9eaa-c92128d8a5cb, newLastActiveAt=2025-11-05T01:24:13.581Z
25-11-05 10:24:13.921 [http-nio-8080-exec-8] INFO  c.s.m.d.controller.UserController - 유저 상태 업데이트 성공: userId=0c94bc99-a4ba-45ac-9eaa-c92128d8a5cb, newLastActiveAt=2025-11-05T01:24:13.579Z
25-11-05 10:24:13.935 [http-nio-8080-exec-3] DEBUG org.hibernate.SQL - 
    select
        u1_0.id,
        u1_0.created_at,
        u1_0.email,
        u1_0.password,
        p1_0.id,
        p1_0.content_type,
        p1_0.created_at,
        p1_0.file_name,
        p1_0.size,
        s1_0.id,
        s1_0.created_at,
        s1_0.last_active_at,
        s1_0.updated_at,
        s1_0.user_id,
        u1_0.updated_at,
        u1_0.username 
    from
        users u1_0 
    left join
        binary_contents p1_0 
            on p1_0.id=u1_0.profile_id 
    join
        user_statuses s1_0 
            on u1_0.id=s1_0.user_id
25-11-05 10:24:13.946 [http-nio-8080-exec-3] INFO  c.s.m.d.s.basic.BasicUserService - 모든 유저 목록 조회 완료. 총 3명
25-11-05 10:24:13.947 [http-nio-8080-exec-3] INFO  c.s.m.d.controller.UserController - 모든 유저 목록 조회 완료. 총 3명
25-11-05 10:24:13.961 [http-nio-8080-exec-1] DEBUG org.hibernate.SQL - 
    select
        rs1_0.id,
        rs1_0.channel_id,
        rs1_0.created_at,
        rs1_0.last_read_at,
        rs1_0.updated_at,
        rs1_0.user_id 
    from
        read_statuses rs1_0 
    where
        rs1_0.user_id=?
25-11-05 10:24:13.961 [http-nio-8080-exec-10] DEBUG org.hibernate.SQL - 
    select
        rs1_0.id,
        rs1_0.channel_id,
        rs1_0.created_at,
        rs1_0.last_read_at,
        rs1_0.updated_at,
        rs1_0.user_id 
    from
        read_statuses rs1_0 
    where
        rs1_0.user_id=?
25-11-05 10:24:13.961 [http-nio-8080-exec-10] TRACE org.hibernate.orm.jdbc.bind - binding parameter (1:UUID) <- [0c94bc99-a4ba-45ac-9eaa-c92128d8a5cb]
25-11-05 10:24:13.961 [http-nio-8080-exec-1] TRACE org.hibernate.orm.jdbc.bind - binding parameter (1:UUID) <- [0c94bc99-a4ba-45ac-9eaa-c92128d8a5cb]
25-11-05 10:24:13.970 [http-nio-8080-exec-10] DEBUG org.hibernate.SQL - 
    select
        c1_0.id,
        c1_0.created_at,
        c1_0.description,
        c1_0.name,
        c1_0.type,
        c1_0.updated_at 
    from
        channels c1_0 
    where
        c1_0.type=? 
        or c1_0.id in (?, ?)
25-11-05 10:24:13.971 [http-nio-8080-exec-10] TRACE org.hibernate.orm.jdbc.bind - binding parameter (1:VARCHAR) <- [PUBLIC]
25-11-05 10:24:13.972 [http-nio-8080-exec-10] TRACE org.hibernate.orm.jdbc.bind - binding parameter (2:UUID) <- [83a5759b-95ff-499b-813b-3de24059a258]
25-11-05 10:24:13.972 [http-nio-8080-exec-10] TRACE org.hibernate.orm.jdbc.bind - binding parameter (3:UUID) <- [46ab906b-b6a4-42d1-9d31-22db5898e9ed]
25-11-05 10:24:13.977 [http-nio-8080-exec-10] DEBUG org.hibernate.SQL - 
    select
        m1_0.created_at 
    from
        messages m1_0 
    where
        m1_0.channel_id=? 
    order by
        m1_0.created_at desc 
    fetch
        first 1 rows only
25-11-05 10:24:13.978 [http-nio-8080-exec-10] TRACE org.hibernate.orm.jdbc.bind - binding parameter (1:UUID) <- [83a5759b-95ff-499b-813b-3de24059a258]
25-11-05 10:24:13.982 [http-nio-8080-exec-10] DEBUG org.hibernate.SQL - 
    select
        rs1_0.id,
        rs1_0.channel_id,
        rs1_0.created_at,
        rs1_0.last_read_at,
        rs1_0.updated_at,
        rs1_0.user_id,
        u1_0.id,
        u1_0.created_at,
        u1_0.email,
        u1_0.password,
        p1_0.id,
        p1_0.content_type,
        p1_0.created_at,
        p1_0.file_name,
        p1_0.size,
        s1_0.id,
        s1_0.created_at,
        s1_0.last_active_at,
        s1_0.updated_at,
        s1_0.user_id,
        u1_0.updated_at,
        u1_0.username 
    from
        read_statuses rs1_0 
    join
        users u1_0 
            on u1_0.id=rs1_0.user_id 
    join
        user_statuses s1_0 
            on u1_0.id=s1_0.user_id 
    left join
        binary_contents p1_0 
            on p1_0.id=u1_0.profile_id 
    where
        rs1_0.channel_id=?
25-11-05 10:24:13.983 [http-nio-8080-exec-10] TRACE org.hibernate.orm.jdbc.bind - binding parameter (1:UUID) <- [46ab906b-b6a4-42d1-9d31-22db5898e9ed]
25-11-05 10:24:13.988 [http-nio-8080-exec-10] DEBUG org.hibernate.SQL - 
    select
        m1_0.created_at 
    from
        messages m1_0 
    where
        m1_0.channel_id=? 
    order by
        m1_0.created_at desc 
    fetch
        first 1 rows only
25-11-05 10:24:13.990 [http-nio-8080-exec-10] TRACE org.hibernate.orm.jdbc.bind - binding parameter (1:UUID) <- [46ab906b-b6a4-42d1-9d31-22db5898e9ed]
25-11-05 10:24:14.008 [http-nio-8080-exec-4] DEBUG org.hibernate.SQL - 
    select
        rs1_0.id,
        rs1_0.channel_id,
        rs1_0.created_at,
        rs1_0.last_read_at,
        rs1_0.updated_at,
        rs1_0.user_id 
    from
        read_statuses rs1_0 
    where
        rs1_0.user_id=?
25-11-05 10:24:14.008 [http-nio-8080-exec-4] TRACE org.hibernate.orm.jdbc.bind - binding parameter (1:UUID) <- [0c94bc99-a4ba-45ac-9eaa-c92128d8a5cb]
25-11-05 10:24:16.966 [http-nio-8080-exec-3] DEBUG org.hibernate.SQL - 
    select
        rs1_0.id,
        rs1_0.channel_id,
        rs1_0.created_at,
        rs1_0.last_read_at,
        rs1_0.updated_at,
        rs1_0.user_id 
    from
        read_statuses rs1_0 
    where
        rs1_0.user_id=?
25-11-05 10:24:16.967 [http-nio-8080-exec-3] TRACE org.hibernate.orm.jdbc.bind - binding parameter (1:UUID) <- [0c94bc99-a4ba-45ac-9eaa-c92128d8a5cb]
25-11-05 10:24:16.973 [http-nio-8080-exec-3] DEBUG org.hibernate.SQL - 
    select
        c1_0.id,
        c1_0.created_at,
        c1_0.description,
        c1_0.name,
        c1_0.type,
        c1_0.updated_at 
    from
        channels c1_0 
    where
        c1_0.type=? 
        or c1_0.id in (?, ?)
25-11-05 10:24:16.974 [http-nio-8080-exec-3] TRACE org.hibernate.orm.jdbc.bind - binding parameter (1:VARCHAR) <- [PUBLIC]
25-11-05 10:24:16.975 [http-nio-8080-exec-3] TRACE org.hibernate.orm.jdbc.bind - binding parameter (2:UUID) <- [83a5759b-95ff-499b-813b-3de24059a258]
25-11-05 10:24:16.975 [http-nio-8080-exec-3] TRACE org.hibernate.orm.jdbc.bind - binding parameter (3:UUID) <- [46ab906b-b6a4-42d1-9d31-22db5898e9ed]
25-11-05 10:24:16.980 [http-nio-8080-exec-3] DEBUG org.hibernate.SQL - 
    select
        m1_0.created_at 
    from
        messages m1_0 
    where
        m1_0.channel_id=? 
    order by
        m1_0.created_at desc 
    fetch
        first 1 rows only
25-11-05 10:24:16.980 [http-nio-8080-exec-3] TRACE org.hibernate.orm.jdbc.bind - binding parameter (1:UUID) <- [83a5759b-95ff-499b-813b-3de24059a258]
25-11-05 10:24:16.985 [http-nio-8080-exec-3] DEBUG org.hibernate.SQL - 
    select
        rs1_0.id,
        rs1_0.channel_id,
        rs1_0.created_at,
        rs1_0.last_read_at,
        rs1_0.updated_at,
        rs1_0.user_id,
        u1_0.id,
        u1_0.created_at,
        u1_0.email,
        u1_0.password,
        p1_0.id,
        p1_0.content_type,
        p1_0.created_at,
        p1_0.file_name,
        p1_0.size,
        s1_0.id,
        s1_0.created_at,
        s1_0.last_active_at,
        s1_0.updated_at,
        s1_0.user_id,
        u1_0.updated_at,
        u1_0.username 
    from
        read_statuses rs1_0 
    join
        users u1_0 
            on u1_0.id=rs1_0.user_id 
    join
        user_statuses s1_0 
            on u1_0.id=s1_0.user_id 
    left join
        binary_contents p1_0 
            on p1_0.id=u1_0.profile_id 
    where
        rs1_0.channel_id=?
25-11-05 10:24:16.985 [http-nio-8080-exec-3] TRACE org.hibernate.orm.jdbc.bind - binding parameter (1:UUID) <- [46ab906b-b6a4-42d1-9d31-22db5898e9ed]
25-11-05 10:24:16.991 [http-nio-8080-exec-3] DEBUG org.hibernate.SQL - 
    select
        m1_0.created_at 
    from
        messages m1_0 
    where
        m1_0.channel_id=? 
    order by
        m1_0.created_at desc 
    fetch
        first 1 rows only
25-11-05 10:24:16.992 [http-nio-8080-exec-3] TRACE org.hibernate.orm.jdbc.bind - binding parameter (1:UUID) <- [46ab906b-b6a4-42d1-9d31-22db5898e9ed]
25-11-05 10:24:17.007 [http-nio-8080-exec-1] DEBUG org.hibernate.SQL - 
    select
        rs1_0.id,
        rs1_0.channel_id,
        rs1_0.created_at,
        rs1_0.last_read_at,
        rs1_0.updated_at,
        rs1_0.user_id 
    from
        read_statuses rs1_0 
    where
        rs1_0.user_id=?
25-11-05 10:24:17.007 [http-nio-8080-exec-1] TRACE org.hibernate.orm.jdbc.bind - binding parameter (1:UUID) <- [0c94bc99-a4ba-45ac-9eaa-c92128d8a5cb]
25-11-05 10:24:19.975 [http-nio-8080-exec-10] DEBUG org.hibernate.SQL - 
    select
        rs1_0.id,
        rs1_0.channel_id,
        rs1_0.created_at,
        rs1_0.last_read_at,
        rs1_0.updated_at,
        rs1_0.user_id 
    from
        read_statuses rs1_0 
    where
        rs1_0.user_id=?
25-11-05 10:24:19.976 [http-nio-8080-exec-10] TRACE org.hibernate.orm.jdbc.bind - binding parameter (1:UUID) <- [0c94bc99-a4ba-45ac-9eaa-c92128d8a5cb]
25-11-05 10:24:19.981 [http-nio-8080-exec-10] DEBUG org.hibernate.SQL - 
    select
        c1_0.id,
        c1_0.created_at,
        c1_0.description,
        c1_0.name,
        c1_0.type,
        c1_0.updated_at 
    from
        channels c1_0 
    where
        c1_0.type=? 
        or c1_0.id in (?, ?)
25-11-05 10:24:19.981 [http-nio-8080-exec-10] TRACE org.hibernate.orm.jdbc.bind - binding parameter (1:VARCHAR) <- [PUBLIC]
25-11-05 10:24:19.982 [http-nio-8080-exec-10] TRACE org.hibernate.orm.jdbc.bind - binding parameter (2:UUID) <- [83a5759b-95ff-499b-813b-3de24059a258]
25-11-05 10:24:19.982 [http-nio-8080-exec-10] TRACE org.hibernate.orm.jdbc.bind - binding parameter (3:UUID) <- [46ab906b-b6a4-42d1-9d31-22db5898e9ed]
25-11-05 10:24:19.985 [http-nio-8080-exec-10] DEBUG org.hibernate.SQL - 
    select
        m1_0.created_at 
    from
        messages m1_0 
    where
        m1_0.channel_id=? 
    order by
        m1_0.created_at desc 
    fetch
        first 1 rows only
25-11-05 10:24:19.985 [http-nio-8080-exec-10] TRACE org.hibernate.orm.jdbc.bind - binding parameter (1:UUID) <- [83a5759b-95ff-499b-813b-3de24059a258]
25-11-05 10:24:19.989 [http-nio-8080-exec-10] DEBUG org.hibernate.SQL - 
    select
        rs1_0.id,
        rs1_0.channel_id,
        rs1_0.created_at,
        rs1_0.last_read_at,
        rs1_0.updated_at,
        rs1_0.user_id,
        u1_0.id,
        u1_0.created_at,
        u1_0.email,
        u1_0.password,
        p1_0.id,
        p1_0.content_type,
        p1_0.created_at,
        p1_0.file_name,
        p1_0.size,
        s1_0.id,
        s1_0.created_at,
        s1_0.last_active_at,
        s1_0.updated_at,
        s1_0.user_id,
        u1_0.updated_at,
        u1_0.username 
    from
        read_statuses rs1_0 
    join
        users u1_0 
            on u1_0.id=rs1_0.user_id 
    join
        user_statuses s1_0 
            on u1_0.id=s1_0.user_id 
    left join
        binary_contents p1_0 
            on p1_0.id=u1_0.profile_id 
    where
        rs1_0.channel_id=?
25-11-05 10:24:19.990 [http-nio-8080-exec-10] TRACE org.hibernate.orm.jdbc.bind - binding parameter (1:UUID) <- [46ab906b-b6a4-42d1-9d31-22db5898e9ed]
25-11-05 10:24:19.998 [http-nio-8080-exec-10] DEBUG org.hibernate.SQL - 
    select
        m1_0.created_at 
    from
        messages m1_0 
    where
        m1_0.channel_id=? 
    order by
        m1_0.created_at desc 
    fetch
        first 1 rows only
25-11-05 10:24:19.998 [http-nio-8080-exec-10] TRACE org.hibernate.orm.jdbc.bind - binding parameter (1:UUID) <- [46ab906b-b6a4-42d1-9d31-22db5898e9ed]
25-11-05 10:24:20.020 [http-nio-8080-exec-4] DEBUG org.hibernate.SQL - 
    select
        rs1_0.id,
        rs1_0.channel_id,
        rs1_0.created_at,
        rs1_0.last_read_at,
        rs1_0.updated_at,
        rs1_0.user_id 
    from
        read_statuses rs1_0 
    where
        rs1_0.user_id=?
25-11-05 10:24:20.020 [http-nio-8080-exec-4] TRACE org.hibernate.orm.jdbc.bind - binding parameter (1:UUID) <- [0c94bc99-a4ba-45ac-9eaa-c92128d8a5cb]
25-11-05 10:24:22.974 [http-nio-8080-exec-8] DEBUG org.hibernate.SQL - 
    select
        rs1_0.id,
        rs1_0.channel_id,
        rs1_0.created_at,
        rs1_0.last_read_at,
        rs1_0.updated_at,
        rs1_0.user_id 
    from
        read_statuses rs1_0 
    where
        rs1_0.user_id=?
25-11-05 10:24:22.975 [http-nio-8080-exec-8] TRACE org.hibernate.orm.jdbc.bind - binding parameter (1:UUID) <- [0c94bc99-a4ba-45ac-9eaa-c92128d8a5cb]
25-11-05 10:24:22.982 [http-nio-8080-exec-8] DEBUG org.hibernate.SQL - 
    select
        c1_0.id,
        c1_0.created_at,
        c1_0.description,
        c1_0.name,
        c1_0.type,
        c1_0.updated_at 
    from
        channels c1_0 
    where
        c1_0.type=? 
        or c1_0.id in (?, ?)
25-11-05 10:24:22.983 [http-nio-8080-exec-8] TRACE org.hibernate.orm.jdbc.bind - binding parameter (1:VARCHAR) <- [PUBLIC]
25-11-05 10:24:22.983 [http-nio-8080-exec-8] TRACE org.hibernate.orm.jdbc.bind - binding parameter (2:UUID) <- [83a5759b-95ff-499b-813b-3de24059a258]
25-11-05 10:24:22.983 [http-nio-8080-exec-8] TRACE org.hibernate.orm.jdbc.bind - binding parameter (3:UUID) <- [46ab906b-b6a4-42d1-9d31-22db5898e9ed]
25-11-05 10:24:22.989 [http-nio-8080-exec-8] DEBUG org.hibernate.SQL - 
    select
        m1_0.created_at 
    from
        messages m1_0 
    where
        m1_0.channel_id=? 
    order by
        m1_0.created_at desc 
    fetch
        first 1 rows only
25-11-05 10:24:22.989 [http-nio-8080-exec-8] TRACE org.hibernate.orm.jdbc.bind - binding parameter (1:UUID) <- [83a5759b-95ff-499b-813b-3de24059a258]
25-11-05 10:24:22.994 [http-nio-8080-exec-8] DEBUG org.hibernate.SQL - 
    select
        rs1_0.id,
        rs1_0.channel_id,
        rs1_0.created_at,
        rs1_0.last_read_at,
        rs1_0.updated_at,
        rs1_0.user_id,
        u1_0.id,
        u1_0.created_at,
        u1_0.email,
        u1_0.password,
        p1_0.id,
        p1_0.content_type,
        p1_0.created_at,
        p1_0.file_name,
        p1_0.size,
        s1_0.id,
        s1_0.created_at,
        s1_0.last_active_at,
        s1_0.updated_at,
        s1_0.user_id,
        u1_0.updated_at,
        u1_0.username 
    from
        read_statuses rs1_0 
    join
        users u1_0 
            on u1_0.id=rs1_0.user_id 
    join
        user_statuses s1_0 
            on u1_0.id=s1_0.user_id 
    left join
        binary_contents p1_0 
            on p1_0.id=u1_0.profile_id 
    where
        rs1_0.channel_id=?
25-11-05 10:24:22.995 [http-nio-8080-exec-8] TRACE org.hibernate.orm.jdbc.bind - binding parameter (1:UUID) <- [46ab906b-b6a4-42d1-9d31-22db5898e9ed]
25-11-05 10:24:23.004 [http-nio-8080-exec-8] DEBUG org.hibernate.SQL - 
    select
        m1_0.created_at 
    from
        messages m1_0 
    where
        m1_0.channel_id=? 
    order by
        m1_0.created_at desc 
    fetch
        first 1 rows only
25-11-05 10:24:23.004 [http-nio-8080-exec-8] TRACE org.hibernate.orm.jdbc.bind - binding parameter (1:UUID) <- [46ab906b-b6a4-42d1-9d31-22db5898e9ed]
25-11-05 10:24:23.021 [http-nio-8080-exec-7] DEBUG org.hibernate.SQL - 
    select
        rs1_0.id,
        rs1_0.channel_id,
        rs1_0.created_at,
        rs1_0.last_read_at,
        rs1_0.updated_at,
        rs1_0.user_id 
    from
        read_statuses rs1_0 
    where
        rs1_0.user_id=?
25-11-05 10:24:23.024 [http-nio-8080-exec-7] TRACE org.hibernate.orm.jdbc.bind - binding parameter (1:UUID) <- [0c94bc99-a4ba-45ac-9eaa-c92128d8a5cb]
25-11-05 10:24:26.010 [http-nio-8080-exec-6] DEBUG org.hibernate.SQL - 
    select
        rs1_0.id,
        rs1_0.channel_id,
        rs1_0.created_at,
        rs1_0.last_read_at,
        rs1_0.updated_at,
        rs1_0.user_id 
    from
        read_statuses rs1_0 
    where
        rs1_0.user_id=?
25-11-05 10:24:26.011 [http-nio-8080-exec-6] TRACE org.hibernate.orm.jdbc.bind - binding parameter (1:UUID) <- [0c94bc99-a4ba-45ac-9eaa-c92128d8a5cb]
25-11-05 10:24:26.028 [http-nio-8080-exec-6] DEBUG org.hibernate.SQL - 
    select
        c1_0.id,
        c1_0.created_at,
        c1_0.description,
        c1_0.name,
        c1_0.type,
        c1_0.updated_at 
    from
        channels c1_0 
    where
        c1_0.type=? 
        or c1_0.id in (?, ?)
25-11-05 10:24:26.029 [http-nio-8080-exec-6] TRACE org.hibernate.orm.jdbc.bind - binding parameter (1:VARCHAR) <- [PUBLIC]
25-11-05 10:24:26.029 [http-nio-8080-exec-6] TRACE org.hibernate.orm.jdbc.bind - binding parameter (2:UUID) <- [83a5759b-95ff-499b-813b-3de24059a258]
25-11-05 10:24:26.029 [http-nio-8080-exec-6] TRACE org.hibernate.orm.jdbc.bind - binding parameter (3:UUID) <- [46ab906b-b6a4-42d1-9d31-22db5898e9ed]
25-11-05 10:24:26.045 [http-nio-8080-exec-6] DEBUG org.hibernate.SQL - 
    select
        m1_0.created_at 
    from
        messages m1_0 
    where
        m1_0.channel_id=? 
    order by
        m1_0.created_at desc 
    fetch
        first 1 rows only
25-11-05 10:24:26.046 [http-nio-8080-exec-6] TRACE org.hibernate.orm.jdbc.bind - binding parameter (1:UUID) <- [83a5759b-95ff-499b-813b-3de24059a258]
25-11-05 10:24:26.062 [http-nio-8080-exec-6] DEBUG org.hibernate.SQL - 
    select
        rs1_0.id,
        rs1_0.channel_id,
        rs1_0.created_at,
        rs1_0.last_read_at,
        rs1_0.updated_at,
        rs1_0.user_id,
        u1_0.id,
        u1_0.created_at,
        u1_0.email,
        u1_0.password,
        p1_0.id,
        p1_0.content_type,
        p1_0.created_at,
        p1_0.file_name,
        p1_0.size,
        s1_0.id,
        s1_0.created_at,
        s1_0.last_active_at,
        s1_0.updated_at,
        s1_0.user_id,
        u1_0.updated_at,
        u1_0.username 
    from
        read_statuses rs1_0 
    join
        users u1_0 
            on u1_0.id=rs1_0.user_id 
    join
        user_statuses s1_0 
            on u1_0.id=s1_0.user_id 
    left join
        binary_contents p1_0 
            on p1_0.id=u1_0.profile_id 
    where
        rs1_0.channel_id=?
25-11-05 10:24:26.063 [http-nio-8080-exec-6] TRACE org.hibernate.orm.jdbc.bind - binding parameter (1:UUID) <- [46ab906b-b6a4-42d1-9d31-22db5898e9ed]
25-11-05 10:24:26.079 [http-nio-8080-exec-6] DEBUG org.hibernate.SQL - 
    select
        m1_0.created_at 
    from
        messages m1_0 
    where
        m1_0.channel_id=? 
    order by
        m1_0.created_at desc 
    fetch
        first 1 rows only
25-11-05 10:24:26.080 [http-nio-8080-exec-6] TRACE org.hibernate.orm.jdbc.bind - binding parameter (1:UUID) <- [46ab906b-b6a4-42d1-9d31-22db5898e9ed]
25-11-05 10:24:26.142 [http-nio-8080-exec-9] DEBUG org.hibernate.SQL - 
    select
        rs1_0.id,
        rs1_0.channel_id,
        rs1_0.created_at,
        rs1_0.last_read_at,
        rs1_0.updated_at,
        rs1_0.user_id 
    from
        read_statuses rs1_0 
    where
        rs1_0.user_id=?
25-11-05 10:24:26.148 [http-nio-8080-exec-9] TRACE org.hibernate.orm.jdbc.bind - binding parameter (1:UUID) <- [0c94bc99-a4ba-45ac-9eaa-c92128d8a5cb]
25-11-05 10:24:28.974 [http-nio-8080-exec-5] DEBUG org.hibernate.SQL - 
    select
        rs1_0.id,
        rs1_0.channel_id,
        rs1_0.created_at,
        rs1_0.last_read_at,
        rs1_0.updated_at,
        rs1_0.user_id 
    from
        read_statuses rs1_0 
    where
        rs1_0.user_id=?
25-11-05 10:24:28.975 [http-nio-8080-exec-5] TRACE org.hibernate.orm.jdbc.bind - binding parameter (1:UUID) <- [0c94bc99-a4ba-45ac-9eaa-c92128d8a5cb]
25-11-05 10:24:28.981 [http-nio-8080-exec-5] DEBUG org.hibernate.SQL - 
    select
        c1_0.id,
        c1_0.created_at,
        c1_0.description,
        c1_0.name,
        c1_0.type,
        c1_0.updated_at 
    from
        channels c1_0 
    where
        c1_0.type=? 
        or c1_0.id in (?, ?)
25-11-05 10:24:28.982 [http-nio-8080-exec-5] TRACE org.hibernate.orm.jdbc.bind - binding parameter (1:VARCHAR) <- [PUBLIC]
25-11-05 10:24:28.982 [http-nio-8080-exec-5] TRACE org.hibernate.orm.jdbc.bind - binding parameter (2:UUID) <- [83a5759b-95ff-499b-813b-3de24059a258]
25-11-05 10:24:28.982 [http-nio-8080-exec-5] TRACE org.hibernate.orm.jdbc.bind - binding parameter (3:UUID) <- [46ab906b-b6a4-42d1-9d31-22db5898e9ed]
25-11-05 10:24:28.988 [http-nio-8080-exec-5] DEBUG org.hibernate.SQL - 
    select
        m1_0.created_at 
    from
        messages m1_0 
    where
        m1_0.channel_id=? 
    order by
        m1_0.created_at desc 
    fetch
        first 1 rows only
25-11-05 10:24:28.988 [http-nio-8080-exec-5] TRACE org.hibernate.orm.jdbc.bind - binding parameter (1:UUID) <- [83a5759b-95ff-499b-813b-3de24059a258]
25-11-05 10:24:28.993 [http-nio-8080-exec-5] DEBUG org.hibernate.SQL - 
    select
        rs1_0.id,
        rs1_0.channel_id,
        rs1_0.created_at,
        rs1_0.last_read_at,
        rs1_0.updated_at,
        rs1_0.user_id,
        u1_0.id,
        u1_0.created_at,
        u1_0.email,
        u1_0.password,
        p1_0.id,
        p1_0.content_type,
        p1_0.created_at,
        p1_0.file_name,
        p1_0.size,
        s1_0.id,
        s1_0.created_at,
        s1_0.last_active_at,
        s1_0.updated_at,
        s1_0.user_id,
        u1_0.updated_at,
        u1_0.username 
    from
        read_statuses rs1_0 
    join
        users u1_0 
            on u1_0.id=rs1_0.user_id 
    join
        user_statuses s1_0 
            on u1_0.id=s1_0.user_id 
    left join
        binary_contents p1_0 
            on p1_0.id=u1_0.profile_id 
    where
        rs1_0.channel_id=?
25-11-05 10:24:28.993 [http-nio-8080-exec-5] TRACE org.hibernate.orm.jdbc.bind - binding parameter (1:UUID) <- [46ab906b-b6a4-42d1-9d31-22db5898e9ed]
25-11-05 10:24:28.999 [http-nio-8080-exec-5] DEBUG org.hibernate.SQL - 
    select
        m1_0.created_at 
    from
        messages m1_0 
    where
        m1_0.channel_id=? 
    order by
        m1_0.created_at desc 
    fetch
        first 1 rows only
25-11-05 10:24:28.999 [http-nio-8080-exec-5] TRACE org.hibernate.orm.jdbc.bind - binding parameter (1:UUID) <- [46ab906b-b6a4-42d1-9d31-22db5898e9ed]
25-11-05 10:24:29.018 [http-nio-8080-exec-3] DEBUG org.hibernate.SQL - 
    select
        rs1_0.id,
        rs1_0.channel_id,
        rs1_0.created_at,
        rs1_0.last_read_at,
        rs1_0.updated_at,
        rs1_0.user_id 
    from
        read_statuses rs1_0 
    where
        rs1_0.user_id=?
25-11-05 10:24:29.020 [http-nio-8080-exec-3] TRACE org.hibernate.orm.jdbc.bind - binding parameter (1:UUID) <- [0c94bc99-a4ba-45ac-9eaa-c92128d8a5cb]
25-11-05 10:24:31.963 [http-nio-8080-exec-1] DEBUG org.hibernate.SQL - 
    select
        rs1_0.id,
        rs1_0.channel_id,
        rs1_0.created_at,
        rs1_0.last_read_at,
        rs1_0.updated_at,
        rs1_0.user_id 
    from
        read_statuses rs1_0 
    where
        rs1_0.user_id=?
25-11-05 10:24:31.963 [http-nio-8080-exec-1] TRACE org.hibernate.orm.jdbc.bind - binding parameter (1:UUID) <- [0c94bc99-a4ba-45ac-9eaa-c92128d8a5cb]
25-11-05 10:24:31.968 [http-nio-8080-exec-1] DEBUG org.hibernate.SQL - 
    select
        c1_0.id,
        c1_0.created_at,
        c1_0.description,
        c1_0.name,
        c1_0.type,
        c1_0.updated_at 
    from
        channels c1_0 
    where
        c1_0.type=? 
        or c1_0.id in (?, ?)
25-11-05 10:24:31.968 [http-nio-8080-exec-1] TRACE org.hibernate.orm.jdbc.bind - binding parameter (1:VARCHAR) <- [PUBLIC]
25-11-05 10:24:31.969 [http-nio-8080-exec-1] TRACE org.hibernate.orm.jdbc.bind - binding parameter (2:UUID) <- [83a5759b-95ff-499b-813b-3de24059a258]
25-11-05 10:24:31.969 [http-nio-8080-exec-1] TRACE org.hibernate.orm.jdbc.bind - binding parameter (3:UUID) <- [46ab906b-b6a4-42d1-9d31-22db5898e9ed]
25-11-05 10:24:31.974 [http-nio-8080-exec-1] DEBUG org.hibernate.SQL - 
    select
        m1_0.created_at 
    from
        messages m1_0 
    where
        m1_0.channel_id=? 
    order by
        m1_0.created_at desc 
    fetch
        first 1 rows only
25-11-05 10:24:31.975 [http-nio-8080-exec-1] TRACE org.hibernate.orm.jdbc.bind - binding parameter (1:UUID) <- [83a5759b-95ff-499b-813b-3de24059a258]
25-11-05 10:24:31.978 [http-nio-8080-exec-1] DEBUG org.hibernate.SQL - 
    select
        rs1_0.id,
        rs1_0.channel_id,
        rs1_0.created_at,
        rs1_0.last_read_at,
        rs1_0.updated_at,
        rs1_0.user_id,
        u1_0.id,
        u1_0.created_at,
        u1_0.email,
        u1_0.password,
        p1_0.id,
        p1_0.content_type,
        p1_0.created_at,
        p1_0.file_name,
        p1_0.size,
        s1_0.id,
        s1_0.created_at,
        s1_0.last_active_at,
        s1_0.updated_at,
        s1_0.user_id,
        u1_0.updated_at,
        u1_0.username 
    from
        read_statuses rs1_0 
    join
        users u1_0 
            on u1_0.id=rs1_0.user_id 
    join
        user_statuses s1_0 
            on u1_0.id=s1_0.user_id 
    left join
        binary_contents p1_0 
            on p1_0.id=u1_0.profile_id 
    where
        rs1_0.channel_id=?
25-11-05 10:24:31.979 [http-nio-8080-exec-1] TRACE org.hibernate.orm.jdbc.bind - binding parameter (1:UUID) <- [46ab906b-b6a4-42d1-9d31-22db5898e9ed]
25-11-05 10:24:31.985 [http-nio-8080-exec-1] DEBUG org.hibernate.SQL - 
    select
        m1_0.created_at 
    from
        messages m1_0 
    where
        m1_0.channel_id=? 
    order by
        m1_0.created_at desc 
    fetch
        first 1 rows only
25-11-05 10:24:31.985 [http-nio-8080-exec-1] TRACE org.hibernate.orm.jdbc.bind - binding parameter (1:UUID) <- [46ab906b-b6a4-42d1-9d31-22db5898e9ed]
25-11-05 10:24:32.000 [http-nio-8080-exec-10] DEBUG org.hibernate.SQL - 
    select
        rs1_0.id,
        rs1_0.channel_id,
        rs1_0.created_at,
        rs1_0.last_read_at,
        rs1_0.updated_at,
        rs1_0.user_id 
    from
        read_statuses rs1_0 
    where
        rs1_0.user_id=?
25-11-05 10:24:32.004 [http-nio-8080-exec-10] TRACE org.hibernate.orm.jdbc.bind - binding parameter (1:UUID) <- [0c94bc99-a4ba-45ac-9eaa-c92128d8a5cb]
25-11-05 10:24:34.967 [http-nio-8080-exec-4] DEBUG org.hibernate.SQL - 
    select
        rs1_0.id,
        rs1_0.channel_id,
        rs1_0.created_at,
        rs1_0.last_read_at,
        rs1_0.updated_at,
        rs1_0.user_id 
    from
        read_statuses rs1_0 
    where
        rs1_0.user_id=?
25-11-05 10:24:34.967 [http-nio-8080-exec-4] TRACE org.hibernate.orm.jdbc.bind - binding parameter (1:UUID) <- [0c94bc99-a4ba-45ac-9eaa-c92128d8a5cb]
25-11-05 10:24:34.974 [http-nio-8080-exec-4] DEBUG org.hibernate.SQL - 
    select
        c1_0.id,
        c1_0.created_at,
        c1_0.description,
        c1_0.name,
        c1_0.type,
        c1_0.updated_at 
    from
        channels c1_0 
    where
        c1_0.type=? 
        or c1_0.id in (?, ?)
25-11-05 10:24:34.975 [http-nio-8080-exec-4] TRACE org.hibernate.orm.jdbc.bind - binding parameter (1:VARCHAR) <- [PUBLIC]
25-11-05 10:24:34.975 [http-nio-8080-exec-4] TRACE org.hibernate.orm.jdbc.bind - binding parameter (2:UUID) <- [83a5759b-95ff-499b-813b-3de24059a258]
25-11-05 10:24:34.975 [http-nio-8080-exec-4] TRACE org.hibernate.orm.jdbc.bind - binding parameter (3:UUID) <- [46ab906b-b6a4-42d1-9d31-22db5898e9ed]
25-11-05 10:24:34.980 [http-nio-8080-exec-4] DEBUG org.hibernate.SQL - 
    select
        m1_0.created_at 
    from
        messages m1_0 
    where
        m1_0.channel_id=? 
    order by
        m1_0.created_at desc 
    fetch
        first 1 rows only
25-11-05 10:24:34.980 [http-nio-8080-exec-4] TRACE org.hibernate.orm.jdbc.bind - binding parameter (1:UUID) <- [83a5759b-95ff-499b-813b-3de24059a258]
25-11-05 10:24:34.983 [http-nio-8080-exec-4] DEBUG org.hibernate.SQL - 
    select
        rs1_0.id,
        rs1_0.channel_id,
        rs1_0.created_at,
        rs1_0.last_read_at,
        rs1_0.updated_at,
        rs1_0.user_id,
        u1_0.id,
        u1_0.created_at,
        u1_0.email,
        u1_0.password,
        p1_0.id,
        p1_0.content_type,
        p1_0.created_at,
        p1_0.file_name,
        p1_0.size,
        s1_0.id,
        s1_0.created_at,
        s1_0.last_active_at,
        s1_0.updated_at,
        s1_0.user_id,
        u1_0.updated_at,
        u1_0.username 
    from
        read_statuses rs1_0 
    join
        users u1_0 
            on u1_0.id=rs1_0.user_id 
    join
        user_statuses s1_0 
            on u1_0.id=s1_0.user_id 
    left join
        binary_contents p1_0 
            on p1_0.id=u1_0.profile_id 
    where
        rs1_0.channel_id=?
25-11-05 10:24:34.983 [http-nio-8080-exec-4] TRACE org.hibernate.orm.jdbc.bind - binding parameter (1:UUID) <- [46ab906b-b6a4-42d1-9d31-22db5898e9ed]
25-11-05 10:24:34.991 [http-nio-8080-exec-4] DEBUG org.hibernate.SQL - 
    select
        m1_0.created_at 
    from
        messages m1_0 
    where
        m1_0.channel_id=? 
    order by
        m1_0.created_at desc 
    fetch
        first 1 rows only
25-11-05 10:24:34.992 [http-nio-8080-exec-4] TRACE org.hibernate.orm.jdbc.bind - binding parameter (1:UUID) <- [46ab906b-b6a4-42d1-9d31-22db5898e9ed]
25-11-05 10:24:35.010 [http-nio-8080-exec-8] DEBUG org.hibernate.SQL - 
    select
        rs1_0.id,
        rs1_0.channel_id,
        rs1_0.created_at,
        rs1_0.last_read_at,
        rs1_0.updated_at,
        rs1_0.user_id 
    from
        read_statuses rs1_0 
    where
        rs1_0.user_id=?
25-11-05 10:24:35.014 [http-nio-8080-exec-8] TRACE org.hibernate.orm.jdbc.bind - binding parameter (1:UUID) <- [0c94bc99-a4ba-45ac-9eaa-c92128d8a5cb]
25-11-05 10:24:37.972 [http-nio-8080-exec-2] DEBUG org.hibernate.SQL - 
    select
        rs1_0.id,
        rs1_0.channel_id,
        rs1_0.created_at,
        rs1_0.last_read_at,
        rs1_0.updated_at,
        rs1_0.user_id 
    from
        read_statuses rs1_0 
    where
        rs1_0.user_id=?
25-11-05 10:24:37.972 [http-nio-8080-exec-2] TRACE org.hibernate.orm.jdbc.bind - binding parameter (1:UUID) <- [0c94bc99-a4ba-45ac-9eaa-c92128d8a5cb]
25-11-05 10:24:37.978 [http-nio-8080-exec-2] DEBUG org.hibernate.SQL - 
    select
        c1_0.id,
        c1_0.created_at,
        c1_0.description,
        c1_0.name,
        c1_0.type,
        c1_0.updated_at 
    from
        channels c1_0 
    where
        c1_0.type=? 
        or c1_0.id in (?, ?)
25-11-05 10:24:37.978 [http-nio-8080-exec-2] TRACE org.hibernate.orm.jdbc.bind - binding parameter (1:VARCHAR) <- [PUBLIC]
25-11-05 10:24:37.978 [http-nio-8080-exec-2] TRACE org.hibernate.orm.jdbc.bind - binding parameter (2:UUID) <- [83a5759b-95ff-499b-813b-3de24059a258]
25-11-05 10:24:37.978 [http-nio-8080-exec-2] TRACE org.hibernate.orm.jdbc.bind - binding parameter (3:UUID) <- [46ab906b-b6a4-42d1-9d31-22db5898e9ed]
25-11-05 10:24:37.984 [http-nio-8080-exec-2] DEBUG org.hibernate.SQL - 
    select
        m1_0.created_at 
    from
        messages m1_0 
    where
        m1_0.channel_id=? 
    order by
        m1_0.created_at desc 
    fetch
        first 1 rows only
25-11-05 10:24:37.984 [http-nio-8080-exec-2] TRACE org.hibernate.orm.jdbc.bind - binding parameter (1:UUID) <- [83a5759b-95ff-499b-813b-3de24059a258]
25-11-05 10:24:37.988 [http-nio-8080-exec-2] DEBUG org.hibernate.SQL - 
    select
        rs1_0.id,
        rs1_0.channel_id,
        rs1_0.created_at,
        rs1_0.last_read_at,
        rs1_0.updated_at,
        rs1_0.user_id,
        u1_0.id,
        u1_0.created_at,
        u1_0.email,
        u1_0.password,
        p1_0.id,
        p1_0.content_type,
        p1_0.created_at,
        p1_0.file_name,
        p1_0.size,
        s1_0.id,
        s1_0.created_at,
        s1_0.last_active_at,
        s1_0.updated_at,
        s1_0.user_id,
        u1_0.updated_at,
        u1_0.username 
    from
        read_statuses rs1_0 
    join
        users u1_0 
            on u1_0.id=rs1_0.user_id 
    join
        user_statuses s1_0 
            on u1_0.id=s1_0.user_id 
    left join
        binary_contents p1_0 
            on p1_0.id=u1_0.profile_id 
    where
        rs1_0.channel_id=?
25-11-05 10:24:37.989 [http-nio-8080-exec-2] TRACE org.hibernate.orm.jdbc.bind - binding parameter (1:UUID) <- [46ab906b-b6a4-42d1-9d31-22db5898e9ed]
25-11-05 10:24:37.995 [http-nio-8080-exec-2] DEBUG org.hibernate.SQL - 
    select
        m1_0.created_at 
    from
        messages m1_0 
    where
        m1_0.channel_id=? 
    order by
        m1_0.created_at desc 
    fetch
        first 1 rows only
25-11-05 10:24:37.995 [http-nio-8080-exec-2] TRACE org.hibernate.orm.jdbc.bind - binding parameter (1:UUID) <- [46ab906b-b6a4-42d1-9d31-22db5898e9ed]
25-11-05 10:24:38.009 [http-nio-8080-exec-6] DEBUG org.hibernate.SQL - 
    select
        rs1_0.id,
        rs1_0.channel_id,
        rs1_0.created_at,
        rs1_0.last_read_at,
        rs1_0.updated_at,
        rs1_0.user_id 
    from
        read_statuses rs1_0 
    where
        rs1_0.user_id=?
25-11-05 10:24:38.012 [http-nio-8080-exec-6] TRACE org.hibernate.orm.jdbc.bind - binding parameter (1:UUID) <- [0c94bc99-a4ba-45ac-9eaa-c92128d8a5cb]
25-11-05 10:24:41.039 [http-nio-8080-exec-9] DEBUG org.hibernate.SQL - 
    select
        rs1_0.id,
        rs1_0.channel_id,
        rs1_0.created_at,
        rs1_0.last_read_at,
        rs1_0.updated_at,
        rs1_0.user_id 
    from
        read_statuses rs1_0 
    where
        rs1_0.user_id=?
25-11-05 10:24:41.039 [http-nio-8080-exec-9] TRACE org.hibernate.orm.jdbc.bind - binding parameter (1:UUID) <- [0c94bc99-a4ba-45ac-9eaa-c92128d8a5cb]
25-11-05 10:24:41.044 [http-nio-8080-exec-9] DEBUG org.hibernate.SQL - 
    select
        c1_0.id,
        c1_0.created_at,
        c1_0.description,
        c1_0.name,
        c1_0.type,
        c1_0.updated_at 
    from
        channels c1_0 
    where
        c1_0.type=? 
        or c1_0.id in (?, ?)
25-11-05 10:24:41.044 [http-nio-8080-exec-9] TRACE org.hibernate.orm.jdbc.bind - binding parameter (1:VARCHAR) <- [PUBLIC]
25-11-05 10:24:41.044 [http-nio-8080-exec-9] TRACE org.hibernate.orm.jdbc.bind - binding parameter (2:UUID) <- [83a5759b-95ff-499b-813b-3de24059a258]
25-11-05 10:24:41.044 [http-nio-8080-exec-9] TRACE org.hibernate.orm.jdbc.bind - binding parameter (3:UUID) <- [46ab906b-b6a4-42d1-9d31-22db5898e9ed]
25-11-05 10:24:41.049 [http-nio-8080-exec-9] DEBUG org.hibernate.SQL - 
    select
        m1_0.created_at 
    from
        messages m1_0 
    where
        m1_0.channel_id=? 
    order by
        m1_0.created_at desc 
    fetch
        first 1 rows only
25-11-05 10:24:41.050 [http-nio-8080-exec-9] TRACE org.hibernate.orm.jdbc.bind - binding parameter (1:UUID) <- [83a5759b-95ff-499b-813b-3de24059a258]
25-11-05 10:24:41.053 [http-nio-8080-exec-9] DEBUG org.hibernate.SQL - 
    select
        rs1_0.id,
        rs1_0.channel_id,
        rs1_0.created_at,
        rs1_0.last_read_at,
        rs1_0.updated_at,
        rs1_0.user_id,
        u1_0.id,
        u1_0.created_at,
        u1_0.email,
        u1_0.password,
        p1_0.id,
        p1_0.content_type,
        p1_0.created_at,
        p1_0.file_name,
        p1_0.size,
        s1_0.id,
        s1_0.created_at,
        s1_0.last_active_at,
        s1_0.updated_at,
        s1_0.user_id,
        u1_0.updated_at,
        u1_0.username 
    from
        read_statuses rs1_0 
    join
        users u1_0 
            on u1_0.id=rs1_0.user_id 
    join
        user_statuses s1_0 
            on u1_0.id=s1_0.user_id 
    left join
        binary_contents p1_0 
            on p1_0.id=u1_0.profile_id 
    where
        rs1_0.channel_id=?
25-11-05 10:24:41.054 [http-nio-8080-exec-9] TRACE org.hibernate.orm.jdbc.bind - binding parameter (1:UUID) <- [46ab906b-b6a4-42d1-9d31-22db5898e9ed]
25-11-05 10:24:41.059 [http-nio-8080-exec-9] DEBUG org.hibernate.SQL - 
    select
        m1_0.created_at 
    from
        messages m1_0 
    where
        m1_0.channel_id=? 
    order by
        m1_0.created_at desc 
    fetch
        first 1 rows only
25-11-05 10:24:41.059 [http-nio-8080-exec-9] TRACE org.hibernate.orm.jdbc.bind - binding parameter (1:UUID) <- [46ab906b-b6a4-42d1-9d31-22db5898e9ed]
25-11-05 10:24:41.073 [http-nio-8080-exec-5] DEBUG org.hibernate.SQL - 
    select
        rs1_0.id,
        rs1_0.channel_id,
        rs1_0.created_at,
        rs1_0.last_read_at,
        rs1_0.updated_at,
        rs1_0.user_id 
    from
        read_statuses rs1_0 
    where
        rs1_0.user_id=?
25-11-05 10:24:41.076 [http-nio-8080-exec-5] TRACE org.hibernate.orm.jdbc.bind - binding parameter (1:UUID) <- [0c94bc99-a4ba-45ac-9eaa-c92128d8a5cb]
25-11-05 10:24:44.049 [http-nio-8080-exec-3] INFO  c.s.m.d.controller.UserController - 유저 상태 업데이트 요청 수신: userId=0c94bc99-a4ba-45ac-9eaa-c92128d8a5cb, newLastActiveAt=2025-11-05T01:24:44.045Z
25-11-05 10:24:44.058 [http-nio-8080-exec-1] DEBUG org.hibernate.SQL - 
    select
        rs1_0.id,
        rs1_0.channel_id,
        rs1_0.created_at,
        rs1_0.last_read_at,
        rs1_0.updated_at,
        rs1_0.user_id 
    from
        read_statuses rs1_0 
    where
        rs1_0.user_id=?
25-11-05 10:24:44.058 [http-nio-8080-exec-3] DEBUG org.hibernate.SQL - 
    select
        us1_0.id,
        us1_0.created_at,
        us1_0.last_active_at,
        us1_0.updated_at,
        us1_0.user_id 
    from
        user_statuses us1_0 
    where
        us1_0.user_id=?
25-11-05 10:24:44.059 [http-nio-8080-exec-1] TRACE org.hibernate.orm.jdbc.bind - binding parameter (1:UUID) <- [0c94bc99-a4ba-45ac-9eaa-c92128d8a5cb]
25-11-05 10:24:44.059 [http-nio-8080-exec-3] TRACE org.hibernate.orm.jdbc.bind - binding parameter (1:UUID) <- [0c94bc99-a4ba-45ac-9eaa-c92128d8a5cb]
25-11-05 10:24:44.063 [http-nio-8080-exec-3] DEBUG org.hibernate.SQL - 
    update
        user_statuses 
    set
        last_active_at=?,
        updated_at=?,
        user_id=? 
    where
        id=?
25-11-05 10:24:44.063 [http-nio-8080-exec-1] DEBUG org.hibernate.SQL - 
    select
        c1_0.id,
        c1_0.created_at,
        c1_0.description,
        c1_0.name,
        c1_0.type,
        c1_0.updated_at 
    from
        channels c1_0 
    where
        c1_0.type=? 
        or c1_0.id in (?, ?)
25-11-05 10:24:44.063 [http-nio-8080-exec-3] TRACE org.hibernate.orm.jdbc.bind - binding parameter (1:TIMESTAMP_UTC) <- [2025-11-05T01:24:44.045Z]
25-11-05 10:24:44.063 [http-nio-8080-exec-1] TRACE org.hibernate.orm.jdbc.bind - binding parameter (1:VARCHAR) <- [PUBLIC]
25-11-05 10:24:44.064 [http-nio-8080-exec-1] TRACE org.hibernate.orm.jdbc.bind - binding parameter (2:UUID) <- [83a5759b-95ff-499b-813b-3de24059a258]
25-11-05 10:24:44.064 [http-nio-8080-exec-3] TRACE org.hibernate.orm.jdbc.bind - binding parameter (2:TIMESTAMP_UTC) <- [2025-11-05T01:24:44.062592900Z]
25-11-05 10:24:44.064 [http-nio-8080-exec-1] TRACE org.hibernate.orm.jdbc.bind - binding parameter (3:UUID) <- [46ab906b-b6a4-42d1-9d31-22db5898e9ed]
25-11-05 10:24:44.064 [http-nio-8080-exec-3] TRACE org.hibernate.orm.jdbc.bind - binding parameter (3:UUID) <- [0c94bc99-a4ba-45ac-9eaa-c92128d8a5cb]
25-11-05 10:24:44.064 [http-nio-8080-exec-3] TRACE org.hibernate.orm.jdbc.bind - binding parameter (4:UUID) <- [2af3cbe2-8e5d-4a91-87cc-8bc210958a2b]
25-11-05 10:24:44.068 [http-nio-8080-exec-1] DEBUG org.hibernate.SQL - 
    select
        m1_0.created_at 
    from
        messages m1_0 
    where
        m1_0.channel_id=? 
    order by
        m1_0.created_at desc 
    fetch
        first 1 rows only
25-11-05 10:24:44.068 [http-nio-8080-exec-1] TRACE org.hibernate.orm.jdbc.bind - binding parameter (1:UUID) <- [83a5759b-95ff-499b-813b-3de24059a258]
25-11-05 10:24:44.073 [http-nio-8080-exec-1] DEBUG org.hibernate.SQL - 
    select
        rs1_0.id,
        rs1_0.channel_id,
        rs1_0.created_at,
        rs1_0.last_read_at,
        rs1_0.updated_at,
        rs1_0.user_id,
        u1_0.id,
        u1_0.created_at,
        u1_0.email,
        u1_0.password,
        p1_0.id,
        p1_0.content_type,
        p1_0.created_at,
        p1_0.file_name,
        p1_0.size,
        s1_0.id,
        s1_0.created_at,
        s1_0.last_active_at,
        s1_0.updated_at,
        s1_0.user_id,
        u1_0.updated_at,
        u1_0.username 
    from
        read_statuses rs1_0 
    join
        users u1_0 
            on u1_0.id=rs1_0.user_id 
    join
        user_statuses s1_0 
            on u1_0.id=s1_0.user_id 
    left join
        binary_contents p1_0 
            on p1_0.id=u1_0.profile_id 
    where
        rs1_0.channel_id=?
25-11-05 10:24:44.073 [http-nio-8080-exec-3] INFO  c.s.m.d.controller.UserController - 유저 상태 업데이트 성공: userId=0c94bc99-a4ba-45ac-9eaa-c92128d8a5cb, newLastActiveAt=2025-11-05T01:24:44.045Z
25-11-05 10:24:44.073 [http-nio-8080-exec-1] TRACE org.hibernate.orm.jdbc.bind - binding parameter (1:UUID) <- [46ab906b-b6a4-42d1-9d31-22db5898e9ed]
25-11-05 10:24:44.080 [http-nio-8080-exec-1] DEBUG org.hibernate.SQL - 
    select
        m1_0.created_at 
    from
        messages m1_0 
    where
        m1_0.channel_id=? 
    order by
        m1_0.created_at desc 
    fetch
        first 1 rows only
25-11-05 10:24:44.080 [http-nio-8080-exec-1] TRACE org.hibernate.orm.jdbc.bind - binding parameter (1:UUID) <- [46ab906b-b6a4-42d1-9d31-22db5898e9ed]
25-11-05 10:24:44.103 [http-nio-8080-exec-10] DEBUG org.hibernate.SQL - 
    select
        rs1_0.id,
        rs1_0.channel_id,
        rs1_0.created_at,
        rs1_0.last_read_at,
        rs1_0.updated_at,
        rs1_0.user_id 
    from
        read_statuses rs1_0 
    where
        rs1_0.user_id=?
25-11-05 10:24:44.104 [http-nio-8080-exec-10] TRACE org.hibernate.orm.jdbc.bind - binding parameter (1:UUID) <- [0c94bc99-a4ba-45ac-9eaa-c92128d8a5cb]
25-11-05 10:24:47.041 [http-nio-8080-exec-7] DEBUG org.hibernate.SQL - 
    select
        rs1_0.id,
        rs1_0.channel_id,
        rs1_0.created_at,
        rs1_0.last_read_at,
        rs1_0.updated_at,
        rs1_0.user_id 
    from
        read_statuses rs1_0 
    where
        rs1_0.user_id=?
25-11-05 10:24:47.042 [http-nio-8080-exec-7] TRACE org.hibernate.orm.jdbc.bind - binding parameter (1:UUID) <- [0c94bc99-a4ba-45ac-9eaa-c92128d8a5cb]
25-11-05 10:24:47.046 [http-nio-8080-exec-7] DEBUG org.hibernate.SQL - 
    select
        c1_0.id,
        c1_0.created_at,
        c1_0.description,
        c1_0.name,
        c1_0.type,
        c1_0.updated_at 
    from
        channels c1_0 
    where
        c1_0.type=? 
        or c1_0.id in (?, ?)
25-11-05 10:24:47.047 [http-nio-8080-exec-7] TRACE org.hibernate.orm.jdbc.bind - binding parameter (1:VARCHAR) <- [PUBLIC]
25-11-05 10:24:47.047 [http-nio-8080-exec-7] TRACE org.hibernate.orm.jdbc.bind - binding parameter (2:UUID) <- [83a5759b-95ff-499b-813b-3de24059a258]
25-11-05 10:24:47.047 [http-nio-8080-exec-7] TRACE org.hibernate.orm.jdbc.bind - binding parameter (3:UUID) <- [46ab906b-b6a4-42d1-9d31-22db5898e9ed]
25-11-05 10:24:47.053 [http-nio-8080-exec-7] DEBUG org.hibernate.SQL - 
    select
        m1_0.created_at 
    from
        messages m1_0 
    where
        m1_0.channel_id=? 
    order by
        m1_0.created_at desc 
    fetch
        first 1 rows only
25-11-05 10:24:47.053 [http-nio-8080-exec-7] TRACE org.hibernate.orm.jdbc.bind - binding parameter (1:UUID) <- [83a5759b-95ff-499b-813b-3de24059a258]
25-11-05 10:24:47.057 [http-nio-8080-exec-7] DEBUG org.hibernate.SQL - 
    select
        rs1_0.id,
        rs1_0.channel_id,
        rs1_0.created_at,
        rs1_0.last_read_at,
        rs1_0.updated_at,
        rs1_0.user_id,
        u1_0.id,
        u1_0.created_at,
        u1_0.email,
        u1_0.password,
        p1_0.id,
        p1_0.content_type,
        p1_0.created_at,
        p1_0.file_name,
        p1_0.size,
        s1_0.id,
        s1_0.created_at,
        s1_0.last_active_at,
        s1_0.updated_at,
        s1_0.user_id,
        u1_0.updated_at,
        u1_0.username 
    from
        read_statuses rs1_0 
    join
        users u1_0 
            on u1_0.id=rs1_0.user_id 
    join
        user_statuses s1_0 
            on u1_0.id=s1_0.user_id 
    left join
        binary_contents p1_0 
            on p1_0.id=u1_0.profile_id 
    where
        rs1_0.channel_id=?
25-11-05 10:24:47.058 [http-nio-8080-exec-7] TRACE org.hibernate.orm.jdbc.bind - binding parameter (1:UUID) <- [46ab906b-b6a4-42d1-9d31-22db5898e9ed]
25-11-05 10:24:47.066 [http-nio-8080-exec-7] DEBUG org.hibernate.SQL - 
    select
        m1_0.created_at 
    from
        messages m1_0 
    where
        m1_0.channel_id=? 
    order by
        m1_0.created_at desc 
    fetch
        first 1 rows only
25-11-05 10:24:47.066 [http-nio-8080-exec-7] TRACE org.hibernate.orm.jdbc.bind - binding parameter (1:UUID) <- [46ab906b-b6a4-42d1-9d31-22db5898e9ed]
25-11-05 10:24:47.084 [http-nio-8080-exec-2] DEBUG org.hibernate.SQL - 
    select
        rs1_0.id,
        rs1_0.channel_id,
        rs1_0.created_at,
        rs1_0.last_read_at,
        rs1_0.updated_at,
        rs1_0.user_id 
    from
        read_statuses rs1_0 
    where
        rs1_0.user_id=?
25-11-05 10:24:47.087 [http-nio-8080-exec-2] TRACE org.hibernate.orm.jdbc.bind - binding parameter (1:UUID) <- [0c94bc99-a4ba-45ac-9eaa-c92128d8a5cb]
25-11-05 10:24:50.046 [http-nio-8080-exec-6] DEBUG org.hibernate.SQL - 
    select
        rs1_0.id,
        rs1_0.channel_id,
        rs1_0.created_at,
        rs1_0.last_read_at,
        rs1_0.updated_at,
        rs1_0.user_id 
    from
        read_statuses rs1_0 
    where
        rs1_0.user_id=?
25-11-05 10:24:50.047 [http-nio-8080-exec-6] TRACE org.hibernate.orm.jdbc.bind - binding parameter (1:UUID) <- [0c94bc99-a4ba-45ac-9eaa-c92128d8a5cb]
25-11-05 10:24:50.051 [http-nio-8080-exec-6] DEBUG org.hibernate.SQL - 
    select
        c1_0.id,
        c1_0.created_at,
        c1_0.description,
        c1_0.name,
        c1_0.type,
        c1_0.updated_at 
    from
        channels c1_0 
    where
        c1_0.type=? 
        or c1_0.id in (?, ?)
25-11-05 10:24:50.051 [http-nio-8080-exec-6] TRACE org.hibernate.orm.jdbc.bind - binding parameter (1:VARCHAR) <- [PUBLIC]
25-11-05 10:24:50.051 [http-nio-8080-exec-6] TRACE org.hibernate.orm.jdbc.bind - binding parameter (2:UUID) <- [83a5759b-95ff-499b-813b-3de24059a258]
25-11-05 10:24:50.051 [http-nio-8080-exec-6] TRACE org.hibernate.orm.jdbc.bind - binding parameter (3:UUID) <- [46ab906b-b6a4-42d1-9d31-22db5898e9ed]
25-11-05 10:24:50.055 [http-nio-8080-exec-6] DEBUG org.hibernate.SQL - 
    select
        m1_0.created_at 
    from
        messages m1_0 
    where
        m1_0.channel_id=? 
    order by
        m1_0.created_at desc 
    fetch
        first 1 rows only
25-11-05 10:24:50.055 [http-nio-8080-exec-6] TRACE org.hibernate.orm.jdbc.bind - binding parameter (1:UUID) <- [83a5759b-95ff-499b-813b-3de24059a258]
25-11-05 10:24:50.058 [http-nio-8080-exec-6] DEBUG org.hibernate.SQL - 
    select
        rs1_0.id,
        rs1_0.channel_id,
        rs1_0.created_at,
        rs1_0.last_read_at,
        rs1_0.updated_at,
        rs1_0.user_id,
        u1_0.id,
        u1_0.created_at,
        u1_0.email,
        u1_0.password,
        p1_0.id,
        p1_0.content_type,
        p1_0.created_at,
        p1_0.file_name,
        p1_0.size,
        s1_0.id,
        s1_0.created_at,
        s1_0.last_active_at,
        s1_0.updated_at,
        s1_0.user_id,
        u1_0.updated_at,
        u1_0.username 
    from
        read_statuses rs1_0 
    join
        users u1_0 
            on u1_0.id=rs1_0.user_id 
    join
        user_statuses s1_0 
            on u1_0.id=s1_0.user_id 
    left join
        binary_contents p1_0 
            on p1_0.id=u1_0.profile_id 
    where
        rs1_0.channel_id=?
25-11-05 10:24:50.058 [http-nio-8080-exec-6] TRACE org.hibernate.orm.jdbc.bind - binding parameter (1:UUID) <- [46ab906b-b6a4-42d1-9d31-22db5898e9ed]
25-11-05 10:24:50.063 [http-nio-8080-exec-6] DEBUG org.hibernate.SQL - 
    select
        m1_0.created_at 
    from
        messages m1_0 
    where
        m1_0.channel_id=? 
    order by
        m1_0.created_at desc 
    fetch
        first 1 rows only
25-11-05 10:24:50.063 [http-nio-8080-exec-6] TRACE org.hibernate.orm.jdbc.bind - binding parameter (1:UUID) <- [46ab906b-b6a4-42d1-9d31-22db5898e9ed]
25-11-05 10:24:50.087 [http-nio-8080-exec-9] DEBUG org.hibernate.SQL - 
    select
        rs1_0.id,
        rs1_0.channel_id,
        rs1_0.created_at,
        rs1_0.last_read_at,
        rs1_0.updated_at,
        rs1_0.user_id 
    from
        read_statuses rs1_0 
    where
        rs1_0.user_id=?
25-11-05 10:24:50.091 [http-nio-8080-exec-9] TRACE org.hibernate.orm.jdbc.bind - binding parameter (1:UUID) <- [0c94bc99-a4ba-45ac-9eaa-c92128d8a5cb]
25-11-05 10:24:53.055 [http-nio-8080-exec-5] DEBUG org.hibernate.SQL - 
    select
        rs1_0.id,
        rs1_0.channel_id,
        rs1_0.created_at,
        rs1_0.last_read_at,
        rs1_0.updated_at,
        rs1_0.user_id 
    from
        read_statuses rs1_0 
    where
        rs1_0.user_id=?
25-11-05 10:24:53.055 [http-nio-8080-exec-5] TRACE org.hibernate.orm.jdbc.bind - binding parameter (1:UUID) <- [0c94bc99-a4ba-45ac-9eaa-c92128d8a5cb]
25-11-05 10:24:53.059 [http-nio-8080-exec-5] DEBUG org.hibernate.SQL - 
    select
        c1_0.id,
        c1_0.created_at,
        c1_0.description,
        c1_0.name,
        c1_0.type,
        c1_0.updated_at 
    from
        channels c1_0 
    where
        c1_0.type=? 
        or c1_0.id in (?, ?)
25-11-05 10:24:53.059 [http-nio-8080-exec-5] TRACE org.hibernate.orm.jdbc.bind - binding parameter (1:VARCHAR) <- [PUBLIC]
25-11-05 10:24:53.059 [http-nio-8080-exec-5] TRACE org.hibernate.orm.jdbc.bind - binding parameter (2:UUID) <- [83a5759b-95ff-499b-813b-3de24059a258]
25-11-05 10:24:53.059 [http-nio-8080-exec-5] TRACE org.hibernate.orm.jdbc.bind - binding parameter (3:UUID) <- [46ab906b-b6a4-42d1-9d31-22db5898e9ed]
25-11-05 10:24:53.064 [http-nio-8080-exec-5] DEBUG org.hibernate.SQL - 
    select
        m1_0.created_at 
    from
        messages m1_0 
    where
        m1_0.channel_id=? 
    order by
        m1_0.created_at desc 
    fetch
        first 1 rows only
25-11-05 10:24:53.064 [http-nio-8080-exec-5] TRACE org.hibernate.orm.jdbc.bind - binding parameter (1:UUID) <- [83a5759b-95ff-499b-813b-3de24059a258]
25-11-05 10:24:53.068 [http-nio-8080-exec-5] DEBUG org.hibernate.SQL - 
    select
        rs1_0.id,
        rs1_0.channel_id,
        rs1_0.created_at,
        rs1_0.last_read_at,
        rs1_0.updated_at,
        rs1_0.user_id,
        u1_0.id,
        u1_0.created_at,
        u1_0.email,
        u1_0.password,
        p1_0.id,
        p1_0.content_type,
        p1_0.created_at,
        p1_0.file_name,
        p1_0.size,
        s1_0.id,
        s1_0.created_at,
        s1_0.last_active_at,
        s1_0.updated_at,
        s1_0.user_id,
        u1_0.updated_at,
        u1_0.username 
    from
        read_statuses rs1_0 
    join
        users u1_0 
            on u1_0.id=rs1_0.user_id 
    join
        user_statuses s1_0 
            on u1_0.id=s1_0.user_id 
    left join
        binary_contents p1_0 
            on p1_0.id=u1_0.profile_id 
    where
        rs1_0.channel_id=?
25-11-05 10:24:53.068 [http-nio-8080-exec-5] TRACE org.hibernate.orm.jdbc.bind - binding parameter (1:UUID) <- [46ab906b-b6a4-42d1-9d31-22db5898e9ed]
25-11-05 10:24:53.073 [http-nio-8080-exec-5] DEBUG org.hibernate.SQL - 
    select
        m1_0.created_at 
    from
        messages m1_0 
    where
        m1_0.channel_id=? 
    order by
        m1_0.created_at desc 
    fetch
        first 1 rows only
25-11-05 10:24:53.073 [http-nio-8080-exec-5] TRACE org.hibernate.orm.jdbc.bind - binding parameter (1:UUID) <- [46ab906b-b6a4-42d1-9d31-22db5898e9ed]
25-11-05 10:24:53.088 [http-nio-8080-exec-3] DEBUG org.hibernate.SQL - 
    select
        rs1_0.id,
        rs1_0.channel_id,
        rs1_0.created_at,
        rs1_0.last_read_at,
        rs1_0.updated_at,
        rs1_0.user_id 
    from
        read_statuses rs1_0 
    where
        rs1_0.user_id=?
25-11-05 10:24:53.089 [http-nio-8080-exec-3] TRACE org.hibernate.orm.jdbc.bind - binding parameter (1:UUID) <- [0c94bc99-a4ba-45ac-9eaa-c92128d8a5cb]
25-11-05 10:24:56.043 [http-nio-8080-exec-10] DEBUG org.hibernate.SQL - 
    select
        rs1_0.id,
        rs1_0.channel_id,
        rs1_0.created_at,
        rs1_0.last_read_at,
        rs1_0.updated_at,
        rs1_0.user_id 
    from
        read_statuses rs1_0 
    where
        rs1_0.user_id=?
25-11-05 10:24:56.043 [http-nio-8080-exec-10] TRACE org.hibernate.orm.jdbc.bind - binding parameter (1:UUID) <- [0c94bc99-a4ba-45ac-9eaa-c92128d8a5cb]
25-11-05 10:24:56.047 [http-nio-8080-exec-10] DEBUG org.hibernate.SQL - 
    select
        c1_0.id,
        c1_0.created_at,
        c1_0.description,
        c1_0.name,
        c1_0.type,
        c1_0.updated_at 
    from
        channels c1_0 
    where
        c1_0.type=? 
        or c1_0.id in (?, ?)
25-11-05 10:24:56.047 [http-nio-8080-exec-10] TRACE org.hibernate.orm.jdbc.bind - binding parameter (1:VARCHAR) <- [PUBLIC]
25-11-05 10:24:56.047 [http-nio-8080-exec-10] TRACE org.hibernate.orm.jdbc.bind - binding parameter (2:UUID) <- [83a5759b-95ff-499b-813b-3de24059a258]
25-11-05 10:24:56.047 [http-nio-8080-exec-10] TRACE org.hibernate.orm.jdbc.bind - binding parameter (3:UUID) <- [46ab906b-b6a4-42d1-9d31-22db5898e9ed]
25-11-05 10:24:56.050 [http-nio-8080-exec-10] DEBUG org.hibernate.SQL - 
    select
        m1_0.created_at 
    from
        messages m1_0 
    where
        m1_0.channel_id=? 
    order by
        m1_0.created_at desc 
    fetch
        first 1 rows only
25-11-05 10:24:56.050 [http-nio-8080-exec-10] TRACE org.hibernate.orm.jdbc.bind - binding parameter (1:UUID) <- [83a5759b-95ff-499b-813b-3de24059a258]
25-11-05 10:24:56.052 [http-nio-8080-exec-10] DEBUG org.hibernate.SQL - 
    select
        rs1_0.id,
        rs1_0.channel_id,
        rs1_0.created_at,
        rs1_0.last_read_at,
        rs1_0.updated_at,
        rs1_0.user_id,
        u1_0.id,
        u1_0.created_at,
        u1_0.email,
        u1_0.password,
        p1_0.id,
        p1_0.content_type,
        p1_0.created_at,
        p1_0.file_name,
        p1_0.size,
        s1_0.id,
        s1_0.created_at,
        s1_0.last_active_at,
        s1_0.updated_at,
        s1_0.user_id,
        u1_0.updated_at,
        u1_0.username 
    from
        read_statuses rs1_0 
    join
        users u1_0 
            on u1_0.id=rs1_0.user_id 
    join
        user_statuses s1_0 
            on u1_0.id=s1_0.user_id 
    left join
        binary_contents p1_0 
            on p1_0.id=u1_0.profile_id 
    where
        rs1_0.channel_id=?
25-11-05 10:24:56.052 [http-nio-8080-exec-10] TRACE org.hibernate.orm.jdbc.bind - binding parameter (1:UUID) <- [46ab906b-b6a4-42d1-9d31-22db5898e9ed]
25-11-05 10:24:56.055 [http-nio-8080-exec-10] DEBUG org.hibernate.SQL - 
    select
        m1_0.created_at 
    from
        messages m1_0 
    where
        m1_0.channel_id=? 
    order by
        m1_0.created_at desc 
    fetch
        first 1 rows only
25-11-05 10:24:56.056 [http-nio-8080-exec-10] TRACE org.hibernate.orm.jdbc.bind - binding parameter (1:UUID) <- [46ab906b-b6a4-42d1-9d31-22db5898e9ed]
25-11-05 10:24:56.066 [http-nio-8080-exec-8] DEBUG org.hibernate.SQL - 
    select
        rs1_0.id,
        rs1_0.channel_id,
        rs1_0.created_at,
        rs1_0.last_read_at,
        rs1_0.updated_at,
        rs1_0.user_id 
    from
        read_statuses rs1_0 
    where
        rs1_0.user_id=?
25-11-05 10:24:56.069 [http-nio-8080-exec-8] TRACE org.hibernate.orm.jdbc.bind - binding parameter (1:UUID) <- [0c94bc99-a4ba-45ac-9eaa-c92128d8a5cb]
25-11-05 10:24:59.051 [http-nio-8080-exec-4] DEBUG org.hibernate.SQL - 
    select
        rs1_0.id,
        rs1_0.channel_id,
        rs1_0.created_at,
        rs1_0.last_read_at,
        rs1_0.updated_at,
        rs1_0.user_id 
    from
        read_statuses rs1_0 
    where
        rs1_0.user_id=?
25-11-05 10:24:59.052 [http-nio-8080-exec-4] TRACE org.hibernate.orm.jdbc.bind - binding parameter (1:UUID) <- [0c94bc99-a4ba-45ac-9eaa-c92128d8a5cb]
25-11-05 10:24:59.055 [http-nio-8080-exec-4] DEBUG org.hibernate.SQL - 
    select
        c1_0.id,
        c1_0.created_at,
        c1_0.description,
        c1_0.name,
        c1_0.type,
        c1_0.updated_at 
    from
        channels c1_0 
    where
        c1_0.type=? 
        or c1_0.id in (?, ?)
25-11-05 10:24:59.055 [http-nio-8080-exec-4] TRACE org.hibernate.orm.jdbc.bind - binding parameter (1:VARCHAR) <- [PUBLIC]
25-11-05 10:24:59.055 [http-nio-8080-exec-4] TRACE org.hibernate.orm.jdbc.bind - binding parameter (2:UUID) <- [83a5759b-95ff-499b-813b-3de24059a258]
25-11-05 10:24:59.055 [http-nio-8080-exec-4] TRACE org.hibernate.orm.jdbc.bind - binding parameter (3:UUID) <- [46ab906b-b6a4-42d1-9d31-22db5898e9ed]
25-11-05 10:24:59.058 [http-nio-8080-exec-4] DEBUG org.hibernate.SQL - 
    select
        m1_0.created_at 
    from
        messages m1_0 
    where
        m1_0.channel_id=? 
    order by
        m1_0.created_at desc 
    fetch
        first 1 rows only
25-11-05 10:24:59.058 [http-nio-8080-exec-4] TRACE org.hibernate.orm.jdbc.bind - binding parameter (1:UUID) <- [83a5759b-95ff-499b-813b-3de24059a258]
25-11-05 10:24:59.061 [http-nio-8080-exec-4] DEBUG org.hibernate.SQL - 
    select
        rs1_0.id,
        rs1_0.channel_id,
        rs1_0.created_at,
        rs1_0.last_read_at,
        rs1_0.updated_at,
        rs1_0.user_id,
        u1_0.id,
        u1_0.created_at,
        u1_0.email,
        u1_0.password,
        p1_0.id,
        p1_0.content_type,
        p1_0.created_at,
        p1_0.file_name,
        p1_0.size,
        s1_0.id,
        s1_0.created_at,
        s1_0.last_active_at,
        s1_0.updated_at,
        s1_0.user_id,
        u1_0.updated_at,
        u1_0.username 
    from
        read_statuses rs1_0 
    join
        users u1_0 
            on u1_0.id=rs1_0.user_id 
    join
        user_statuses s1_0 
            on u1_0.id=s1_0.user_id 
    left join
        binary_contents p1_0 
            on p1_0.id=u1_0.profile_id 
    where
        rs1_0.channel_id=?
25-11-05 10:24:59.061 [http-nio-8080-exec-4] TRACE org.hibernate.orm.jdbc.bind - binding parameter (1:UUID) <- [46ab906b-b6a4-42d1-9d31-22db5898e9ed]
25-11-05 10:24:59.065 [http-nio-8080-exec-4] DEBUG org.hibernate.SQL - 
    select
        m1_0.created_at 
    from
        messages m1_0 
    where
        m1_0.channel_id=? 
    order by
        m1_0.created_at desc 
    fetch
        first 1 rows only
25-11-05 10:24:59.065 [http-nio-8080-exec-4] TRACE org.hibernate.orm.jdbc.bind - binding parameter (1:UUID) <- [46ab906b-b6a4-42d1-9d31-22db5898e9ed]
25-11-05 10:24:59.080 [http-nio-8080-exec-7] DEBUG org.hibernate.SQL - 
    select
        rs1_0.id,
        rs1_0.channel_id,
        rs1_0.created_at,
        rs1_0.last_read_at,
        rs1_0.updated_at,
        rs1_0.user_id 
    from
        read_statuses rs1_0 
    where
        rs1_0.user_id=?
25-11-05 10:24:59.083 [http-nio-8080-exec-7] TRACE org.hibernate.orm.jdbc.bind - binding parameter (1:UUID) <- [0c94bc99-a4ba-45ac-9eaa-c92128d8a5cb]
25-11-05 10:25:02.042 [http-nio-8080-exec-2] DEBUG org.hibernate.SQL - 
    select
        rs1_0.id,
        rs1_0.channel_id,
        rs1_0.created_at,
        rs1_0.last_read_at,
        rs1_0.updated_at,
        rs1_0.user_id 
    from
        read_statuses rs1_0 
    where
        rs1_0.user_id=?
25-11-05 10:25:02.042 [http-nio-8080-exec-2] TRACE org.hibernate.orm.jdbc.bind - binding parameter (1:UUID) <- [0c94bc99-a4ba-45ac-9eaa-c92128d8a5cb]
25-11-05 10:25:02.046 [http-nio-8080-exec-2] DEBUG org.hibernate.SQL - 
    select
        c1_0.id,
        c1_0.created_at,
        c1_0.description,
        c1_0.name,
        c1_0.type,
        c1_0.updated_at 
    from
        channels c1_0 
    where
        c1_0.type=? 
        or c1_0.id in (?, ?)
25-11-05 10:25:02.046 [http-nio-8080-exec-2] TRACE org.hibernate.orm.jdbc.bind - binding parameter (1:VARCHAR) <- [PUBLIC]
25-11-05 10:25:02.046 [http-nio-8080-exec-2] TRACE org.hibernate.orm.jdbc.bind - binding parameter (2:UUID) <- [83a5759b-95ff-499b-813b-3de24059a258]
25-11-05 10:25:02.046 [http-nio-8080-exec-2] TRACE org.hibernate.orm.jdbc.bind - binding parameter (3:UUID) <- [46ab906b-b6a4-42d1-9d31-22db5898e9ed]
25-11-05 10:25:02.049 [http-nio-8080-exec-2] DEBUG org.hibernate.SQL - 
    select
        m1_0.created_at 
    from
        messages m1_0 
    where
        m1_0.channel_id=? 
    order by
        m1_0.created_at desc 
    fetch
        first 1 rows only
25-11-05 10:25:02.049 [http-nio-8080-exec-2] TRACE org.hibernate.orm.jdbc.bind - binding parameter (1:UUID) <- [83a5759b-95ff-499b-813b-3de24059a258]
25-11-05 10:25:02.052 [http-nio-8080-exec-2] DEBUG org.hibernate.SQL - 
    select
        rs1_0.id,
        rs1_0.channel_id,
        rs1_0.created_at,
        rs1_0.last_read_at,
        rs1_0.updated_at,
        rs1_0.user_id,
        u1_0.id,
        u1_0.created_at,
        u1_0.email,
        u1_0.password,
        p1_0.id,
        p1_0.content_type,
        p1_0.created_at,
        p1_0.file_name,
        p1_0.size,
        s1_0.id,
        s1_0.created_at,
        s1_0.last_active_at,
        s1_0.updated_at,
        s1_0.user_id,
        u1_0.updated_at,
        u1_0.username 
    from
        read_statuses rs1_0 
    join
        users u1_0 
            on u1_0.id=rs1_0.user_id 
    join
        user_statuses s1_0 
            on u1_0.id=s1_0.user_id 
    left join
        binary_contents p1_0 
            on p1_0.id=u1_0.profile_id 
    where
        rs1_0.channel_id=?
25-11-05 10:25:02.052 [http-nio-8080-exec-2] TRACE org.hibernate.orm.jdbc.bind - binding parameter (1:UUID) <- [46ab906b-b6a4-42d1-9d31-22db5898e9ed]
25-11-05 10:25:02.056 [http-nio-8080-exec-2] DEBUG org.hibernate.SQL - 
    select
        m1_0.created_at 
    from
        messages m1_0 
    where
        m1_0.channel_id=? 
    order by
        m1_0.created_at desc 
    fetch
        first 1 rows only
25-11-05 10:25:02.056 [http-nio-8080-exec-2] TRACE org.hibernate.orm.jdbc.bind - binding parameter (1:UUID) <- [46ab906b-b6a4-42d1-9d31-22db5898e9ed]
25-11-05 10:25:02.067 [http-nio-8080-exec-6] DEBUG org.hibernate.SQL - 
    select
        rs1_0.id,
        rs1_0.channel_id,
        rs1_0.created_at,
        rs1_0.last_read_at,
        rs1_0.updated_at,
        rs1_0.user_id 
    from
        read_statuses rs1_0 
    where
        rs1_0.user_id=?
25-11-05 10:25:02.069 [http-nio-8080-exec-6] TRACE org.hibernate.orm.jdbc.bind - binding parameter (1:UUID) <- [0c94bc99-a4ba-45ac-9eaa-c92128d8a5cb]
25-11-05 10:25:05.047 [http-nio-8080-exec-9] DEBUG org.hibernate.SQL - 
    select
        rs1_0.id,
        rs1_0.channel_id,
        rs1_0.created_at,
        rs1_0.last_read_at,
        rs1_0.updated_at,
        rs1_0.user_id 
    from
        read_statuses rs1_0 
    where
        rs1_0.user_id=?
25-11-05 10:25:05.047 [http-nio-8080-exec-9] TRACE org.hibernate.orm.jdbc.bind - binding parameter (1:UUID) <- [0c94bc99-a4ba-45ac-9eaa-c92128d8a5cb]
25-11-05 10:25:05.051 [http-nio-8080-exec-9] DEBUG org.hibernate.SQL - 
    select
        c1_0.id,
        c1_0.created_at,
        c1_0.description,
        c1_0.name,
        c1_0.type,
        c1_0.updated_at 
    from
        channels c1_0 
    where
        c1_0.type=? 
        or c1_0.id in (?, ?)
25-11-05 10:25:05.051 [http-nio-8080-exec-9] TRACE org.hibernate.orm.jdbc.bind - binding parameter (1:VARCHAR) <- [PUBLIC]
25-11-05 10:25:05.051 [http-nio-8080-exec-9] TRACE org.hibernate.orm.jdbc.bind - binding parameter (2:UUID) <- [83a5759b-95ff-499b-813b-3de24059a258]
25-11-05 10:25:05.051 [http-nio-8080-exec-9] TRACE org.hibernate.orm.jdbc.bind - binding parameter (3:UUID) <- [46ab906b-b6a4-42d1-9d31-22db5898e9ed]
25-11-05 10:25:05.054 [http-nio-8080-exec-9] DEBUG org.hibernate.SQL - 
    select
        m1_0.created_at 
    from
        messages m1_0 
    where
        m1_0.channel_id=? 
    order by
        m1_0.created_at desc 
    fetch
        first 1 rows only
25-11-05 10:25:05.055 [http-nio-8080-exec-9] TRACE org.hibernate.orm.jdbc.bind - binding parameter (1:UUID) <- [83a5759b-95ff-499b-813b-3de24059a258]
25-11-05 10:25:05.058 [http-nio-8080-exec-9] DEBUG org.hibernate.SQL - 
    select
        rs1_0.id,
        rs1_0.channel_id,
        rs1_0.created_at,
        rs1_0.last_read_at,
        rs1_0.updated_at,
        rs1_0.user_id,
        u1_0.id,
        u1_0.created_at,
        u1_0.email,
        u1_0.password,
        p1_0.id,
        p1_0.content_type,
        p1_0.created_at,
        p1_0.file_name,
        p1_0.size,
        s1_0.id,
        s1_0.created_at,
        s1_0.last_active_at,
        s1_0.updated_at,
        s1_0.user_id,
        u1_0.updated_at,
        u1_0.username 
    from
        read_statuses rs1_0 
    join
        users u1_0 
            on u1_0.id=rs1_0.user_id 
    join
        user_statuses s1_0 
            on u1_0.id=s1_0.user_id 
    left join
        binary_contents p1_0 
            on p1_0.id=u1_0.profile_id 
    where
        rs1_0.channel_id=?
25-11-05 10:25:05.059 [http-nio-8080-exec-9] TRACE org.hibernate.orm.jdbc.bind - binding parameter (1:UUID) <- [46ab906b-b6a4-42d1-9d31-22db5898e9ed]
25-11-05 10:25:05.064 [http-nio-8080-exec-9] DEBUG org.hibernate.SQL - 
    select
        m1_0.created_at 
    from
        messages m1_0 
    where
        m1_0.channel_id=? 
    order by
        m1_0.created_at desc 
    fetch
        first 1 rows only
25-11-05 10:25:05.065 [http-nio-8080-exec-9] TRACE org.hibernate.orm.jdbc.bind - binding parameter (1:UUID) <- [46ab906b-b6a4-42d1-9d31-22db5898e9ed]
25-11-05 10:25:05.080 [http-nio-8080-exec-5] DEBUG org.hibernate.SQL - 
    select
        rs1_0.id,
        rs1_0.channel_id,
        rs1_0.created_at,
        rs1_0.last_read_at,
        rs1_0.updated_at,
        rs1_0.user_id 
    from
        read_statuses rs1_0 
    where
        rs1_0.user_id=?
25-11-05 10:25:05.083 [http-nio-8080-exec-5] TRACE org.hibernate.orm.jdbc.bind - binding parameter (1:UUID) <- [0c94bc99-a4ba-45ac-9eaa-c92128d8a5cb]
25-11-05 10:25:08.044 [http-nio-8080-exec-1] DEBUG org.hibernate.SQL - 
    select
        rs1_0.id,
        rs1_0.channel_id,
        rs1_0.created_at,
        rs1_0.last_read_at,
        rs1_0.updated_at,
        rs1_0.user_id 
    from
        read_statuses rs1_0 
    where
        rs1_0.user_id=?
25-11-05 10:25:08.045 [http-nio-8080-exec-1] TRACE org.hibernate.orm.jdbc.bind - binding parameter (1:UUID) <- [0c94bc99-a4ba-45ac-9eaa-c92128d8a5cb]
25-11-05 10:25:08.048 [http-nio-8080-exec-1] DEBUG org.hibernate.SQL - 
    select
        c1_0.id,
        c1_0.created_at,
        c1_0.description,
        c1_0.name,
        c1_0.type,
        c1_0.updated_at 
    from
        channels c1_0 
    where
        c1_0.type=? 
        or c1_0.id in (?, ?)
25-11-05 10:25:08.048 [http-nio-8080-exec-1] TRACE org.hibernate.orm.jdbc.bind - binding parameter (1:VARCHAR) <- [PUBLIC]
25-11-05 10:25:08.048 [http-nio-8080-exec-1] TRACE org.hibernate.orm.jdbc.bind - binding parameter (2:UUID) <- [83a5759b-95ff-499b-813b-3de24059a258]
25-11-05 10:25:08.048 [http-nio-8080-exec-1] TRACE org.hibernate.orm.jdbc.bind - binding parameter (3:UUID) <- [46ab906b-b6a4-42d1-9d31-22db5898e9ed]
25-11-05 10:25:08.051 [http-nio-8080-exec-1] DEBUG org.hibernate.SQL - 
    select
        m1_0.created_at 
    from
        messages m1_0 
    where
        m1_0.channel_id=? 
    order by
        m1_0.created_at desc 
    fetch
        first 1 rows only
25-11-05 10:25:08.051 [http-nio-8080-exec-1] TRACE org.hibernate.orm.jdbc.bind - binding parameter (1:UUID) <- [83a5759b-95ff-499b-813b-3de24059a258]
25-11-05 10:25:08.053 [http-nio-8080-exec-1] DEBUG org.hibernate.SQL - 
    select
        rs1_0.id,
        rs1_0.channel_id,
        rs1_0.created_at,
        rs1_0.last_read_at,
        rs1_0.updated_at,
        rs1_0.user_id,
        u1_0.id,
        u1_0.created_at,
        u1_0.email,
        u1_0.password,
        p1_0.id,
        p1_0.content_type,
        p1_0.created_at,
        p1_0.file_name,
        p1_0.size,
        s1_0.id,
        s1_0.created_at,
        s1_0.last_active_at,
        s1_0.updated_at,
        s1_0.user_id,
        u1_0.updated_at,
        u1_0.username 
    from
        read_statuses rs1_0 
    join
        users u1_0 
            on u1_0.id=rs1_0.user_id 
    join
        user_statuses s1_0 
            on u1_0.id=s1_0.user_id 
    left join
        binary_contents p1_0 
            on p1_0.id=u1_0.profile_id 
    where
        rs1_0.channel_id=?
25-11-05 10:25:08.054 [http-nio-8080-exec-1] TRACE org.hibernate.orm.jdbc.bind - binding parameter (1:UUID) <- [46ab906b-b6a4-42d1-9d31-22db5898e9ed]
25-11-05 10:25:08.056 [http-nio-8080-exec-1] DEBUG org.hibernate.SQL - 
    select
        m1_0.created_at 
    from
        messages m1_0 
    where
        m1_0.channel_id=? 
    order by
        m1_0.created_at desc 
    fetch
        first 1 rows only
25-11-05 10:25:08.056 [http-nio-8080-exec-1] TRACE org.hibernate.orm.jdbc.bind - binding parameter (1:UUID) <- [46ab906b-b6a4-42d1-9d31-22db5898e9ed]
25-11-05 10:25:08.066 [http-nio-8080-exec-10] DEBUG org.hibernate.SQL - 
    select
        rs1_0.id,
        rs1_0.channel_id,
        rs1_0.created_at,
        rs1_0.last_read_at,
        rs1_0.updated_at,
        rs1_0.user_id 
    from
        read_statuses rs1_0 
    where
        rs1_0.user_id=?
25-11-05 10:25:08.069 [http-nio-8080-exec-10] TRACE org.hibernate.orm.jdbc.bind - binding parameter (1:UUID) <- [0c94bc99-a4ba-45ac-9eaa-c92128d8a5cb]
25-11-05 10:25:11.053 [http-nio-8080-exec-8] DEBUG org.hibernate.SQL - 
    select
        rs1_0.id,
        rs1_0.channel_id,
        rs1_0.created_at,
        rs1_0.last_read_at,
        rs1_0.updated_at,
        rs1_0.user_id 
    from
        read_statuses rs1_0 
    where
        rs1_0.user_id=?
25-11-05 10:25:11.053 [http-nio-8080-exec-8] TRACE org.hibernate.orm.jdbc.bind - binding parameter (1:UUID) <- [0c94bc99-a4ba-45ac-9eaa-c92128d8a5cb]
25-11-05 10:25:11.057 [http-nio-8080-exec-8] DEBUG org.hibernate.SQL - 
    select
        c1_0.id,
        c1_0.created_at,
        c1_0.description,
        c1_0.name,
        c1_0.type,
        c1_0.updated_at 
    from
        channels c1_0 
    where
        c1_0.type=? 
        or c1_0.id in (?, ?)
25-11-05 10:25:11.057 [http-nio-8080-exec-8] TRACE org.hibernate.orm.jdbc.bind - binding parameter (1:VARCHAR) <- [PUBLIC]
25-11-05 10:25:11.057 [http-nio-8080-exec-8] TRACE org.hibernate.orm.jdbc.bind - binding parameter (2:UUID) <- [83a5759b-95ff-499b-813b-3de24059a258]
25-11-05 10:25:11.057 [http-nio-8080-exec-8] TRACE org.hibernate.orm.jdbc.bind - binding parameter (3:UUID) <- [46ab906b-b6a4-42d1-9d31-22db5898e9ed]
25-11-05 10:25:11.060 [http-nio-8080-exec-8] DEBUG org.hibernate.SQL - 
    select
        m1_0.created_at 
    from
        messages m1_0 
    where
        m1_0.channel_id=? 
    order by
        m1_0.created_at desc 
    fetch
        first 1 rows only
25-11-05 10:25:11.060 [http-nio-8080-exec-8] TRACE org.hibernate.orm.jdbc.bind - binding parameter (1:UUID) <- [83a5759b-95ff-499b-813b-3de24059a258]
25-11-05 10:25:11.064 [http-nio-8080-exec-8] DEBUG org.hibernate.SQL - 
    select
        rs1_0.id,
        rs1_0.channel_id,
        rs1_0.created_at,
        rs1_0.last_read_at,
        rs1_0.updated_at,
        rs1_0.user_id,
        u1_0.id,
        u1_0.created_at,
        u1_0.email,
        u1_0.password,
        p1_0.id,
        p1_0.content_type,
        p1_0.created_at,
        p1_0.file_name,
        p1_0.size,
        s1_0.id,
        s1_0.created_at,
        s1_0.last_active_at,
        s1_0.updated_at,
        s1_0.user_id,
        u1_0.updated_at,
        u1_0.username 
    from
        read_statuses rs1_0 
    join
        users u1_0 
            on u1_0.id=rs1_0.user_id 
    join
        user_statuses s1_0 
            on u1_0.id=s1_0.user_id 
    left join
        binary_contents p1_0 
            on p1_0.id=u1_0.profile_id 
    where
        rs1_0.channel_id=?
25-11-05 10:25:11.065 [http-nio-8080-exec-8] TRACE org.hibernate.orm.jdbc.bind - binding parameter (1:UUID) <- [46ab906b-b6a4-42d1-9d31-22db5898e9ed]
25-11-05 10:25:11.069 [http-nio-8080-exec-8] DEBUG org.hibernate.SQL - 
    select
        m1_0.created_at 
    from
        messages m1_0 
    where
        m1_0.channel_id=? 
    order by
        m1_0.created_at desc 
    fetch
        first 1 rows only
25-11-05 10:25:11.070 [http-nio-8080-exec-8] TRACE org.hibernate.orm.jdbc.bind - binding parameter (1:UUID) <- [46ab906b-b6a4-42d1-9d31-22db5898e9ed]
25-11-05 10:25:11.084 [http-nio-8080-exec-4] DEBUG org.hibernate.SQL - 
    select
        rs1_0.id,
        rs1_0.channel_id,
        rs1_0.created_at,
        rs1_0.last_read_at,
        rs1_0.updated_at,
        rs1_0.user_id 
    from
        read_statuses rs1_0 
    where
        rs1_0.user_id=?
25-11-05 10:25:11.087 [http-nio-8080-exec-4] TRACE org.hibernate.orm.jdbc.bind - binding parameter (1:UUID) <- [0c94bc99-a4ba-45ac-9eaa-c92128d8a5cb]
25-11-05 10:25:14.041 [http-nio-8080-exec-7] INFO  c.s.m.d.controller.UserController - 유저 상태 업데이트 요청 수신: userId=0c94bc99-a4ba-45ac-9eaa-c92128d8a5cb, newLastActiveAt=2025-11-05T01:25:14.035Z
25-11-05 10:25:14.044 [http-nio-8080-exec-2] DEBUG org.hibernate.SQL - 
    select
        u1_0.id,
        u1_0.created_at,
        u1_0.email,
        u1_0.password,
        p1_0.id,
        p1_0.content_type,
        p1_0.created_at,
        p1_0.file_name,
        p1_0.size,
        s1_0.id,
        s1_0.created_at,
        s1_0.last_active_at,
        s1_0.updated_at,
        s1_0.user_id,
        u1_0.updated_at,
        u1_0.username 
    from
        users u1_0 
    left join
        binary_contents p1_0 
            on p1_0.id=u1_0.profile_id 
    join
        user_statuses s1_0 
            on u1_0.id=s1_0.user_id
25-11-05 10:25:14.046 [http-nio-8080-exec-7] DEBUG org.hibernate.SQL - 
    select
        us1_0.id,
        us1_0.created_at,
        us1_0.last_active_at,
        us1_0.updated_at,
        us1_0.user_id 
    from
        user_statuses us1_0 
    where
        us1_0.user_id=?
25-11-05 10:25:14.047 [http-nio-8080-exec-7] TRACE org.hibernate.orm.jdbc.bind - binding parameter (1:UUID) <- [0c94bc99-a4ba-45ac-9eaa-c92128d8a5cb]
25-11-05 10:25:14.047 [http-nio-8080-exec-6] DEBUG org.hibernate.SQL - 
    select
        rs1_0.id,
        rs1_0.channel_id,
        rs1_0.created_at,
        rs1_0.last_read_at,
        rs1_0.updated_at,
        rs1_0.user_id 
    from
        read_statuses rs1_0 
    where
        rs1_0.user_id=?
25-11-05 10:25:14.047 [http-nio-8080-exec-6] TRACE org.hibernate.orm.jdbc.bind - binding parameter (1:UUID) <- [0c94bc99-a4ba-45ac-9eaa-c92128d8a5cb]
25-11-05 10:25:14.049 [http-nio-8080-exec-2] INFO  c.s.m.d.s.basic.BasicUserService - 모든 유저 목록 조회 완료. 총 3명
25-11-05 10:25:14.050 [http-nio-8080-exec-2] INFO  c.s.m.d.controller.UserController - 모든 유저 목록 조회 완료. 총 3명
25-11-05 10:25:14.052 [http-nio-8080-exec-7] DEBUG org.hibernate.SQL - 
    update
        user_statuses 
    set
        last_active_at=?,
        updated_at=?,
        user_id=? 
    where
        id=?
25-11-05 10:25:14.052 [http-nio-8080-exec-7] TRACE org.hibernate.orm.jdbc.bind - binding parameter (1:TIMESTAMP_UTC) <- [2025-11-05T01:25:14.035Z]
25-11-05 10:25:14.052 [http-nio-8080-exec-7] TRACE org.hibernate.orm.jdbc.bind - binding parameter (2:TIMESTAMP_UTC) <- [2025-11-05T01:25:14.051119800Z]
25-11-05 10:25:14.052 [http-nio-8080-exec-7] TRACE org.hibernate.orm.jdbc.bind - binding parameter (3:UUID) <- [0c94bc99-a4ba-45ac-9eaa-c92128d8a5cb]
25-11-05 10:25:14.053 [http-nio-8080-exec-7] TRACE org.hibernate.orm.jdbc.bind - binding parameter (4:UUID) <- [2af3cbe2-8e5d-4a91-87cc-8bc210958a2b]
25-11-05 10:25:14.053 [http-nio-8080-exec-6] DEBUG org.hibernate.SQL - 
    select
        c1_0.id,
        c1_0.created_at,
        c1_0.description,
        c1_0.name,
        c1_0.type,
        c1_0.updated_at 
    from
        channels c1_0 
    where
        c1_0.type=? 
        or c1_0.id in (?, ?)
25-11-05 10:25:14.053 [http-nio-8080-exec-6] TRACE org.hibernate.orm.jdbc.bind - binding parameter (1:VARCHAR) <- [PUBLIC]
25-11-05 10:25:14.053 [http-nio-8080-exec-6] TRACE org.hibernate.orm.jdbc.bind - binding parameter (2:UUID) <- [83a5759b-95ff-499b-813b-3de24059a258]
25-11-05 10:25:14.053 [http-nio-8080-exec-6] TRACE org.hibernate.orm.jdbc.bind - binding parameter (3:UUID) <- [46ab906b-b6a4-42d1-9d31-22db5898e9ed]
25-11-05 10:25:14.057 [http-nio-8080-exec-6] DEBUG org.hibernate.SQL - 
    select
        m1_0.created_at 
    from
        messages m1_0 
    where
        m1_0.channel_id=? 
    order by
        m1_0.created_at desc 
    fetch
        first 1 rows only
25-11-05 10:25:14.057 [http-nio-8080-exec-6] TRACE org.hibernate.orm.jdbc.bind - binding parameter (1:UUID) <- [83a5759b-95ff-499b-813b-3de24059a258]
25-11-05 10:25:14.061 [http-nio-8080-exec-6] DEBUG org.hibernate.SQL - 
    select
        rs1_0.id,
        rs1_0.channel_id,
        rs1_0.created_at,
        rs1_0.last_read_at,
        rs1_0.updated_at,
        rs1_0.user_id,
        u1_0.id,
        u1_0.created_at,
        u1_0.email,
        u1_0.password,
        p1_0.id,
        p1_0.content_type,
        p1_0.created_at,
        p1_0.file_name,
        p1_0.size,
        s1_0.id,
        s1_0.created_at,
        s1_0.last_active_at,
        s1_0.updated_at,
        s1_0.user_id,
        u1_0.updated_at,
        u1_0.username 
    from
        read_statuses rs1_0 
    join
        users u1_0 
            on u1_0.id=rs1_0.user_id 
    join
        user_statuses s1_0 
            on u1_0.id=s1_0.user_id 
    left join
        binary_contents p1_0 
            on p1_0.id=u1_0.profile_id 
    where
        rs1_0.channel_id=?
25-11-05 10:25:14.061 [http-nio-8080-exec-6] TRACE org.hibernate.orm.jdbc.bind - binding parameter (1:UUID) <- [46ab906b-b6a4-42d1-9d31-22db5898e9ed]
25-11-05 10:25:14.063 [http-nio-8080-exec-9] DEBUG org.hibernate.SQL - 
    select
        rs1_0.id,
        rs1_0.channel_id,
        rs1_0.created_at,
        rs1_0.last_read_at,
        rs1_0.updated_at,
        rs1_0.user_id 
    from
        read_statuses rs1_0 
    where
        rs1_0.user_id=?
25-11-05 10:25:14.064 [http-nio-8080-exec-7] INFO  c.s.m.d.controller.UserController - 유저 상태 업데이트 성공: userId=0c94bc99-a4ba-45ac-9eaa-c92128d8a5cb, newLastActiveAt=2025-11-05T01:25:14.035Z
25-11-05 10:25:14.065 [http-nio-8080-exec-9] TRACE org.hibernate.orm.jdbc.bind - binding parameter (1:UUID) <- [0c94bc99-a4ba-45ac-9eaa-c92128d8a5cb]
25-11-05 10:25:14.065 [http-nio-8080-exec-6] DEBUG org.hibernate.SQL - 
    select
        m1_0.created_at 
    from
        messages m1_0 
    where
        m1_0.channel_id=? 
    order by
        m1_0.created_at desc 
    fetch
        first 1 rows only
25-11-05 10:25:14.066 [http-nio-8080-exec-6] TRACE org.hibernate.orm.jdbc.bind - binding parameter (1:UUID) <- [46ab906b-b6a4-42d1-9d31-22db5898e9ed]
25-11-05 10:25:14.081 [http-nio-8080-exec-5] DEBUG org.hibernate.SQL - 
    select
        rs1_0.id,
        rs1_0.channel_id,
        rs1_0.created_at,
        rs1_0.last_read_at,
        rs1_0.updated_at,
        rs1_0.user_id 
    from
        read_statuses rs1_0 
    where
        rs1_0.user_id=?
25-11-05 10:25:14.082 [http-nio-8080-exec-5] TRACE org.hibernate.orm.jdbc.bind - binding parameter (1:UUID) <- [0c94bc99-a4ba-45ac-9eaa-c92128d8a5cb]
25-11-05 10:25:14.084 [http-nio-8080-exec-3] DEBUG org.hibernate.SQL - 
    select
        rs1_0.id,
        rs1_0.channel_id,
        rs1_0.created_at,
        rs1_0.last_read_at,
        rs1_0.updated_at,
        rs1_0.user_id 
    from
        read_statuses rs1_0 
    where
        rs1_0.user_id=?
25-11-05 10:25:14.085 [http-nio-8080-exec-3] TRACE org.hibernate.orm.jdbc.bind - binding parameter (1:UUID) <- [0c94bc99-a4ba-45ac-9eaa-c92128d8a5cb]
25-11-05 10:25:14.090 [http-nio-8080-exec-5] DEBUG org.hibernate.SQL - 
    select
        c1_0.id,
        c1_0.created_at,
        c1_0.description,
        c1_0.name,
        c1_0.type,
        c1_0.updated_at 
    from
        channels c1_0 
    where
        c1_0.type=? 
        or c1_0.id in (?, ?)
25-11-05 10:25:14.091 [http-nio-8080-exec-5] TRACE org.hibernate.orm.jdbc.bind - binding parameter (1:VARCHAR) <- [PUBLIC]
25-11-05 10:25:14.091 [http-nio-8080-exec-5] TRACE org.hibernate.orm.jdbc.bind - binding parameter (2:UUID) <- [83a5759b-95ff-499b-813b-3de24059a258]
25-11-05 10:25:14.091 [http-nio-8080-exec-5] TRACE org.hibernate.orm.jdbc.bind - binding parameter (3:UUID) <- [46ab906b-b6a4-42d1-9d31-22db5898e9ed]
25-11-05 10:25:14.097 [http-nio-8080-exec-5] DEBUG org.hibernate.SQL - 
    select
        m1_0.created_at 
    from
        messages m1_0 
    where
        m1_0.channel_id=? 
    order by
        m1_0.created_at desc 
    fetch
        first 1 rows only
25-11-05 10:25:14.098 [http-nio-8080-exec-5] TRACE org.hibernate.orm.jdbc.bind - binding parameter (1:UUID) <- [83a5759b-95ff-499b-813b-3de24059a258]
25-11-05 10:25:14.108 [http-nio-8080-exec-5] DEBUG org.hibernate.SQL - 
    select
        rs1_0.id,
        rs1_0.channel_id,
        rs1_0.created_at,
        rs1_0.last_read_at,
        rs1_0.updated_at,
        rs1_0.user_id,
        u1_0.id,
        u1_0.created_at,
        u1_0.email,
        u1_0.password,
        p1_0.id,
        p1_0.content_type,
        p1_0.created_at,
        p1_0.file_name,
        p1_0.size,
        s1_0.id,
        s1_0.created_at,
        s1_0.last_active_at,
        s1_0.updated_at,
        s1_0.user_id,
        u1_0.updated_at,
        u1_0.username 
    from
        read_statuses rs1_0 
    join
        users u1_0 
            on u1_0.id=rs1_0.user_id 
    join
        user_statuses s1_0 
            on u1_0.id=s1_0.user_id 
    left join
        binary_contents p1_0 
            on p1_0.id=u1_0.profile_id 
    where
        rs1_0.channel_id=?
25-11-05 10:25:14.108 [http-nio-8080-exec-5] TRACE org.hibernate.orm.jdbc.bind - binding parameter (1:UUID) <- [46ab906b-b6a4-42d1-9d31-22db5898e9ed]
25-11-05 10:25:14.116 [http-nio-8080-exec-5] DEBUG org.hibernate.SQL - 
    select
        m1_0.created_at 
    from
        messages m1_0 
    where
        m1_0.channel_id=? 
    order by
        m1_0.created_at desc 
    fetch
        first 1 rows only
25-11-05 10:25:14.116 [http-nio-8080-exec-5] TRACE org.hibernate.orm.jdbc.bind - binding parameter (1:UUID) <- [46ab906b-b6a4-42d1-9d31-22db5898e9ed]
25-11-05 10:25:14.132 [http-nio-8080-exec-1] DEBUG org.hibernate.SQL - 
    select
        rs1_0.id,
        rs1_0.channel_id,
        rs1_0.created_at,
        rs1_0.last_read_at,
        rs1_0.updated_at,
        rs1_0.user_id 
    from
        read_statuses rs1_0 
    where
        rs1_0.user_id=?
25-11-05 10:25:14.135 [http-nio-8080-exec-1] TRACE org.hibernate.orm.jdbc.bind - binding parameter (1:UUID) <- [0c94bc99-a4ba-45ac-9eaa-c92128d8a5cb]
25-11-05 10:25:18.050 [http-nio-8080-exec-10] DEBUG org.hibernate.SQL - 
    select
        rs1_0.id,
        rs1_0.channel_id,
        rs1_0.created_at,
        rs1_0.last_read_at,
        rs1_0.updated_at,
        rs1_0.user_id 
    from
        read_statuses rs1_0 
    where
        rs1_0.user_id=?
25-11-05 10:25:18.050 [http-nio-8080-exec-10] TRACE org.hibernate.orm.jdbc.bind - binding parameter (1:UUID) <- [0c94bc99-a4ba-45ac-9eaa-c92128d8a5cb]
25-11-05 10:25:18.054 [http-nio-8080-exec-10] DEBUG org.hibernate.SQL - 
    select
        c1_0.id,
        c1_0.created_at,
        c1_0.description,
        c1_0.name,
        c1_0.type,
        c1_0.updated_at 
    from
        channels c1_0 
    where
        c1_0.type=? 
        or c1_0.id in (?, ?)
25-11-05 10:25:18.054 [http-nio-8080-exec-10] TRACE org.hibernate.orm.jdbc.bind - binding parameter (1:VARCHAR) <- [PUBLIC]
25-11-05 10:25:18.054 [http-nio-8080-exec-10] TRACE org.hibernate.orm.jdbc.bind - binding parameter (2:UUID) <- [83a5759b-95ff-499b-813b-3de24059a258]
25-11-05 10:25:18.055 [http-nio-8080-exec-10] TRACE org.hibernate.orm.jdbc.bind - binding parameter (3:UUID) <- [46ab906b-b6a4-42d1-9d31-22db5898e9ed]
25-11-05 10:25:18.057 [http-nio-8080-exec-10] DEBUG org.hibernate.SQL - 
    select
        m1_0.created_at 
    from
        messages m1_0 
    where
        m1_0.channel_id=? 
    order by
        m1_0.created_at desc 
    fetch
        first 1 rows only
25-11-05 10:25:18.058 [http-nio-8080-exec-10] TRACE org.hibernate.orm.jdbc.bind - binding parameter (1:UUID) <- [83a5759b-95ff-499b-813b-3de24059a258]
25-11-05 10:25:18.061 [http-nio-8080-exec-10] DEBUG org.hibernate.SQL - 
    select
        rs1_0.id,
        rs1_0.channel_id,
        rs1_0.created_at,
        rs1_0.last_read_at,
        rs1_0.updated_at,
        rs1_0.user_id,
        u1_0.id,
        u1_0.created_at,
        u1_0.email,
        u1_0.password,
        p1_0.id,
        p1_0.content_type,
        p1_0.created_at,
        p1_0.file_name,
        p1_0.size,
        s1_0.id,
        s1_0.created_at,
        s1_0.last_active_at,
        s1_0.updated_at,
        s1_0.user_id,
        u1_0.updated_at,
        u1_0.username 
    from
        read_statuses rs1_0 
    join
        users u1_0 
            on u1_0.id=rs1_0.user_id 
    join
        user_statuses s1_0 
            on u1_0.id=s1_0.user_id 
    left join
        binary_contents p1_0 
            on p1_0.id=u1_0.profile_id 
    where
        rs1_0.channel_id=?
25-11-05 10:25:18.061 [http-nio-8080-exec-10] TRACE org.hibernate.orm.jdbc.bind - binding parameter (1:UUID) <- [46ab906b-b6a4-42d1-9d31-22db5898e9ed]
25-11-05 10:25:18.065 [http-nio-8080-exec-10] DEBUG org.hibernate.SQL - 
    select
        m1_0.created_at 
    from
        messages m1_0 
    where
        m1_0.channel_id=? 
    order by
        m1_0.created_at desc 
    fetch
        first 1 rows only
25-11-05 10:25:18.065 [http-nio-8080-exec-10] TRACE org.hibernate.orm.jdbc.bind - binding parameter (1:UUID) <- [46ab906b-b6a4-42d1-9d31-22db5898e9ed]
25-11-05 10:25:18.079 [http-nio-8080-exec-8] DEBUG org.hibernate.SQL - 
    select
        rs1_0.id,
        rs1_0.channel_id,
        rs1_0.created_at,
        rs1_0.last_read_at,
        rs1_0.updated_at,
        rs1_0.user_id 
    from
        read_statuses rs1_0 
    where
        rs1_0.user_id=?
25-11-05 10:25:18.081 [http-nio-8080-exec-8] TRACE org.hibernate.orm.jdbc.bind - binding parameter (1:UUID) <- [0c94bc99-a4ba-45ac-9eaa-c92128d8a5cb]
25-11-05 10:25:21.042 [http-nio-8080-exec-9] DEBUG org.hibernate.SQL - 
    select
        rs1_0.id,
        rs1_0.channel_id,
        rs1_0.created_at,
        rs1_0.last_read_at,
        rs1_0.updated_at,
        rs1_0.user_id 
    from
        read_statuses rs1_0 
    where
        rs1_0.user_id=?
25-11-05 10:25:21.043 [http-nio-8080-exec-9] TRACE org.hibernate.orm.jdbc.bind - binding parameter (1:UUID) <- [0c94bc99-a4ba-45ac-9eaa-c92128d8a5cb]
25-11-05 10:25:21.048 [http-nio-8080-exec-9] DEBUG org.hibernate.SQL - 
    select
        c1_0.id,
        c1_0.created_at,
        c1_0.description,
        c1_0.name,
        c1_0.type,
        c1_0.updated_at 
    from
        channels c1_0 
    where
        c1_0.type=? 
        or c1_0.id in (?, ?)
25-11-05 10:25:21.049 [http-nio-8080-exec-9] TRACE org.hibernate.orm.jdbc.bind - binding parameter (1:VARCHAR) <- [PUBLIC]
25-11-05 10:25:21.049 [http-nio-8080-exec-9] TRACE org.hibernate.orm.jdbc.bind - binding parameter (2:UUID) <- [83a5759b-95ff-499b-813b-3de24059a258]
25-11-05 10:25:21.049 [http-nio-8080-exec-9] TRACE org.hibernate.orm.jdbc.bind - binding parameter (3:UUID) <- [46ab906b-b6a4-42d1-9d31-22db5898e9ed]
25-11-05 10:25:21.055 [http-nio-8080-exec-9] DEBUG org.hibernate.SQL - 
    select
        m1_0.created_at 
    from
        messages m1_0 
    where
        m1_0.channel_id=? 
    order by
        m1_0.created_at desc 
    fetch
        first 1 rows only
25-11-05 10:25:21.056 [http-nio-8080-exec-9] TRACE org.hibernate.orm.jdbc.bind - binding parameter (1:UUID) <- [83a5759b-95ff-499b-813b-3de24059a258]
25-11-05 10:25:21.060 [http-nio-8080-exec-9] DEBUG org.hibernate.SQL - 
    select
        rs1_0.id,
        rs1_0.channel_id,
        rs1_0.created_at,
        rs1_0.last_read_at,
        rs1_0.updated_at,
        rs1_0.user_id,
        u1_0.id,
        u1_0.created_at,
        u1_0.email,
        u1_0.password,
        p1_0.id,
        p1_0.content_type,
        p1_0.created_at,
        p1_0.file_name,
        p1_0.size,
        s1_0.id,
        s1_0.created_at,
        s1_0.last_active_at,
        s1_0.updated_at,
        s1_0.user_id,
        u1_0.updated_at,
        u1_0.username 
    from
        read_statuses rs1_0 
    join
        users u1_0 
            on u1_0.id=rs1_0.user_id 
    join
        user_statuses s1_0 
            on u1_0.id=s1_0.user_id 
    left join
        binary_contents p1_0 
            on p1_0.id=u1_0.profile_id 
    where
        rs1_0.channel_id=?
25-11-05 10:25:21.060 [http-nio-8080-exec-9] TRACE org.hibernate.orm.jdbc.bind - binding parameter (1:UUID) <- [46ab906b-b6a4-42d1-9d31-22db5898e9ed]
25-11-05 10:25:21.067 [http-nio-8080-exec-9] DEBUG org.hibernate.SQL - 
    select
        m1_0.created_at 
    from
        messages m1_0 
    where
        m1_0.channel_id=? 
    order by
        m1_0.created_at desc 
    fetch
        first 1 rows only
25-11-05 10:25:21.068 [http-nio-8080-exec-9] TRACE org.hibernate.orm.jdbc.bind - binding parameter (1:UUID) <- [46ab906b-b6a4-42d1-9d31-22db5898e9ed]
25-11-05 10:25:21.087 [http-nio-8080-exec-6] DEBUG org.hibernate.SQL - 
    select
        rs1_0.id,
        rs1_0.channel_id,
        rs1_0.created_at,
        rs1_0.last_read_at,
        rs1_0.updated_at,
        rs1_0.user_id 
    from
        read_statuses rs1_0 
    where
        rs1_0.user_id=?
25-11-05 10:25:21.089 [http-nio-8080-exec-6] TRACE org.hibernate.orm.jdbc.bind - binding parameter (1:UUID) <- [0c94bc99-a4ba-45ac-9eaa-c92128d8a5cb]
25-11-05 10:25:24.041 [http-nio-8080-exec-3] DEBUG org.hibernate.SQL - 
    select
        rs1_0.id,
        rs1_0.channel_id,
        rs1_0.created_at,
        rs1_0.last_read_at,
        rs1_0.updated_at,
        rs1_0.user_id 
    from
        read_statuses rs1_0 
    where
        rs1_0.user_id=?
25-11-05 10:25:24.042 [http-nio-8080-exec-3] TRACE org.hibernate.orm.jdbc.bind - binding parameter (1:UUID) <- [0c94bc99-a4ba-45ac-9eaa-c92128d8a5cb]
25-11-05 10:25:24.045 [http-nio-8080-exec-3] DEBUG org.hibernate.SQL - 
    select
        c1_0.id,
        c1_0.created_at,
        c1_0.description,
        c1_0.name,
        c1_0.type,
        c1_0.updated_at 
    from
        channels c1_0 
    where
        c1_0.type=? 
        or c1_0.id in (?, ?)
25-11-05 10:25:24.046 [http-nio-8080-exec-3] TRACE org.hibernate.orm.jdbc.bind - binding parameter (1:VARCHAR) <- [PUBLIC]
25-11-05 10:25:24.046 [http-nio-8080-exec-3] TRACE org.hibernate.orm.jdbc.bind - binding parameter (2:UUID) <- [83a5759b-95ff-499b-813b-3de24059a258]
25-11-05 10:25:24.046 [http-nio-8080-exec-3] TRACE org.hibernate.orm.jdbc.bind - binding parameter (3:UUID) <- [46ab906b-b6a4-42d1-9d31-22db5898e9ed]
25-11-05 10:25:24.048 [http-nio-8080-exec-3] DEBUG org.hibernate.SQL - 
    select
        m1_0.created_at 
    from
        messages m1_0 
    where
        m1_0.channel_id=? 
    order by
        m1_0.created_at desc 
    fetch
        first 1 rows only
25-11-05 10:25:24.049 [http-nio-8080-exec-3] TRACE org.hibernate.orm.jdbc.bind - binding parameter (1:UUID) <- [83a5759b-95ff-499b-813b-3de24059a258]
25-11-05 10:25:24.051 [http-nio-8080-exec-3] DEBUG org.hibernate.SQL - 
    select
        rs1_0.id,
        rs1_0.channel_id,
        rs1_0.created_at,
        rs1_0.last_read_at,
        rs1_0.updated_at,
        rs1_0.user_id,
        u1_0.id,
        u1_0.created_at,
        u1_0.email,
        u1_0.password,
        p1_0.id,
        p1_0.content_type,
        p1_0.created_at,
        p1_0.file_name,
        p1_0.size,
        s1_0.id,
        s1_0.created_at,
        s1_0.last_active_at,
        s1_0.updated_at,
        s1_0.user_id,
        u1_0.updated_at,
        u1_0.username 
    from
        read_statuses rs1_0 
    join
        users u1_0 
            on u1_0.id=rs1_0.user_id 
    join
        user_statuses s1_0 
            on u1_0.id=s1_0.user_id 
    left join
        binary_contents p1_0 
            on p1_0.id=u1_0.profile_id 
    where
        rs1_0.channel_id=?
25-11-05 10:25:24.052 [http-nio-8080-exec-3] TRACE org.hibernate.orm.jdbc.bind - binding parameter (1:UUID) <- [46ab906b-b6a4-42d1-9d31-22db5898e9ed]
25-11-05 10:25:24.055 [http-nio-8080-exec-3] DEBUG org.hibernate.SQL - 
    select
        m1_0.created_at 
    from
        messages m1_0 
    where
        m1_0.channel_id=? 
    order by
        m1_0.created_at desc 
    fetch
        first 1 rows only
25-11-05 10:25:24.055 [http-nio-8080-exec-3] TRACE org.hibernate.orm.jdbc.bind - binding parameter (1:UUID) <- [46ab906b-b6a4-42d1-9d31-22db5898e9ed]
25-11-05 10:25:24.069 [http-nio-8080-exec-5] DEBUG org.hibernate.SQL - 
    select
        rs1_0.id,
        rs1_0.channel_id,
        rs1_0.created_at,
        rs1_0.last_read_at,
        rs1_0.updated_at,
        rs1_0.user_id 
    from
        read_statuses rs1_0 
    where
        rs1_0.user_id=?
25-11-05 10:25:24.074 [http-nio-8080-exec-5] TRACE org.hibernate.orm.jdbc.bind - binding parameter (1:UUID) <- [0c94bc99-a4ba-45ac-9eaa-c92128d8a5cb]
25-11-05 10:25:27.041 [http-nio-8080-exec-1] DEBUG org.hibernate.SQL - 
    select
        rs1_0.id,
        rs1_0.channel_id,
        rs1_0.created_at,
        rs1_0.last_read_at,
        rs1_0.updated_at,
        rs1_0.user_id 
    from
        read_statuses rs1_0 
    where
        rs1_0.user_id=?
25-11-05 10:25:27.041 [http-nio-8080-exec-1] TRACE org.hibernate.orm.jdbc.bind - binding parameter (1:UUID) <- [0c94bc99-a4ba-45ac-9eaa-c92128d8a5cb]
25-11-05 10:25:27.046 [http-nio-8080-exec-1] DEBUG org.hibernate.SQL - 
    select
        c1_0.id,
        c1_0.created_at,
        c1_0.description,
        c1_0.name,
        c1_0.type,
        c1_0.updated_at 
    from
        channels c1_0 
    where
        c1_0.type=? 
        or c1_0.id in (?, ?)
25-11-05 10:25:27.046 [http-nio-8080-exec-1] TRACE org.hibernate.orm.jdbc.bind - binding parameter (1:VARCHAR) <- [PUBLIC]
25-11-05 10:25:27.046 [http-nio-8080-exec-1] TRACE org.hibernate.orm.jdbc.bind - binding parameter (2:UUID) <- [83a5759b-95ff-499b-813b-3de24059a258]
25-11-05 10:25:27.047 [http-nio-8080-exec-1] TRACE org.hibernate.orm.jdbc.bind - binding parameter (3:UUID) <- [46ab906b-b6a4-42d1-9d31-22db5898e9ed]
25-11-05 10:25:27.051 [http-nio-8080-exec-1] DEBUG org.hibernate.SQL - 
    select
        m1_0.created_at 
    from
        messages m1_0 
    where
        m1_0.channel_id=? 
    order by
        m1_0.created_at desc 
    fetch
        first 1 rows only
25-11-05 10:25:27.051 [http-nio-8080-exec-1] TRACE org.hibernate.orm.jdbc.bind - binding parameter (1:UUID) <- [83a5759b-95ff-499b-813b-3de24059a258]
25-11-05 10:25:27.054 [http-nio-8080-exec-1] DEBUG org.hibernate.SQL - 
    select
        rs1_0.id,
        rs1_0.channel_id,
        rs1_0.created_at,
        rs1_0.last_read_at,
        rs1_0.updated_at,
        rs1_0.user_id,
        u1_0.id,
        u1_0.created_at,
        u1_0.email,
        u1_0.password,
        p1_0.id,
        p1_0.content_type,
        p1_0.created_at,
        p1_0.file_name,
        p1_0.size,
        s1_0.id,
        s1_0.created_at,
        s1_0.last_active_at,
        s1_0.updated_at,
        s1_0.user_id,
        u1_0.updated_at,
        u1_0.username 
    from
        read_statuses rs1_0 
    join
        users u1_0 
            on u1_0.id=rs1_0.user_id 
    join
        user_statuses s1_0 
            on u1_0.id=s1_0.user_id 
    left join
        binary_contents p1_0 
            on p1_0.id=u1_0.profile_id 
    where
        rs1_0.channel_id=?
25-11-05 10:25:27.055 [http-nio-8080-exec-1] TRACE org.hibernate.orm.jdbc.bind - binding parameter (1:UUID) <- [46ab906b-b6a4-42d1-9d31-22db5898e9ed]
25-11-05 10:25:27.059 [http-nio-8080-exec-1] DEBUG org.hibernate.SQL - 
    select
        m1_0.created_at 
    from
        messages m1_0 
    where
        m1_0.channel_id=? 
    order by
        m1_0.created_at desc 
    fetch
        first 1 rows only
25-11-05 10:25:27.059 [http-nio-8080-exec-1] TRACE org.hibernate.orm.jdbc.bind - binding parameter (1:UUID) <- [46ab906b-b6a4-42d1-9d31-22db5898e9ed]
25-11-05 10:25:27.070 [http-nio-8080-exec-10] DEBUG org.hibernate.SQL - 
    select
        rs1_0.id,
        rs1_0.channel_id,
        rs1_0.created_at,
        rs1_0.last_read_at,
        rs1_0.updated_at,
        rs1_0.user_id 
    from
        read_statuses rs1_0 
    where
        rs1_0.user_id=?
25-11-05 10:25:27.073 [http-nio-8080-exec-10] TRACE org.hibernate.orm.jdbc.bind - binding parameter (1:UUID) <- [0c94bc99-a4ba-45ac-9eaa-c92128d8a5cb]
25-11-05 10:25:30.048 [http-nio-8080-exec-8] DEBUG org.hibernate.SQL - 
    select
        rs1_0.id,
        rs1_0.channel_id,
        rs1_0.created_at,
        rs1_0.last_read_at,
        rs1_0.updated_at,
        rs1_0.user_id 
    from
        read_statuses rs1_0 
    where
        rs1_0.user_id=?
25-11-05 10:25:30.048 [http-nio-8080-exec-8] TRACE org.hibernate.orm.jdbc.bind - binding parameter (1:UUID) <- [0c94bc99-a4ba-45ac-9eaa-c92128d8a5cb]
25-11-05 10:25:30.051 [http-nio-8080-exec-8] DEBUG org.hibernate.SQL - 
    select
        c1_0.id,
        c1_0.created_at,
        c1_0.description,
        c1_0.name,
        c1_0.type,
        c1_0.updated_at 
    from
        channels c1_0 
    where
        c1_0.type=? 
        or c1_0.id in (?, ?)
25-11-05 10:25:30.051 [http-nio-8080-exec-8] TRACE org.hibernate.orm.jdbc.bind - binding parameter (1:VARCHAR) <- [PUBLIC]
25-11-05 10:25:30.052 [http-nio-8080-exec-8] TRACE org.hibernate.orm.jdbc.bind - binding parameter (2:UUID) <- [83a5759b-95ff-499b-813b-3de24059a258]
25-11-05 10:25:30.052 [http-nio-8080-exec-8] TRACE org.hibernate.orm.jdbc.bind - binding parameter (3:UUID) <- [46ab906b-b6a4-42d1-9d31-22db5898e9ed]
25-11-05 10:25:30.055 [http-nio-8080-exec-8] DEBUG org.hibernate.SQL - 
    select
        m1_0.created_at 
    from
        messages m1_0 
    where
        m1_0.channel_id=? 
    order by
        m1_0.created_at desc 
    fetch
        first 1 rows only
25-11-05 10:25:30.055 [http-nio-8080-exec-8] TRACE org.hibernate.orm.jdbc.bind - binding parameter (1:UUID) <- [83a5759b-95ff-499b-813b-3de24059a258]
25-11-05 10:25:30.058 [http-nio-8080-exec-8] DEBUG org.hibernate.SQL - 
    select
        rs1_0.id,
        rs1_0.channel_id,
        rs1_0.created_at,
        rs1_0.last_read_at,
        rs1_0.updated_at,
        rs1_0.user_id,
        u1_0.id,
        u1_0.created_at,
        u1_0.email,
        u1_0.password,
        p1_0.id,
        p1_0.content_type,
        p1_0.created_at,
        p1_0.file_name,
        p1_0.size,
        s1_0.id,
        s1_0.created_at,
        s1_0.last_active_at,
        s1_0.updated_at,
        s1_0.user_id,
        u1_0.updated_at,
        u1_0.username 
    from
        read_statuses rs1_0 
    join
        users u1_0 
            on u1_0.id=rs1_0.user_id 
    join
        user_statuses s1_0 
            on u1_0.id=s1_0.user_id 
    left join
        binary_contents p1_0 
            on p1_0.id=u1_0.profile_id 
    where
        rs1_0.channel_id=?
25-11-05 10:25:30.058 [http-nio-8080-exec-8] TRACE org.hibernate.orm.jdbc.bind - binding parameter (1:UUID) <- [46ab906b-b6a4-42d1-9d31-22db5898e9ed]
25-11-05 10:25:30.062 [http-nio-8080-exec-8] DEBUG org.hibernate.SQL - 
    select
        m1_0.created_at 
    from
        messages m1_0 
    where
        m1_0.channel_id=? 
    order by
        m1_0.created_at desc 
    fetch
        first 1 rows only
25-11-05 10:25:30.063 [http-nio-8080-exec-8] TRACE org.hibernate.orm.jdbc.bind - binding parameter (1:UUID) <- [46ab906b-b6a4-42d1-9d31-22db5898e9ed]
25-11-05 10:25:30.075 [http-nio-8080-exec-4] DEBUG org.hibernate.SQL - 
    select
        rs1_0.id,
        rs1_0.channel_id,
        rs1_0.created_at,
        rs1_0.last_read_at,
        rs1_0.updated_at,
        rs1_0.user_id 
    from
        read_statuses rs1_0 
    where
        rs1_0.user_id=?
25-11-05 10:25:30.077 [http-nio-8080-exec-4] TRACE org.hibernate.orm.jdbc.bind - binding parameter (1:UUID) <- [0c94bc99-a4ba-45ac-9eaa-c92128d8a5cb]
25-11-05 10:25:33.051 [http-nio-8080-exec-7] DEBUG org.hibernate.SQL - 
    select
        rs1_0.id,
        rs1_0.channel_id,
        rs1_0.created_at,
        rs1_0.last_read_at,
        rs1_0.updated_at,
        rs1_0.user_id 
    from
        read_statuses rs1_0 
    where
        rs1_0.user_id=?
25-11-05 10:25:33.051 [http-nio-8080-exec-7] TRACE org.hibernate.orm.jdbc.bind - binding parameter (1:UUID) <- [0c94bc99-a4ba-45ac-9eaa-c92128d8a5cb]
25-11-05 10:25:33.056 [http-nio-8080-exec-7] DEBUG org.hibernate.SQL - 
    select
        c1_0.id,
        c1_0.created_at,
        c1_0.description,
        c1_0.name,
        c1_0.type,
        c1_0.updated_at 
    from
        channels c1_0 
    where
        c1_0.type=? 
        or c1_0.id in (?, ?)
25-11-05 10:25:33.056 [http-nio-8080-exec-7] TRACE org.hibernate.orm.jdbc.bind - binding parameter (1:VARCHAR) <- [PUBLIC]
25-11-05 10:25:33.056 [http-nio-8080-exec-7] TRACE org.hibernate.orm.jdbc.bind - binding parameter (2:UUID) <- [83a5759b-95ff-499b-813b-3de24059a258]
25-11-05 10:25:33.057 [http-nio-8080-exec-7] TRACE org.hibernate.orm.jdbc.bind - binding parameter (3:UUID) <- [46ab906b-b6a4-42d1-9d31-22db5898e9ed]
25-11-05 10:25:33.060 [http-nio-8080-exec-7] DEBUG org.hibernate.SQL - 
    select
        m1_0.created_at 
    from
        messages m1_0 
    where
        m1_0.channel_id=? 
    order by
        m1_0.created_at desc 
    fetch
        first 1 rows only
25-11-05 10:25:33.061 [http-nio-8080-exec-7] TRACE org.hibernate.orm.jdbc.bind - binding parameter (1:UUID) <- [83a5759b-95ff-499b-813b-3de24059a258]
25-11-05 10:25:33.064 [http-nio-8080-exec-7] DEBUG org.hibernate.SQL - 
    select
        rs1_0.id,
        rs1_0.channel_id,
        rs1_0.created_at,
        rs1_0.last_read_at,
        rs1_0.updated_at,
        rs1_0.user_id,
        u1_0.id,
        u1_0.created_at,
        u1_0.email,
        u1_0.password,
        p1_0.id,
        p1_0.content_type,
        p1_0.created_at,
        p1_0.file_name,
        p1_0.size,
        s1_0.id,
        s1_0.created_at,
        s1_0.last_active_at,
        s1_0.updated_at,
        s1_0.user_id,
        u1_0.updated_at,
        u1_0.username 
    from
        read_statuses rs1_0 
    join
        users u1_0 
            on u1_0.id=rs1_0.user_id 
    join
        user_statuses s1_0 
            on u1_0.id=s1_0.user_id 
    left join
        binary_contents p1_0 
            on p1_0.id=u1_0.profile_id 
    where
        rs1_0.channel_id=?
25-11-05 10:25:33.064 [http-nio-8080-exec-7] TRACE org.hibernate.orm.jdbc.bind - binding parameter (1:UUID) <- [46ab906b-b6a4-42d1-9d31-22db5898e9ed]
25-11-05 10:25:33.070 [http-nio-8080-exec-7] DEBUG org.hibernate.SQL - 
    select
        m1_0.created_at 
    from
        messages m1_0 
    where
        m1_0.channel_id=? 
    order by
        m1_0.created_at desc 
    fetch
        first 1 rows only
25-11-05 10:25:33.070 [http-nio-8080-exec-7] TRACE org.hibernate.orm.jdbc.bind - binding parameter (1:UUID) <- [46ab906b-b6a4-42d1-9d31-22db5898e9ed]
25-11-05 10:25:33.082 [http-nio-8080-exec-9] DEBUG org.hibernate.SQL - 
    select
        rs1_0.id,
        rs1_0.channel_id,
        rs1_0.created_at,
        rs1_0.last_read_at,
        rs1_0.updated_at,
        rs1_0.user_id 
    from
        read_statuses rs1_0 
    where
        rs1_0.user_id=?
25-11-05 10:25:33.084 [http-nio-8080-exec-9] TRACE org.hibernate.orm.jdbc.bind - binding parameter (1:UUID) <- [0c94bc99-a4ba-45ac-9eaa-c92128d8a5cb]
25-11-05 10:25:36.042 [http-nio-8080-exec-6] DEBUG org.hibernate.SQL - 
    select
        rs1_0.id,
        rs1_0.channel_id,
        rs1_0.created_at,
        rs1_0.last_read_at,
        rs1_0.updated_at,
        rs1_0.user_id 
    from
        read_statuses rs1_0 
    where
        rs1_0.user_id=?
25-11-05 10:25:36.042 [http-nio-8080-exec-6] TRACE org.hibernate.orm.jdbc.bind - binding parameter (1:UUID) <- [0c94bc99-a4ba-45ac-9eaa-c92128d8a5cb]
25-11-05 10:25:36.045 [http-nio-8080-exec-6] DEBUG org.hibernate.SQL - 
    select
        c1_0.id,
        c1_0.created_at,
        c1_0.description,
        c1_0.name,
        c1_0.type,
        c1_0.updated_at 
    from
        channels c1_0 
    where
        c1_0.type=? 
        or c1_0.id in (?, ?)
25-11-05 10:25:36.045 [http-nio-8080-exec-6] TRACE org.hibernate.orm.jdbc.bind - binding parameter (1:VARCHAR) <- [PUBLIC]
25-11-05 10:25:36.045 [http-nio-8080-exec-6] TRACE org.hibernate.orm.jdbc.bind - binding parameter (2:UUID) <- [83a5759b-95ff-499b-813b-3de24059a258]
25-11-05 10:25:36.045 [http-nio-8080-exec-6] TRACE org.hibernate.orm.jdbc.bind - binding parameter (3:UUID) <- [46ab906b-b6a4-42d1-9d31-22db5898e9ed]
25-11-05 10:25:36.047 [http-nio-8080-exec-6] DEBUG org.hibernate.SQL - 
    select
        m1_0.created_at 
    from
        messages m1_0 
    where
        m1_0.channel_id=? 
    order by
        m1_0.created_at desc 
    fetch
        first 1 rows only
25-11-05 10:25:36.048 [http-nio-8080-exec-6] TRACE org.hibernate.orm.jdbc.bind - binding parameter (1:UUID) <- [83a5759b-95ff-499b-813b-3de24059a258]
25-11-05 10:25:36.050 [http-nio-8080-exec-6] DEBUG org.hibernate.SQL - 
    select
        rs1_0.id,
        rs1_0.channel_id,
        rs1_0.created_at,
        rs1_0.last_read_at,
        rs1_0.updated_at,
        rs1_0.user_id,
        u1_0.id,
        u1_0.created_at,
        u1_0.email,
        u1_0.password,
        p1_0.id,
        p1_0.content_type,
        p1_0.created_at,
        p1_0.file_name,
        p1_0.size,
        s1_0.id,
        s1_0.created_at,
        s1_0.last_active_at,
        s1_0.updated_at,
        s1_0.user_id,
        u1_0.updated_at,
        u1_0.username 
    from
        read_statuses rs1_0 
    join
        users u1_0 
            on u1_0.id=rs1_0.user_id 
    join
        user_statuses s1_0 
            on u1_0.id=s1_0.user_id 
    left join
        binary_contents p1_0 
            on p1_0.id=u1_0.profile_id 
    where
        rs1_0.channel_id=?
25-11-05 10:25:36.051 [http-nio-8080-exec-6] TRACE org.hibernate.orm.jdbc.bind - binding parameter (1:UUID) <- [46ab906b-b6a4-42d1-9d31-22db5898e9ed]
25-11-05 10:25:36.057 [http-nio-8080-exec-6] DEBUG org.hibernate.SQL - 
    select
        m1_0.created_at 
    from
        messages m1_0 
    where
        m1_0.channel_id=? 
    order by
        m1_0.created_at desc 
    fetch
        first 1 rows only
25-11-05 10:25:36.057 [http-nio-8080-exec-6] TRACE org.hibernate.orm.jdbc.bind - binding parameter (1:UUID) <- [46ab906b-b6a4-42d1-9d31-22db5898e9ed]
25-11-05 10:25:36.075 [http-nio-8080-exec-3] DEBUG org.hibernate.SQL - 
    select
        rs1_0.id,
        rs1_0.channel_id,
        rs1_0.created_at,
        rs1_0.last_read_at,
        rs1_0.updated_at,
        rs1_0.user_id 
    from
        read_statuses rs1_0 
    where
        rs1_0.user_id=?
25-11-05 10:25:36.079 [http-nio-8080-exec-3] TRACE org.hibernate.orm.jdbc.bind - binding parameter (1:UUID) <- [0c94bc99-a4ba-45ac-9eaa-c92128d8a5cb]
25-11-05 10:25:44.036 [http-nio-8080-exec-5] INFO  c.s.m.d.controller.UserController - 유저 상태 업데이트 요청 수신: userId=0c94bc99-a4ba-45ac-9eaa-c92128d8a5cb, newLastActiveAt=2025-11-05T01:25:44.032Z
25-11-05 10:25:44.041 [http-nio-8080-exec-5] DEBUG org.hibernate.SQL - 
    select
        us1_0.id,
        us1_0.created_at,
        us1_0.last_active_at,
        us1_0.updated_at,
        us1_0.user_id 
    from
        user_statuses us1_0 
    where
        us1_0.user_id=?
25-11-05 10:25:44.042 [http-nio-8080-exec-5] TRACE org.hibernate.orm.jdbc.bind - binding parameter (1:UUID) <- [0c94bc99-a4ba-45ac-9eaa-c92128d8a5cb]
25-11-05 10:25:44.045 [http-nio-8080-exec-5] DEBUG org.hibernate.SQL - 
    update
        user_statuses 
    set
        last_active_at=?,
        updated_at=?,
        user_id=? 
    where
        id=?
25-11-05 10:25:44.045 [http-nio-8080-exec-5] TRACE org.hibernate.orm.jdbc.bind - binding parameter (1:TIMESTAMP_UTC) <- [2025-11-05T01:25:44.032Z]
25-11-05 10:25:44.045 [http-nio-8080-exec-5] TRACE org.hibernate.orm.jdbc.bind - binding parameter (2:TIMESTAMP_UTC) <- [2025-11-05T01:25:44.044873400Z]
25-11-05 10:25:44.045 [http-nio-8080-exec-5] TRACE org.hibernate.orm.jdbc.bind - binding parameter (3:UUID) <- [0c94bc99-a4ba-45ac-9eaa-c92128d8a5cb]
25-11-05 10:25:44.045 [http-nio-8080-exec-5] TRACE org.hibernate.orm.jdbc.bind - binding parameter (4:UUID) <- [2af3cbe2-8e5d-4a91-87cc-8bc210958a2b]
25-11-05 10:25:44.060 [http-nio-8080-exec-5] INFO  c.s.m.d.controller.UserController - 유저 상태 업데이트 성공: userId=0c94bc99-a4ba-45ac-9eaa-c92128d8a5cb, newLastActiveAt=2025-11-05T01:25:44.032Z
25-11-05 10:25:46.043 [http-nio-8080-exec-10] DEBUG org.hibernate.SQL - 
    select
        rs1_0.id,
        rs1_0.channel_id,
        rs1_0.created_at,
        rs1_0.last_read_at,
        rs1_0.updated_at,
        rs1_0.user_id 
    from
        read_statuses rs1_0 
    where
        rs1_0.user_id=?
25-11-05 10:25:46.044 [http-nio-8080-exec-10] TRACE org.hibernate.orm.jdbc.bind - binding parameter (1:UUID) <- [0c94bc99-a4ba-45ac-9eaa-c92128d8a5cb]
25-11-05 10:25:46.050 [http-nio-8080-exec-10] DEBUG org.hibernate.SQL - 
    select
        c1_0.id,
        c1_0.created_at,
        c1_0.description,
        c1_0.name,
        c1_0.type,
        c1_0.updated_at 
    from
        channels c1_0 
    where
        c1_0.type=? 
        or c1_0.id in (?, ?)
25-11-05 10:25:46.051 [http-nio-8080-exec-10] TRACE org.hibernate.orm.jdbc.bind - binding parameter (1:VARCHAR) <- [PUBLIC]
25-11-05 10:25:46.051 [http-nio-8080-exec-10] TRACE org.hibernate.orm.jdbc.bind - binding parameter (2:UUID) <- [83a5759b-95ff-499b-813b-3de24059a258]
25-11-05 10:25:46.051 [http-nio-8080-exec-10] TRACE org.hibernate.orm.jdbc.bind - binding parameter (3:UUID) <- [46ab906b-b6a4-42d1-9d31-22db5898e9ed]
25-11-05 10:25:46.055 [http-nio-8080-exec-10] DEBUG org.hibernate.SQL - 
    select
        m1_0.created_at 
    from
        messages m1_0 
    where
        m1_0.channel_id=? 
    order by
        m1_0.created_at desc 
    fetch
        first 1 rows only
25-11-05 10:25:46.055 [http-nio-8080-exec-10] TRACE org.hibernate.orm.jdbc.bind - binding parameter (1:UUID) <- [83a5759b-95ff-499b-813b-3de24059a258]
25-11-05 10:25:46.059 [http-nio-8080-exec-10] DEBUG org.hibernate.SQL - 
    select
        rs1_0.id,
        rs1_0.channel_id,
        rs1_0.created_at,
        rs1_0.last_read_at,
        rs1_0.updated_at,
        rs1_0.user_id,
        u1_0.id,
        u1_0.created_at,
        u1_0.email,
        u1_0.password,
        p1_0.id,
        p1_0.content_type,
        p1_0.created_at,
        p1_0.file_name,
        p1_0.size,
        s1_0.id,
        s1_0.created_at,
        s1_0.last_active_at,
        s1_0.updated_at,
        s1_0.user_id,
        u1_0.updated_at,
        u1_0.username 
    from
        read_statuses rs1_0 
    join
        users u1_0 
            on u1_0.id=rs1_0.user_id 
    join
        user_statuses s1_0 
            on u1_0.id=s1_0.user_id 
    left join
        binary_contents p1_0 
            on p1_0.id=u1_0.profile_id 
    where
        rs1_0.channel_id=?
25-11-05 10:25:46.059 [http-nio-8080-exec-10] TRACE org.hibernate.orm.jdbc.bind - binding parameter (1:UUID) <- [46ab906b-b6a4-42d1-9d31-22db5898e9ed]
25-11-05 10:25:46.063 [http-nio-8080-exec-10] DEBUG org.hibernate.SQL - 
    select
        m1_0.created_at 
    from
        messages m1_0 
    where
        m1_0.channel_id=? 
    order by
        m1_0.created_at desc 
    fetch
        first 1 rows only
25-11-05 10:25:46.064 [http-nio-8080-exec-10] TRACE org.hibernate.orm.jdbc.bind - binding parameter (1:UUID) <- [46ab906b-b6a4-42d1-9d31-22db5898e9ed]
25-11-05 10:25:46.079 [http-nio-8080-exec-8] DEBUG org.hibernate.SQL - 
    select
        rs1_0.id,
        rs1_0.channel_id,
        rs1_0.created_at,
        rs1_0.last_read_at,
        rs1_0.updated_at,
        rs1_0.user_id 
    from
        read_statuses rs1_0 
    where
        rs1_0.user_id=?
25-11-05 10:25:46.081 [http-nio-8080-exec-8] TRACE org.hibernate.orm.jdbc.bind - binding parameter (1:UUID) <- [0c94bc99-a4ba-45ac-9eaa-c92128d8a5cb]
25-11-05 10:26:14.046 [http-nio-8080-exec-7] DEBUG org.hibernate.SQL - 
    select
        u1_0.id,
        u1_0.created_at,
        u1_0.email,
        u1_0.password,
        p1_0.id,
        p1_0.content_type,
        p1_0.created_at,
        p1_0.file_name,
        p1_0.size,
        s1_0.id,
        s1_0.created_at,
        s1_0.last_active_at,
        s1_0.updated_at,
        s1_0.user_id,
        u1_0.updated_at,
        u1_0.username 
    from
        users u1_0 
    left join
        binary_contents p1_0 
            on p1_0.id=u1_0.profile_id 
    join
        user_statuses s1_0 
            on u1_0.id=s1_0.user_id
25-11-05 10:26:14.046 [http-nio-8080-exec-2] INFO  c.s.m.d.controller.UserController - 유저 상태 업데이트 요청 수신: userId=0c94bc99-a4ba-45ac-9eaa-c92128d8a5cb, newLastActiveAt=2025-11-05T01:26:14.042Z
25-11-05 10:26:14.050 [http-nio-8080-exec-2] DEBUG org.hibernate.SQL - 
    select
        us1_0.id,
        us1_0.created_at,
        us1_0.last_active_at,
        us1_0.updated_at,
        us1_0.user_id 
    from
        user_statuses us1_0 
    where
        us1_0.user_id=?
25-11-05 10:26:14.050 [http-nio-8080-exec-2] TRACE org.hibernate.orm.jdbc.bind - binding parameter (1:UUID) <- [0c94bc99-a4ba-45ac-9eaa-c92128d8a5cb]
25-11-05 10:26:14.051 [http-nio-8080-exec-7] INFO  c.s.m.d.s.basic.BasicUserService - 모든 유저 목록 조회 완료. 총 3명
25-11-05 10:26:14.051 [http-nio-8080-exec-7] INFO  c.s.m.d.controller.UserController - 모든 유저 목록 조회 완료. 총 3명
25-11-05 10:26:14.055 [http-nio-8080-exec-2] DEBUG org.hibernate.SQL - 
    update
        user_statuses 
    set
        last_active_at=?,
        updated_at=?,
        user_id=? 
    where
        id=?
25-11-05 10:26:14.055 [http-nio-8080-exec-2] TRACE org.hibernate.orm.jdbc.bind - binding parameter (1:TIMESTAMP_UTC) <- [2025-11-05T01:26:14.042Z]
25-11-05 10:26:14.055 [http-nio-8080-exec-2] TRACE org.hibernate.orm.jdbc.bind - binding parameter (2:TIMESTAMP_UTC) <- [2025-11-05T01:26:14.054952500Z]
25-11-05 10:26:14.055 [http-nio-8080-exec-2] TRACE org.hibernate.orm.jdbc.bind - binding parameter (3:UUID) <- [0c94bc99-a4ba-45ac-9eaa-c92128d8a5cb]
25-11-05 10:26:14.055 [http-nio-8080-exec-2] TRACE org.hibernate.orm.jdbc.bind - binding parameter (4:UUID) <- [2af3cbe2-8e5d-4a91-87cc-8bc210958a2b]
25-11-05 10:26:14.064 [http-nio-8080-exec-2] INFO  c.s.m.d.controller.UserController - 유저 상태 업데이트 성공: userId=0c94bc99-a4ba-45ac-9eaa-c92128d8a5cb, newLastActiveAt=2025-11-05T01:26:14.042Z
25-11-05 10:26:14.067 [http-nio-8080-exec-6] DEBUG org.hibernate.SQL - 
    select
        rs1_0.id,
        rs1_0.channel_id,
        rs1_0.created_at,
        rs1_0.last_read_at,
        rs1_0.updated_at,
        rs1_0.user_id 
    from
        read_statuses rs1_0 
    where
        rs1_0.user_id=?
25-11-05 10:26:14.069 [http-nio-8080-exec-9] DEBUG org.hibernate.SQL - 
    select
        rs1_0.id,
        rs1_0.channel_id,
        rs1_0.created_at,
        rs1_0.last_read_at,
        rs1_0.updated_at,
        rs1_0.user_id 
    from
        read_statuses rs1_0 
    where
        rs1_0.user_id=?
25-11-05 10:26:14.070 [http-nio-8080-exec-6] TRACE org.hibernate.orm.jdbc.bind - binding parameter (1:UUID) <- [0c94bc99-a4ba-45ac-9eaa-c92128d8a5cb]
25-11-05 10:26:14.070 [http-nio-8080-exec-9] TRACE org.hibernate.orm.jdbc.bind - binding parameter (1:UUID) <- [0c94bc99-a4ba-45ac-9eaa-c92128d8a5cb]
25-11-05 10:26:14.074 [http-nio-8080-exec-9] DEBUG org.hibernate.SQL - 
    select
        c1_0.id,
        c1_0.created_at,
        c1_0.description,
        c1_0.name,
        c1_0.type,
        c1_0.updated_at 
    from
        channels c1_0 
    where
        c1_0.type=? 
        or c1_0.id in (?, ?)
25-11-05 10:26:14.074 [http-nio-8080-exec-9] TRACE org.hibernate.orm.jdbc.bind - binding parameter (1:VARCHAR) <- [PUBLIC]
25-11-05 10:26:14.074 [http-nio-8080-exec-9] TRACE org.hibernate.orm.jdbc.bind - binding parameter (2:UUID) <- [83a5759b-95ff-499b-813b-3de24059a258]
25-11-05 10:26:14.074 [http-nio-8080-exec-9] TRACE org.hibernate.orm.jdbc.bind - binding parameter (3:UUID) <- [46ab906b-b6a4-42d1-9d31-22db5898e9ed]
25-11-05 10:26:14.078 [http-nio-8080-exec-9] DEBUG org.hibernate.SQL - 
    select
        m1_0.created_at 
    from
        messages m1_0 
    where
        m1_0.channel_id=? 
    order by
        m1_0.created_at desc 
    fetch
        first 1 rows only
25-11-05 10:26:14.078 [http-nio-8080-exec-9] TRACE org.hibernate.orm.jdbc.bind - binding parameter (1:UUID) <- [83a5759b-95ff-499b-813b-3de24059a258]
25-11-05 10:26:14.081 [http-nio-8080-exec-9] DEBUG org.hibernate.SQL - 
    select
        rs1_0.id,
        rs1_0.channel_id,
        rs1_0.created_at,
        rs1_0.last_read_at,
        rs1_0.updated_at,
        rs1_0.user_id,
        u1_0.id,
        u1_0.created_at,
        u1_0.email,
        u1_0.password,
        p1_0.id,
        p1_0.content_type,
        p1_0.created_at,
        p1_0.file_name,
        p1_0.size,
        s1_0.id,
        s1_0.created_at,
        s1_0.last_active_at,
        s1_0.updated_at,
        s1_0.user_id,
        u1_0.updated_at,
        u1_0.username 
    from
        read_statuses rs1_0 
    join
        users u1_0 
            on u1_0.id=rs1_0.user_id 
    join
        user_statuses s1_0 
            on u1_0.id=s1_0.user_id 
    left join
        binary_contents p1_0 
            on p1_0.id=u1_0.profile_id 
    where
        rs1_0.channel_id=?
25-11-05 10:26:14.081 [http-nio-8080-exec-9] TRACE org.hibernate.orm.jdbc.bind - binding parameter (1:UUID) <- [46ab906b-b6a4-42d1-9d31-22db5898e9ed]
25-11-05 10:26:14.085 [http-nio-8080-exec-9] DEBUG org.hibernate.SQL - 
    select
        m1_0.created_at 
    from
        messages m1_0 
    where
        m1_0.channel_id=? 
    order by
        m1_0.created_at desc 
    fetch
        first 1 rows only
25-11-05 10:26:14.085 [http-nio-8080-exec-9] TRACE org.hibernate.orm.jdbc.bind - binding parameter (1:UUID) <- [46ab906b-b6a4-42d1-9d31-22db5898e9ed]
25-11-05 10:26:14.095 [http-nio-8080-exec-3] DEBUG org.hibernate.SQL - 
    select
        rs1_0.id,
        rs1_0.channel_id,
        rs1_0.created_at,
        rs1_0.last_read_at,
        rs1_0.updated_at,
        rs1_0.user_id 
    from
        read_statuses rs1_0 
    where
        rs1_0.user_id=?
25-11-05 10:26:14.095 [http-nio-8080-exec-3] TRACE org.hibernate.orm.jdbc.bind - binding parameter (1:UUID) <- [0c94bc99-a4ba-45ac-9eaa-c92128d8a5cb]
25-11-05 10:26:18.047 [http-nio-8080-exec-8] DEBUG org.hibernate.SQL - 
    select
        rs1_0.id,
        rs1_0.channel_id,
        rs1_0.created_at,
        rs1_0.last_read_at,
        rs1_0.updated_at,
        rs1_0.user_id 
    from
        read_statuses rs1_0 
    where
        rs1_0.user_id=?
25-11-05 10:26:18.048 [http-nio-8080-exec-8] TRACE org.hibernate.orm.jdbc.bind - binding parameter (1:UUID) <- [0c94bc99-a4ba-45ac-9eaa-c92128d8a5cb]
25-11-05 10:26:18.051 [http-nio-8080-exec-8] DEBUG org.hibernate.SQL - 
    select
        c1_0.id,
        c1_0.created_at,
        c1_0.description,
        c1_0.name,
        c1_0.type,
        c1_0.updated_at 
    from
        channels c1_0 
    where
        c1_0.type=? 
        or c1_0.id in (?, ?)
25-11-05 10:26:18.052 [http-nio-8080-exec-8] TRACE org.hibernate.orm.jdbc.bind - binding parameter (1:VARCHAR) <- [PUBLIC]
25-11-05 10:26:18.052 [http-nio-8080-exec-8] TRACE org.hibernate.orm.jdbc.bind - binding parameter (2:UUID) <- [83a5759b-95ff-499b-813b-3de24059a258]
25-11-05 10:26:18.052 [http-nio-8080-exec-8] TRACE org.hibernate.orm.jdbc.bind - binding parameter (3:UUID) <- [46ab906b-b6a4-42d1-9d31-22db5898e9ed]
25-11-05 10:26:18.056 [http-nio-8080-exec-8] DEBUG org.hibernate.SQL - 
    select
        m1_0.created_at 
    from
        messages m1_0 
    where
        m1_0.channel_id=? 
    order by
        m1_0.created_at desc 
    fetch
        first 1 rows only
25-11-05 10:26:18.057 [http-nio-8080-exec-8] TRACE org.hibernate.orm.jdbc.bind - binding parameter (1:UUID) <- [83a5759b-95ff-499b-813b-3de24059a258]
25-11-05 10:26:18.060 [http-nio-8080-exec-8] DEBUG org.hibernate.SQL - 
    select
        rs1_0.id,
        rs1_0.channel_id,
        rs1_0.created_at,
        rs1_0.last_read_at,
        rs1_0.updated_at,
        rs1_0.user_id,
        u1_0.id,
        u1_0.created_at,
        u1_0.email,
        u1_0.password,
        p1_0.id,
        p1_0.content_type,
        p1_0.created_at,
        p1_0.file_name,
        p1_0.size,
        s1_0.id,
        s1_0.created_at,
        s1_0.last_active_at,
        s1_0.updated_at,
        s1_0.user_id,
        u1_0.updated_at,
        u1_0.username 
    from
        read_statuses rs1_0 
    join
        users u1_0 
            on u1_0.id=rs1_0.user_id 
    join
        user_statuses s1_0 
            on u1_0.id=s1_0.user_id 
    left join
        binary_contents p1_0 
            on p1_0.id=u1_0.profile_id 
    where
        rs1_0.channel_id=?
25-11-05 10:26:18.061 [http-nio-8080-exec-8] TRACE org.hibernate.orm.jdbc.bind - binding parameter (1:UUID) <- [46ab906b-b6a4-42d1-9d31-22db5898e9ed]
25-11-05 10:26:18.065 [http-nio-8080-exec-8] DEBUG org.hibernate.SQL - 
    select
        m1_0.created_at 
    from
        messages m1_0 
    where
        m1_0.channel_id=? 
    order by
        m1_0.created_at desc 
    fetch
        first 1 rows only
25-11-05 10:26:18.066 [http-nio-8080-exec-8] TRACE org.hibernate.orm.jdbc.bind - binding parameter (1:UUID) <- [46ab906b-b6a4-42d1-9d31-22db5898e9ed]
25-11-05 10:26:18.078 [http-nio-8080-exec-4] DEBUG org.hibernate.SQL - 
    select
        rs1_0.id,
        rs1_0.channel_id,
        rs1_0.created_at,
        rs1_0.last_read_at,
        rs1_0.updated_at,
        rs1_0.user_id 
    from
        read_statuses rs1_0 
    where
        rs1_0.user_id=?
25-11-05 10:26:18.081 [http-nio-8080-exec-4] TRACE org.hibernate.orm.jdbc.bind - binding parameter (1:UUID) <- [0c94bc99-a4ba-45ac-9eaa-c92128d8a5cb]
25-11-05 10:26:21.044 [http-nio-8080-exec-7] DEBUG org.hibernate.SQL - 
    select
        rs1_0.id,
        rs1_0.channel_id,
        rs1_0.created_at,
        rs1_0.last_read_at,
        rs1_0.updated_at,
        rs1_0.user_id 
    from
        read_statuses rs1_0 
    where
        rs1_0.user_id=?
25-11-05 10:26:21.044 [http-nio-8080-exec-7] TRACE org.hibernate.orm.jdbc.bind - binding parameter (1:UUID) <- [0c94bc99-a4ba-45ac-9eaa-c92128d8a5cb]
25-11-05 10:26:21.051 [http-nio-8080-exec-7] DEBUG org.hibernate.SQL - 
    select
        c1_0.id,
        c1_0.created_at,
        c1_0.description,
        c1_0.name,
        c1_0.type,
        c1_0.updated_at 
    from
        channels c1_0 
    where
        c1_0.type=? 
        or c1_0.id in (?, ?)
25-11-05 10:26:21.051 [http-nio-8080-exec-7] TRACE org.hibernate.orm.jdbc.bind - binding parameter (1:VARCHAR) <- [PUBLIC]
25-11-05 10:26:21.051 [http-nio-8080-exec-7] TRACE org.hibernate.orm.jdbc.bind - binding parameter (2:UUID) <- [83a5759b-95ff-499b-813b-3de24059a258]
25-11-05 10:26:21.052 [http-nio-8080-exec-7] TRACE org.hibernate.orm.jdbc.bind - binding parameter (3:UUID) <- [46ab906b-b6a4-42d1-9d31-22db5898e9ed]
25-11-05 10:26:21.055 [http-nio-8080-exec-7] DEBUG org.hibernate.SQL - 
    select
        m1_0.created_at 
    from
        messages m1_0 
    where
        m1_0.channel_id=? 
    order by
        m1_0.created_at desc 
    fetch
        first 1 rows only
25-11-05 10:26:21.055 [http-nio-8080-exec-7] TRACE org.hibernate.orm.jdbc.bind - binding parameter (1:UUID) <- [83a5759b-95ff-499b-813b-3de24059a258]
25-11-05 10:26:21.058 [http-nio-8080-exec-7] DEBUG org.hibernate.SQL - 
    select
        rs1_0.id,
        rs1_0.channel_id,
        rs1_0.created_at,
        rs1_0.last_read_at,
        rs1_0.updated_at,
        rs1_0.user_id,
        u1_0.id,
        u1_0.created_at,
        u1_0.email,
        u1_0.password,
        p1_0.id,
        p1_0.content_type,
        p1_0.created_at,
        p1_0.file_name,
        p1_0.size,
        s1_0.id,
        s1_0.created_at,
        s1_0.last_active_at,
        s1_0.updated_at,
        s1_0.user_id,
        u1_0.updated_at,
        u1_0.username 
    from
        read_statuses rs1_0 
    join
        users u1_0 
            on u1_0.id=rs1_0.user_id 
    join
        user_statuses s1_0 
            on u1_0.id=s1_0.user_id 
    left join
        binary_contents p1_0 
            on p1_0.id=u1_0.profile_id 
    where
        rs1_0.channel_id=?
25-11-05 10:26:21.058 [http-nio-8080-exec-7] TRACE org.hibernate.orm.jdbc.bind - binding parameter (1:UUID) <- [46ab906b-b6a4-42d1-9d31-22db5898e9ed]
25-11-05 10:26:21.063 [http-nio-8080-exec-7] DEBUG org.hibernate.SQL - 
    select
        m1_0.created_at 
    from
        messages m1_0 
    where
        m1_0.channel_id=? 
    order by
        m1_0.created_at desc 
    fetch
        first 1 rows only
25-11-05 10:26:21.064 [http-nio-8080-exec-7] TRACE org.hibernate.orm.jdbc.bind - binding parameter (1:UUID) <- [46ab906b-b6a4-42d1-9d31-22db5898e9ed]
25-11-05 10:26:21.080 [http-nio-8080-exec-2] DEBUG org.hibernate.SQL - 
    select
        rs1_0.id,
        rs1_0.channel_id,
        rs1_0.created_at,
        rs1_0.last_read_at,
        rs1_0.updated_at,
        rs1_0.user_id 
    from
        read_statuses rs1_0 
    where
        rs1_0.user_id=?
25-11-05 10:26:21.083 [http-nio-8080-exec-2] TRACE org.hibernate.orm.jdbc.bind - binding parameter (1:UUID) <- [0c94bc99-a4ba-45ac-9eaa-c92128d8a5cb]
25-11-05 10:26:24.049 [http-nio-8080-exec-6] DEBUG org.hibernate.SQL - 
    select
        rs1_0.id,
        rs1_0.channel_id,
        rs1_0.created_at,
        rs1_0.last_read_at,
        rs1_0.updated_at,
        rs1_0.user_id 
    from
        read_statuses rs1_0 
    where
        rs1_0.user_id=?
25-11-05 10:26:24.049 [http-nio-8080-exec-6] TRACE org.hibernate.orm.jdbc.bind - binding parameter (1:UUID) <- [0c94bc99-a4ba-45ac-9eaa-c92128d8a5cb]
25-11-05 10:26:24.054 [http-nio-8080-exec-6] DEBUG org.hibernate.SQL - 
    select
        c1_0.id,
        c1_0.created_at,
        c1_0.description,
        c1_0.name,
        c1_0.type,
        c1_0.updated_at 
    from
        channels c1_0 
    where
        c1_0.type=? 
        or c1_0.id in (?, ?)
25-11-05 10:26:24.054 [http-nio-8080-exec-6] TRACE org.hibernate.orm.jdbc.bind - binding parameter (1:VARCHAR) <- [PUBLIC]
25-11-05 10:26:24.054 [http-nio-8080-exec-6] TRACE org.hibernate.orm.jdbc.bind - binding parameter (2:UUID) <- [83a5759b-95ff-499b-813b-3de24059a258]
25-11-05 10:26:24.054 [http-nio-8080-exec-6] TRACE org.hibernate.orm.jdbc.bind - binding parameter (3:UUID) <- [46ab906b-b6a4-42d1-9d31-22db5898e9ed]
25-11-05 10:26:24.059 [http-nio-8080-exec-6] DEBUG org.hibernate.SQL - 
    select
        m1_0.created_at 
    from
        messages m1_0 
    where
        m1_0.channel_id=? 
    order by
        m1_0.created_at desc 
    fetch
        first 1 rows only
25-11-05 10:26:24.059 [http-nio-8080-exec-6] TRACE org.hibernate.orm.jdbc.bind - binding parameter (1:UUID) <- [83a5759b-95ff-499b-813b-3de24059a258]
25-11-05 10:26:24.062 [http-nio-8080-exec-6] DEBUG org.hibernate.SQL - 
    select
        rs1_0.id,
        rs1_0.channel_id,
        rs1_0.created_at,
        rs1_0.last_read_at,
        rs1_0.updated_at,
        rs1_0.user_id,
        u1_0.id,
        u1_0.created_at,
        u1_0.email,
        u1_0.password,
        p1_0.id,
        p1_0.content_type,
        p1_0.created_at,
        p1_0.file_name,
        p1_0.size,
        s1_0.id,
        s1_0.created_at,
        s1_0.last_active_at,
        s1_0.updated_at,
        s1_0.user_id,
        u1_0.updated_at,
        u1_0.username 
    from
        read_statuses rs1_0 
    join
        users u1_0 
            on u1_0.id=rs1_0.user_id 
    join
        user_statuses s1_0 
            on u1_0.id=s1_0.user_id 
    left join
        binary_contents p1_0 
            on p1_0.id=u1_0.profile_id 
    where
        rs1_0.channel_id=?
25-11-05 10:26:24.062 [http-nio-8080-exec-6] TRACE org.hibernate.orm.jdbc.bind - binding parameter (1:UUID) <- [46ab906b-b6a4-42d1-9d31-22db5898e9ed]
25-11-05 10:26:24.067 [http-nio-8080-exec-6] DEBUG org.hibernate.SQL - 
    select
        m1_0.created_at 
    from
        messages m1_0 
    where
        m1_0.channel_id=? 
    order by
        m1_0.created_at desc 
    fetch
        first 1 rows only
25-11-05 10:26:24.067 [http-nio-8080-exec-6] TRACE org.hibernate.orm.jdbc.bind - binding parameter (1:UUID) <- [46ab906b-b6a4-42d1-9d31-22db5898e9ed]
25-11-05 10:26:24.081 [http-nio-8080-exec-9] DEBUG org.hibernate.SQL - 
    select
        rs1_0.id,
        rs1_0.channel_id,
        rs1_0.created_at,
        rs1_0.last_read_at,
        rs1_0.updated_at,
        rs1_0.user_id 
    from
        read_statuses rs1_0 
    where
        rs1_0.user_id=?
25-11-05 10:26:24.083 [http-nio-8080-exec-9] TRACE org.hibernate.orm.jdbc.bind - binding parameter (1:UUID) <- [0c94bc99-a4ba-45ac-9eaa-c92128d8a5cb]
25-11-05 10:26:27.040 [http-nio-8080-exec-1] DEBUG org.hibernate.SQL - 
    select
        rs1_0.id,
        rs1_0.channel_id,
        rs1_0.created_at,
        rs1_0.last_read_at,
        rs1_0.updated_at,
        rs1_0.user_id 
    from
        read_statuses rs1_0 
    where
        rs1_0.user_id=?
25-11-05 10:26:27.040 [http-nio-8080-exec-1] TRACE org.hibernate.orm.jdbc.bind - binding parameter (1:UUID) <- [0c94bc99-a4ba-45ac-9eaa-c92128d8a5cb]
25-11-05 10:26:27.044 [http-nio-8080-exec-1] DEBUG org.hibernate.SQL - 
    select
        c1_0.id,
        c1_0.created_at,
        c1_0.description,
        c1_0.name,
        c1_0.type,
        c1_0.updated_at 
    from
        channels c1_0 
    where
        c1_0.type=? 
        or c1_0.id in (?, ?)
25-11-05 10:26:27.044 [http-nio-8080-exec-1] TRACE org.hibernate.orm.jdbc.bind - binding parameter (1:VARCHAR) <- [PUBLIC]
25-11-05 10:26:27.044 [http-nio-8080-exec-1] TRACE org.hibernate.orm.jdbc.bind - binding parameter (2:UUID) <- [83a5759b-95ff-499b-813b-3de24059a258]
25-11-05 10:26:27.044 [http-nio-8080-exec-1] TRACE org.hibernate.orm.jdbc.bind - binding parameter (3:UUID) <- [46ab906b-b6a4-42d1-9d31-22db5898e9ed]
25-11-05 10:26:27.047 [http-nio-8080-exec-1] DEBUG org.hibernate.SQL - 
    select
        m1_0.created_at 
    from
        messages m1_0 
    where
        m1_0.channel_id=? 
    order by
        m1_0.created_at desc 
    fetch
        first 1 rows only
25-11-05 10:26:27.047 [http-nio-8080-exec-1] TRACE org.hibernate.orm.jdbc.bind - binding parameter (1:UUID) <- [83a5759b-95ff-499b-813b-3de24059a258]
25-11-05 10:26:27.051 [http-nio-8080-exec-1] DEBUG org.hibernate.SQL - 
    select
        rs1_0.id,
        rs1_0.channel_id,
        rs1_0.created_at,
        rs1_0.last_read_at,
        rs1_0.updated_at,
        rs1_0.user_id,
        u1_0.id,
        u1_0.created_at,
        u1_0.email,
        u1_0.password,
        p1_0.id,
        p1_0.content_type,
        p1_0.created_at,
        p1_0.file_name,
        p1_0.size,
        s1_0.id,
        s1_0.created_at,
        s1_0.last_active_at,
        s1_0.updated_at,
        s1_0.user_id,
        u1_0.updated_at,
        u1_0.username 
    from
        read_statuses rs1_0 
    join
        users u1_0 
            on u1_0.id=rs1_0.user_id 
    join
        user_statuses s1_0 
            on u1_0.id=s1_0.user_id 
    left join
        binary_contents p1_0 
            on p1_0.id=u1_0.profile_id 
    where
        rs1_0.channel_id=?
25-11-05 10:26:27.051 [http-nio-8080-exec-1] TRACE org.hibernate.orm.jdbc.bind - binding parameter (1:UUID) <- [46ab906b-b6a4-42d1-9d31-22db5898e9ed]
25-11-05 10:26:27.055 [http-nio-8080-exec-1] DEBUG org.hibernate.SQL - 
    select
        m1_0.created_at 
    from
        messages m1_0 
    where
        m1_0.channel_id=? 
    order by
        m1_0.created_at desc 
    fetch
        first 1 rows only
25-11-05 10:26:27.055 [http-nio-8080-exec-1] TRACE org.hibernate.orm.jdbc.bind - binding parameter (1:UUID) <- [46ab906b-b6a4-42d1-9d31-22db5898e9ed]
25-11-05 10:26:27.066 [http-nio-8080-exec-10] DEBUG org.hibernate.SQL - 
    select
        rs1_0.id,
        rs1_0.channel_id,
        rs1_0.created_at,
        rs1_0.last_read_at,
        rs1_0.updated_at,
        rs1_0.user_id 
    from
        read_statuses rs1_0 
    where
        rs1_0.user_id=?
25-11-05 10:26:27.068 [http-nio-8080-exec-10] TRACE org.hibernate.orm.jdbc.bind - binding parameter (1:UUID) <- [0c94bc99-a4ba-45ac-9eaa-c92128d8a5cb]
25-11-05 10:26:30.041 [http-nio-8080-exec-5] DEBUG org.hibernate.SQL - 
    select
        rs1_0.id,
        rs1_0.channel_id,
        rs1_0.created_at,
        rs1_0.last_read_at,
        rs1_0.updated_at,
        rs1_0.user_id 
    from
        read_statuses rs1_0 
    where
        rs1_0.user_id=?
25-11-05 10:26:30.042 [http-nio-8080-exec-5] TRACE org.hibernate.orm.jdbc.bind - binding parameter (1:UUID) <- [0c94bc99-a4ba-45ac-9eaa-c92128d8a5cb]
25-11-05 10:26:30.046 [http-nio-8080-exec-5] DEBUG org.hibernate.SQL - 
    select
        c1_0.id,
        c1_0.created_at,
        c1_0.description,
        c1_0.name,
        c1_0.type,
        c1_0.updated_at 
    from
        channels c1_0 
    where
        c1_0.type=? 
        or c1_0.id in (?, ?)
25-11-05 10:26:30.046 [http-nio-8080-exec-5] TRACE org.hibernate.orm.jdbc.bind - binding parameter (1:VARCHAR) <- [PUBLIC]
25-11-05 10:26:30.047 [http-nio-8080-exec-5] TRACE org.hibernate.orm.jdbc.bind - binding parameter (2:UUID) <- [83a5759b-95ff-499b-813b-3de24059a258]
25-11-05 10:26:30.047 [http-nio-8080-exec-5] TRACE org.hibernate.orm.jdbc.bind - binding parameter (3:UUID) <- [46ab906b-b6a4-42d1-9d31-22db5898e9ed]
25-11-05 10:26:30.049 [http-nio-8080-exec-5] DEBUG org.hibernate.SQL - 
    select
        m1_0.created_at 
    from
        messages m1_0 
    where
        m1_0.channel_id=? 
    order by
        m1_0.created_at desc 
    fetch
        first 1 rows only
25-11-05 10:26:30.050 [http-nio-8080-exec-5] TRACE org.hibernate.orm.jdbc.bind - binding parameter (1:UUID) <- [83a5759b-95ff-499b-813b-3de24059a258]
25-11-05 10:26:30.054 [http-nio-8080-exec-5] DEBUG org.hibernate.SQL - 
    select
        rs1_0.id,
        rs1_0.channel_id,
        rs1_0.created_at,
        rs1_0.last_read_at,
        rs1_0.updated_at,
        rs1_0.user_id,
        u1_0.id,
        u1_0.created_at,
        u1_0.email,
        u1_0.password,
        p1_0.id,
        p1_0.content_type,
        p1_0.created_at,
        p1_0.file_name,
        p1_0.size,
        s1_0.id,
        s1_0.created_at,
        s1_0.last_active_at,
        s1_0.updated_at,
        s1_0.user_id,
        u1_0.updated_at,
        u1_0.username 
    from
        read_statuses rs1_0 
    join
        users u1_0 
            on u1_0.id=rs1_0.user_id 
    join
        user_statuses s1_0 
            on u1_0.id=s1_0.user_id 
    left join
        binary_contents p1_0 
            on p1_0.id=u1_0.profile_id 
    where
        rs1_0.channel_id=?
25-11-05 10:26:30.054 [http-nio-8080-exec-5] TRACE org.hibernate.orm.jdbc.bind - binding parameter (1:UUID) <- [46ab906b-b6a4-42d1-9d31-22db5898e9ed]
25-11-05 10:26:30.058 [http-nio-8080-exec-5] DEBUG org.hibernate.SQL - 
    select
        m1_0.created_at 
    from
        messages m1_0 
    where
        m1_0.channel_id=? 
    order by
        m1_0.created_at desc 
    fetch
        first 1 rows only
25-11-05 10:26:30.059 [http-nio-8080-exec-5] TRACE org.hibernate.orm.jdbc.bind - binding parameter (1:UUID) <- [46ab906b-b6a4-42d1-9d31-22db5898e9ed]
25-11-05 10:26:30.075 [http-nio-8080-exec-8] DEBUG org.hibernate.SQL - 
    select
        rs1_0.id,
        rs1_0.channel_id,
        rs1_0.created_at,
        rs1_0.last_read_at,
        rs1_0.updated_at,
        rs1_0.user_id 
    from
        read_statuses rs1_0 
    where
        rs1_0.user_id=?
25-11-05 10:26:30.079 [http-nio-8080-exec-8] TRACE org.hibernate.orm.jdbc.bind - binding parameter (1:UUID) <- [0c94bc99-a4ba-45ac-9eaa-c92128d8a5cb]
25-11-05 10:26:33.054 [http-nio-8080-exec-4] DEBUG org.hibernate.SQL - 
    select
        rs1_0.id,
        rs1_0.channel_id,
        rs1_0.created_at,
        rs1_0.last_read_at,
        rs1_0.updated_at,
        rs1_0.user_id 
    from
        read_statuses rs1_0 
    where
        rs1_0.user_id=?
25-11-05 10:26:33.054 [http-nio-8080-exec-4] TRACE org.hibernate.orm.jdbc.bind - binding parameter (1:UUID) <- [0c94bc99-a4ba-45ac-9eaa-c92128d8a5cb]
25-11-05 10:26:33.058 [http-nio-8080-exec-4] DEBUG org.hibernate.SQL - 
    select
        c1_0.id,
        c1_0.created_at,
        c1_0.description,
        c1_0.name,
        c1_0.type,
        c1_0.updated_at 
    from
        channels c1_0 
    where
        c1_0.type=? 
        or c1_0.id in (?, ?)
25-11-05 10:26:33.059 [http-nio-8080-exec-4] TRACE org.hibernate.orm.jdbc.bind - binding parameter (1:VARCHAR) <- [PUBLIC]
25-11-05 10:26:33.059 [http-nio-8080-exec-4] TRACE org.hibernate.orm.jdbc.bind - binding parameter (2:UUID) <- [83a5759b-95ff-499b-813b-3de24059a258]
25-11-05 10:26:33.059 [http-nio-8080-exec-4] TRACE org.hibernate.orm.jdbc.bind - binding parameter (3:UUID) <- [46ab906b-b6a4-42d1-9d31-22db5898e9ed]
25-11-05 10:26:33.062 [http-nio-8080-exec-4] DEBUG org.hibernate.SQL - 
    select
        m1_0.created_at 
    from
        messages m1_0 
    where
        m1_0.channel_id=? 
    order by
        m1_0.created_at desc 
    fetch
        first 1 rows only
25-11-05 10:26:33.062 [http-nio-8080-exec-4] TRACE org.hibernate.orm.jdbc.bind - binding parameter (1:UUID) <- [83a5759b-95ff-499b-813b-3de24059a258]
25-11-05 10:26:33.065 [http-nio-8080-exec-4] DEBUG org.hibernate.SQL - 
    select
        rs1_0.id,
        rs1_0.channel_id,
        rs1_0.created_at,
        rs1_0.last_read_at,
        rs1_0.updated_at,
        rs1_0.user_id,
        u1_0.id,
        u1_0.created_at,
        u1_0.email,
        u1_0.password,
        p1_0.id,
        p1_0.content_type,
        p1_0.created_at,
        p1_0.file_name,
        p1_0.size,
        s1_0.id,
        s1_0.created_at,
        s1_0.last_active_at,
        s1_0.updated_at,
        s1_0.user_id,
        u1_0.updated_at,
        u1_0.username 
    from
        read_statuses rs1_0 
    join
        users u1_0 
            on u1_0.id=rs1_0.user_id 
    join
        user_statuses s1_0 
            on u1_0.id=s1_0.user_id 
    left join
        binary_contents p1_0 
            on p1_0.id=u1_0.profile_id 
    where
        rs1_0.channel_id=?
25-11-05 10:26:33.065 [http-nio-8080-exec-4] TRACE org.hibernate.orm.jdbc.bind - binding parameter (1:UUID) <- [46ab906b-b6a4-42d1-9d31-22db5898e9ed]
25-11-05 10:26:33.068 [http-nio-8080-exec-4] DEBUG org.hibernate.SQL - 
    select
        m1_0.created_at 
    from
        messages m1_0 
    where
        m1_0.channel_id=? 
    order by
        m1_0.created_at desc 
    fetch
        first 1 rows only
25-11-05 10:26:33.068 [http-nio-8080-exec-4] TRACE org.hibernate.orm.jdbc.bind - binding parameter (1:UUID) <- [46ab906b-b6a4-42d1-9d31-22db5898e9ed]
25-11-05 10:26:33.082 [http-nio-8080-exec-7] DEBUG org.hibernate.SQL - 
    select
        rs1_0.id,
        rs1_0.channel_id,
        rs1_0.created_at,
        rs1_0.last_read_at,
        rs1_0.updated_at,
        rs1_0.user_id 
    from
        read_statuses rs1_0 
    where
        rs1_0.user_id=?
25-11-05 10:26:33.084 [http-nio-8080-exec-7] TRACE org.hibernate.orm.jdbc.bind - binding parameter (1:UUID) <- [0c94bc99-a4ba-45ac-9eaa-c92128d8a5cb]
25-11-05 10:26:44.042 [http-nio-8080-exec-6] INFO  c.s.m.d.controller.UserController - 유저 상태 업데이트 요청 수신: userId=0c94bc99-a4ba-45ac-9eaa-c92128d8a5cb, newLastActiveAt=2025-11-05T01:26:44.038Z
25-11-05 10:26:44.044 [http-nio-8080-exec-6] DEBUG org.hibernate.SQL - 
    select
        us1_0.id,
        us1_0.created_at,
        us1_0.last_active_at,
        us1_0.updated_at,
        us1_0.user_id 
    from
        user_statuses us1_0 
    where
        us1_0.user_id=?
25-11-05 10:26:44.045 [http-nio-8080-exec-6] TRACE org.hibernate.orm.jdbc.bind - binding parameter (1:UUID) <- [0c94bc99-a4ba-45ac-9eaa-c92128d8a5cb]
25-11-05 10:26:44.048 [http-nio-8080-exec-6] DEBUG org.hibernate.SQL - 
    update
        user_statuses 
    set
        last_active_at=?,
        updated_at=?,
        user_id=? 
    where
        id=?
25-11-05 10:26:44.048 [http-nio-8080-exec-6] TRACE org.hibernate.orm.jdbc.bind - binding parameter (1:TIMESTAMP_UTC) <- [2025-11-05T01:26:44.038Z]
25-11-05 10:26:44.048 [http-nio-8080-exec-6] TRACE org.hibernate.orm.jdbc.bind - binding parameter (2:TIMESTAMP_UTC) <- [2025-11-05T01:26:44.047542100Z]
25-11-05 10:26:44.048 [http-nio-8080-exec-6] TRACE org.hibernate.orm.jdbc.bind - binding parameter (3:UUID) <- [0c94bc99-a4ba-45ac-9eaa-c92128d8a5cb]
25-11-05 10:26:44.048 [http-nio-8080-exec-6] TRACE org.hibernate.orm.jdbc.bind - binding parameter (4:UUID) <- [2af3cbe2-8e5d-4a91-87cc-8bc210958a2b]
25-11-05 10:26:44.061 [http-nio-8080-exec-6] INFO  c.s.m.d.controller.UserController - 유저 상태 업데이트 성공: userId=0c94bc99-a4ba-45ac-9eaa-c92128d8a5cb, newLastActiveAt=2025-11-05T01:26:44.038Z
25-11-05 10:26:46.043 [http-nio-8080-exec-3] DEBUG org.hibernate.SQL - 
    select
        rs1_0.id,
        rs1_0.channel_id,
        rs1_0.created_at,
        rs1_0.last_read_at,
        rs1_0.updated_at,
        rs1_0.user_id 
    from
        read_statuses rs1_0 
    where
        rs1_0.user_id=?
25-11-05 10:26:46.043 [http-nio-8080-exec-3] TRACE org.hibernate.orm.jdbc.bind - binding parameter (1:UUID) <- [0c94bc99-a4ba-45ac-9eaa-c92128d8a5cb]
25-11-05 10:26:46.048 [http-nio-8080-exec-3] DEBUG org.hibernate.SQL - 
    select
        c1_0.id,
        c1_0.created_at,
        c1_0.description,
        c1_0.name,
        c1_0.type,
        c1_0.updated_at 
    from
        channels c1_0 
    where
        c1_0.type=? 
        or c1_0.id in (?, ?)
25-11-05 10:26:46.048 [http-nio-8080-exec-3] TRACE org.hibernate.orm.jdbc.bind - binding parameter (1:VARCHAR) <- [PUBLIC]
25-11-05 10:26:46.048 [http-nio-8080-exec-3] TRACE org.hibernate.orm.jdbc.bind - binding parameter (2:UUID) <- [83a5759b-95ff-499b-813b-3de24059a258]
25-11-05 10:26:46.048 [http-nio-8080-exec-3] TRACE org.hibernate.orm.jdbc.bind - binding parameter (3:UUID) <- [46ab906b-b6a4-42d1-9d31-22db5898e9ed]
25-11-05 10:26:46.053 [http-nio-8080-exec-3] DEBUG org.hibernate.SQL - 
    select
        m1_0.created_at 
    from
        messages m1_0 
    where
        m1_0.channel_id=? 
    order by
        m1_0.created_at desc 
    fetch
        first 1 rows only
25-11-05 10:26:46.053 [http-nio-8080-exec-3] TRACE org.hibernate.orm.jdbc.bind - binding parameter (1:UUID) <- [83a5759b-95ff-499b-813b-3de24059a258]
25-11-05 10:26:46.056 [http-nio-8080-exec-3] DEBUG org.hibernate.SQL - 
    select
        rs1_0.id,
        rs1_0.channel_id,
        rs1_0.created_at,
        rs1_0.last_read_at,
        rs1_0.updated_at,
        rs1_0.user_id,
        u1_0.id,
        u1_0.created_at,
        u1_0.email,
        u1_0.password,
        p1_0.id,
        p1_0.content_type,
        p1_0.created_at,
        p1_0.file_name,
        p1_0.size,
        s1_0.id,
        s1_0.created_at,
        s1_0.last_active_at,
        s1_0.updated_at,
        s1_0.user_id,
        u1_0.updated_at,
        u1_0.username 
    from
        read_statuses rs1_0 
    join
        users u1_0 
            on u1_0.id=rs1_0.user_id 
    join
        user_statuses s1_0 
            on u1_0.id=s1_0.user_id 
    left join
        binary_contents p1_0 
            on p1_0.id=u1_0.profile_id 
    where
        rs1_0.channel_id=?
25-11-05 10:26:46.057 [http-nio-8080-exec-3] TRACE org.hibernate.orm.jdbc.bind - binding parameter (1:UUID) <- [46ab906b-b6a4-42d1-9d31-22db5898e9ed]
25-11-05 10:26:46.061 [http-nio-8080-exec-3] DEBUG org.hibernate.SQL - 
    select
        m1_0.created_at 
    from
        messages m1_0 
    where
        m1_0.channel_id=? 
    order by
        m1_0.created_at desc 
    fetch
        first 1 rows only
25-11-05 10:26:46.061 [http-nio-8080-exec-3] TRACE org.hibernate.orm.jdbc.bind - binding parameter (1:UUID) <- [46ab906b-b6a4-42d1-9d31-22db5898e9ed]
25-11-05 10:26:46.076 [http-nio-8080-exec-1] DEBUG org.hibernate.SQL - 
    select
        rs1_0.id,
        rs1_0.channel_id,
        rs1_0.created_at,
        rs1_0.last_read_at,
        rs1_0.updated_at,
        rs1_0.user_id 
    from
        read_statuses rs1_0 
    where
        rs1_0.user_id=?
25-11-05 10:26:46.077 [http-nio-8080-exec-1] TRACE org.hibernate.orm.jdbc.bind - binding parameter (1:UUID) <- [0c94bc99-a4ba-45ac-9eaa-c92128d8a5cb]
25-11-05 10:27:14.038 [http-nio-8080-exec-5] INFO  c.s.m.d.controller.UserController - 유저 상태 업데이트 요청 수신: userId=0c94bc99-a4ba-45ac-9eaa-c92128d8a5cb, newLastActiveAt=2025-11-05T01:27:14.034Z
25-11-05 10:27:14.040 [http-nio-8080-exec-8] DEBUG org.hibernate.SQL - 
    select
        u1_0.id,
        u1_0.created_at,
        u1_0.email,
        u1_0.password,
        p1_0.id,
        p1_0.content_type,
        p1_0.created_at,
        p1_0.file_name,
        p1_0.size,
        s1_0.id,
        s1_0.created_at,
        s1_0.last_active_at,
        s1_0.updated_at,
        s1_0.user_id,
        u1_0.updated_at,
        u1_0.username 
    from
        users u1_0 
    left join
        binary_contents p1_0 
            on p1_0.id=u1_0.profile_id 
    join
        user_statuses s1_0 
            on u1_0.id=s1_0.user_id
25-11-05 10:27:14.042 [http-nio-8080-exec-5] DEBUG org.hibernate.SQL - 
    select
        us1_0.id,
        us1_0.created_at,
        us1_0.last_active_at,
        us1_0.updated_at,
        us1_0.user_id 
    from
        user_statuses us1_0 
    where
        us1_0.user_id=?
25-11-05 10:27:14.042 [http-nio-8080-exec-5] TRACE org.hibernate.orm.jdbc.bind - binding parameter (1:UUID) <- [0c94bc99-a4ba-45ac-9eaa-c92128d8a5cb]
25-11-05 10:27:14.045 [http-nio-8080-exec-8] INFO  c.s.m.d.s.basic.BasicUserService - 모든 유저 목록 조회 완료. 총 3명
25-11-05 10:27:14.045 [http-nio-8080-exec-8] INFO  c.s.m.d.controller.UserController - 모든 유저 목록 조회 완료. 총 3명
25-11-05 10:27:14.045 [http-nio-8080-exec-5] DEBUG org.hibernate.SQL - 
    update
        user_statuses 
    set
        last_active_at=?,
        updated_at=?,
        user_id=? 
    where
        id=?
25-11-05 10:27:14.045 [http-nio-8080-exec-5] TRACE org.hibernate.orm.jdbc.bind - binding parameter (1:TIMESTAMP_UTC) <- [2025-11-05T01:27:14.034Z]
25-11-05 10:27:14.046 [http-nio-8080-exec-5] TRACE org.hibernate.orm.jdbc.bind - binding parameter (2:TIMESTAMP_UTC) <- [2025-11-05T01:27:14.045110900Z]
25-11-05 10:27:14.046 [http-nio-8080-exec-5] TRACE org.hibernate.orm.jdbc.bind - binding parameter (3:UUID) <- [0c94bc99-a4ba-45ac-9eaa-c92128d8a5cb]
25-11-05 10:27:14.046 [http-nio-8080-exec-5] TRACE org.hibernate.orm.jdbc.bind - binding parameter (4:UUID) <- [2af3cbe2-8e5d-4a91-87cc-8bc210958a2b]
25-11-05 10:27:14.055 [http-nio-8080-exec-7] DEBUG org.hibernate.SQL - 
    select
        rs1_0.id,
        rs1_0.channel_id,
        rs1_0.created_at,
        rs1_0.last_read_at,
        rs1_0.updated_at,
        rs1_0.user_id 
    from
        read_statuses rs1_0 
    where
        rs1_0.user_id=?
25-11-05 10:27:14.057 [http-nio-8080-exec-7] TRACE org.hibernate.orm.jdbc.bind - binding parameter (1:UUID) <- [0c94bc99-a4ba-45ac-9eaa-c92128d8a5cb]
25-11-05 10:27:14.058 [http-nio-8080-exec-4] DEBUG org.hibernate.SQL - 
    select
        rs1_0.id,
        rs1_0.channel_id,
        rs1_0.created_at,
        rs1_0.last_read_at,
        rs1_0.updated_at,
        rs1_0.user_id 
    from
        read_statuses rs1_0 
    where
        rs1_0.user_id=?
25-11-05 10:27:14.058 [http-nio-8080-exec-4] TRACE org.hibernate.orm.jdbc.bind - binding parameter (1:UUID) <- [0c94bc99-a4ba-45ac-9eaa-c92128d8a5cb]
25-11-05 10:27:14.060 [http-nio-8080-exec-5] INFO  c.s.m.d.controller.UserController - 유저 상태 업데이트 성공: userId=0c94bc99-a4ba-45ac-9eaa-c92128d8a5cb, newLastActiveAt=2025-11-05T01:27:14.034Z
25-11-05 10:27:14.061 [http-nio-8080-exec-4] DEBUG org.hibernate.SQL - 
    select
        c1_0.id,
        c1_0.created_at,
        c1_0.description,
        c1_0.name,
        c1_0.type,
        c1_0.updated_at 
    from
        channels c1_0 
    where
        c1_0.type=? 
        or c1_0.id in (?, ?)
25-11-05 10:27:14.062 [http-nio-8080-exec-4] TRACE org.hibernate.orm.jdbc.bind - binding parameter (1:VARCHAR) <- [PUBLIC]
25-11-05 10:27:14.062 [http-nio-8080-exec-4] TRACE org.hibernate.orm.jdbc.bind - binding parameter (2:UUID) <- [83a5759b-95ff-499b-813b-3de24059a258]
25-11-05 10:27:14.062 [http-nio-8080-exec-4] TRACE org.hibernate.orm.jdbc.bind - binding parameter (3:UUID) <- [46ab906b-b6a4-42d1-9d31-22db5898e9ed]
25-11-05 10:27:14.066 [http-nio-8080-exec-4] DEBUG org.hibernate.SQL - 
    select
        m1_0.created_at 
    from
        messages m1_0 
    where
        m1_0.channel_id=? 
    order by
        m1_0.created_at desc 
    fetch
        first 1 rows only
25-11-05 10:27:14.067 [http-nio-8080-exec-4] TRACE org.hibernate.orm.jdbc.bind - binding parameter (1:UUID) <- [83a5759b-95ff-499b-813b-3de24059a258]
25-11-05 10:27:14.069 [http-nio-8080-exec-4] DEBUG org.hibernate.SQL - 
    select
        rs1_0.id,
        rs1_0.channel_id,
        rs1_0.created_at,
        rs1_0.last_read_at,
        rs1_0.updated_at,
        rs1_0.user_id,
        u1_0.id,
        u1_0.created_at,
        u1_0.email,
        u1_0.password,
        p1_0.id,
        p1_0.content_type,
        p1_0.created_at,
        p1_0.file_name,
        p1_0.size,
        s1_0.id,
        s1_0.created_at,
        s1_0.last_active_at,
        s1_0.updated_at,
        s1_0.user_id,
        u1_0.updated_at,
        u1_0.username 
    from
        read_statuses rs1_0 
    join
        users u1_0 
            on u1_0.id=rs1_0.user_id 
    join
        user_statuses s1_0 
            on u1_0.id=s1_0.user_id 
    left join
        binary_contents p1_0 
            on p1_0.id=u1_0.profile_id 
    where
        rs1_0.channel_id=?
25-11-05 10:27:14.070 [http-nio-8080-exec-4] TRACE org.hibernate.orm.jdbc.bind - binding parameter (1:UUID) <- [46ab906b-b6a4-42d1-9d31-22db5898e9ed]
25-11-05 10:27:14.074 [http-nio-8080-exec-4] DEBUG org.hibernate.SQL - 
    select
        m1_0.created_at 
    from
        messages m1_0 
    where
        m1_0.channel_id=? 
    order by
        m1_0.created_at desc 
    fetch
        first 1 rows only
25-11-05 10:27:14.074 [http-nio-8080-exec-4] TRACE org.hibernate.orm.jdbc.bind - binding parameter (1:UUID) <- [46ab906b-b6a4-42d1-9d31-22db5898e9ed]
25-11-05 10:27:14.085 [http-nio-8080-exec-2] DEBUG org.hibernate.SQL - 
    select
        rs1_0.id,
        rs1_0.channel_id,
        rs1_0.created_at,
        rs1_0.last_read_at,
        rs1_0.updated_at,
        rs1_0.user_id 
    from
        read_statuses rs1_0 
    where
        rs1_0.user_id=?
25-11-05 10:27:14.086 [http-nio-8080-exec-2] TRACE org.hibernate.orm.jdbc.bind - binding parameter (1:UUID) <- [0c94bc99-a4ba-45ac-9eaa-c92128d8a5cb]
25-11-05 10:27:18.046 [http-nio-8080-exec-6] DEBUG org.hibernate.SQL - 
    select
        rs1_0.id,
        rs1_0.channel_id,
        rs1_0.created_at,
        rs1_0.last_read_at,
        rs1_0.updated_at,
        rs1_0.user_id 
    from
        read_statuses rs1_0 
    where
        rs1_0.user_id=?
25-11-05 10:27:18.046 [http-nio-8080-exec-6] TRACE org.hibernate.orm.jdbc.bind - binding parameter (1:UUID) <- [0c94bc99-a4ba-45ac-9eaa-c92128d8a5cb]
25-11-05 10:27:18.049 [http-nio-8080-exec-6] DEBUG org.hibernate.SQL - 
    select
        c1_0.id,
        c1_0.created_at,
        c1_0.description,
        c1_0.name,
        c1_0.type,
        c1_0.updated_at 
    from
        channels c1_0 
    where
        c1_0.type=? 
        or c1_0.id in (?, ?)
25-11-05 10:27:18.049 [http-nio-8080-exec-6] TRACE org.hibernate.orm.jdbc.bind - binding parameter (1:VARCHAR) <- [PUBLIC]
25-11-05 10:27:18.050 [http-nio-8080-exec-6] TRACE org.hibernate.orm.jdbc.bind - binding parameter (2:UUID) <- [83a5759b-95ff-499b-813b-3de24059a258]
25-11-05 10:27:18.050 [http-nio-8080-exec-6] TRACE org.hibernate.orm.jdbc.bind - binding parameter (3:UUID) <- [46ab906b-b6a4-42d1-9d31-22db5898e9ed]
25-11-05 10:27:18.052 [http-nio-8080-exec-6] DEBUG org.hibernate.SQL - 
    select
        m1_0.created_at 
    from
        messages m1_0 
    where
        m1_0.channel_id=? 
    order by
        m1_0.created_at desc 
    fetch
        first 1 rows only
25-11-05 10:27:18.052 [http-nio-8080-exec-6] TRACE org.hibernate.orm.jdbc.bind - binding parameter (1:UUID) <- [83a5759b-95ff-499b-813b-3de24059a258]
25-11-05 10:27:18.055 [http-nio-8080-exec-6] DEBUG org.hibernate.SQL - 
    select
        rs1_0.id,
        rs1_0.channel_id,
        rs1_0.created_at,
        rs1_0.last_read_at,
        rs1_0.updated_at,
        rs1_0.user_id,
        u1_0.id,
        u1_0.created_at,
        u1_0.email,
        u1_0.password,
        p1_0.id,
        p1_0.content_type,
        p1_0.created_at,
        p1_0.file_name,
        p1_0.size,
        s1_0.id,
        s1_0.created_at,
        s1_0.last_active_at,
        s1_0.updated_at,
        s1_0.user_id,
        u1_0.updated_at,
        u1_0.username 
    from
        read_statuses rs1_0 
    join
        users u1_0 
            on u1_0.id=rs1_0.user_id 
    join
        user_statuses s1_0 
            on u1_0.id=s1_0.user_id 
    left join
        binary_contents p1_0 
            on p1_0.id=u1_0.profile_id 
    where
        rs1_0.channel_id=?
25-11-05 10:27:18.056 [http-nio-8080-exec-6] TRACE org.hibernate.orm.jdbc.bind - binding parameter (1:UUID) <- [46ab906b-b6a4-42d1-9d31-22db5898e9ed]
25-11-05 10:27:18.060 [http-nio-8080-exec-6] DEBUG org.hibernate.SQL - 
    select
        m1_0.created_at 
    from
        messages m1_0 
    where
        m1_0.channel_id=? 
    order by
        m1_0.created_at desc 
    fetch
        first 1 rows only
25-11-05 10:27:18.060 [http-nio-8080-exec-6] TRACE org.hibernate.orm.jdbc.bind - binding parameter (1:UUID) <- [46ab906b-b6a4-42d1-9d31-22db5898e9ed]
25-11-05 10:27:18.074 [http-nio-8080-exec-9] DEBUG org.hibernate.SQL - 
    select
        rs1_0.id,
        rs1_0.channel_id,
        rs1_0.created_at,
        rs1_0.last_read_at,
        rs1_0.updated_at,
        rs1_0.user_id 
    from
        read_statuses rs1_0 
    where
        rs1_0.user_id=?
25-11-05 10:27:18.076 [http-nio-8080-exec-9] TRACE org.hibernate.orm.jdbc.bind - binding parameter (1:UUID) <- [0c94bc99-a4ba-45ac-9eaa-c92128d8a5cb]
25-11-05 10:27:21.048 [http-nio-8080-exec-3] DEBUG org.hibernate.SQL - 
    select
        rs1_0.id,
        rs1_0.channel_id,
        rs1_0.created_at,
        rs1_0.last_read_at,
        rs1_0.updated_at,
        rs1_0.user_id 
    from
        read_statuses rs1_0 
    where
        rs1_0.user_id=?
25-11-05 10:27:21.048 [http-nio-8080-exec-3] TRACE org.hibernate.orm.jdbc.bind - binding parameter (1:UUID) <- [0c94bc99-a4ba-45ac-9eaa-c92128d8a5cb]
25-11-05 10:27:21.054 [http-nio-8080-exec-3] DEBUG org.hibernate.SQL - 
    select
        c1_0.id,
        c1_0.created_at,
        c1_0.description,
        c1_0.name,
        c1_0.type,
        c1_0.updated_at 
    from
        channels c1_0 
    where
        c1_0.type=? 
        or c1_0.id in (?, ?)
25-11-05 10:27:21.054 [http-nio-8080-exec-3] TRACE org.hibernate.orm.jdbc.bind - binding parameter (1:VARCHAR) <- [PUBLIC]
25-11-05 10:27:21.054 [http-nio-8080-exec-3] TRACE org.hibernate.orm.jdbc.bind - binding parameter (2:UUID) <- [83a5759b-95ff-499b-813b-3de24059a258]
25-11-05 10:27:21.054 [http-nio-8080-exec-3] TRACE org.hibernate.orm.jdbc.bind - binding parameter (3:UUID) <- [46ab906b-b6a4-42d1-9d31-22db5898e9ed]
25-11-05 10:27:21.057 [http-nio-8080-exec-3] DEBUG org.hibernate.SQL - 
    select
        m1_0.created_at 
    from
        messages m1_0 
    where
        m1_0.channel_id=? 
    order by
        m1_0.created_at desc 
    fetch
        first 1 rows only
25-11-05 10:27:21.057 [http-nio-8080-exec-3] TRACE org.hibernate.orm.jdbc.bind - binding parameter (1:UUID) <- [83a5759b-95ff-499b-813b-3de24059a258]
25-11-05 10:27:21.060 [http-nio-8080-exec-3] DEBUG org.hibernate.SQL - 
    select
        rs1_0.id,
        rs1_0.channel_id,
        rs1_0.created_at,
        rs1_0.last_read_at,
        rs1_0.updated_at,
        rs1_0.user_id,
        u1_0.id,
        u1_0.created_at,
        u1_0.email,
        u1_0.password,
        p1_0.id,
        p1_0.content_type,
        p1_0.created_at,
        p1_0.file_name,
        p1_0.size,
        s1_0.id,
        s1_0.created_at,
        s1_0.last_active_at,
        s1_0.updated_at,
        s1_0.user_id,
        u1_0.updated_at,
        u1_0.username 
    from
        read_statuses rs1_0 
    join
        users u1_0 
            on u1_0.id=rs1_0.user_id 
    join
        user_statuses s1_0 
            on u1_0.id=s1_0.user_id 
    left join
        binary_contents p1_0 
            on p1_0.id=u1_0.profile_id 
    where
        rs1_0.channel_id=?
25-11-05 10:27:21.060 [http-nio-8080-exec-3] TRACE org.hibernate.orm.jdbc.bind - binding parameter (1:UUID) <- [46ab906b-b6a4-42d1-9d31-22db5898e9ed]
25-11-05 10:27:21.063 [http-nio-8080-exec-3] DEBUG org.hibernate.SQL - 
    select
        m1_0.created_at 
    from
        messages m1_0 
    where
        m1_0.channel_id=? 
    order by
        m1_0.created_at desc 
    fetch
        first 1 rows only
25-11-05 10:27:21.063 [http-nio-8080-exec-3] TRACE org.hibernate.orm.jdbc.bind - binding parameter (1:UUID) <- [46ab906b-b6a4-42d1-9d31-22db5898e9ed]
25-11-05 10:27:21.075 [http-nio-8080-exec-1] DEBUG org.hibernate.SQL - 
    select
        rs1_0.id,
        rs1_0.channel_id,
        rs1_0.created_at,
        rs1_0.last_read_at,
        rs1_0.updated_at,
        rs1_0.user_id 
    from
        read_statuses rs1_0 
    where
        rs1_0.user_id=?
25-11-05 10:27:21.078 [http-nio-8080-exec-1] TRACE org.hibernate.orm.jdbc.bind - binding parameter (1:UUID) <- [0c94bc99-a4ba-45ac-9eaa-c92128d8a5cb]
25-11-05 10:27:24.044 [http-nio-8080-exec-10] DEBUG org.hibernate.SQL - 
    select
        rs1_0.id,
        rs1_0.channel_id,
        rs1_0.created_at,
        rs1_0.last_read_at,
        rs1_0.updated_at,
        rs1_0.user_id 
    from
        read_statuses rs1_0 
    where
        rs1_0.user_id=?
25-11-05 10:27:24.045 [http-nio-8080-exec-10] TRACE org.hibernate.orm.jdbc.bind - binding parameter (1:UUID) <- [0c94bc99-a4ba-45ac-9eaa-c92128d8a5cb]
25-11-05 10:27:24.049 [http-nio-8080-exec-10] DEBUG org.hibernate.SQL - 
    select
        c1_0.id,
        c1_0.created_at,
        c1_0.description,
        c1_0.name,
        c1_0.type,
        c1_0.updated_at 
    from
        channels c1_0 
    where
        c1_0.type=? 
        or c1_0.id in (?, ?)
25-11-05 10:27:24.049 [http-nio-8080-exec-10] TRACE org.hibernate.orm.jdbc.bind - binding parameter (1:VARCHAR) <- [PUBLIC]
25-11-05 10:27:24.049 [http-nio-8080-exec-10] TRACE org.hibernate.orm.jdbc.bind - binding parameter (2:UUID) <- [83a5759b-95ff-499b-813b-3de24059a258]
25-11-05 10:27:24.049 [http-nio-8080-exec-10] TRACE org.hibernate.orm.jdbc.bind - binding parameter (3:UUID) <- [46ab906b-b6a4-42d1-9d31-22db5898e9ed]
25-11-05 10:27:24.052 [http-nio-8080-exec-10] DEBUG org.hibernate.SQL - 
    select
        m1_0.created_at 
    from
        messages m1_0 
    where
        m1_0.channel_id=? 
    order by
        m1_0.created_at desc 
    fetch
        first 1 rows only
25-11-05 10:27:24.052 [http-nio-8080-exec-10] TRACE org.hibernate.orm.jdbc.bind - binding parameter (1:UUID) <- [83a5759b-95ff-499b-813b-3de24059a258]
25-11-05 10:27:24.055 [http-nio-8080-exec-10] DEBUG org.hibernate.SQL - 
    select
        rs1_0.id,
        rs1_0.channel_id,
        rs1_0.created_at,
        rs1_0.last_read_at,
        rs1_0.updated_at,
        rs1_0.user_id,
        u1_0.id,
        u1_0.created_at,
        u1_0.email,
        u1_0.password,
        p1_0.id,
        p1_0.content_type,
        p1_0.created_at,
        p1_0.file_name,
        p1_0.size,
        s1_0.id,
        s1_0.created_at,
        s1_0.last_active_at,
        s1_0.updated_at,
        s1_0.user_id,
        u1_0.updated_at,
        u1_0.username 
    from
        read_statuses rs1_0 
    join
        users u1_0 
            on u1_0.id=rs1_0.user_id 
    join
        user_statuses s1_0 
            on u1_0.id=s1_0.user_id 
    left join
        binary_contents p1_0 
            on p1_0.id=u1_0.profile_id 
    where
        rs1_0.channel_id=?
25-11-05 10:27:24.055 [http-nio-8080-exec-10] TRACE org.hibernate.orm.jdbc.bind - binding parameter (1:UUID) <- [46ab906b-b6a4-42d1-9d31-22db5898e9ed]
25-11-05 10:27:24.058 [http-nio-8080-exec-10] DEBUG org.hibernate.SQL - 
    select
        m1_0.created_at 
    from
        messages m1_0 
    where
        m1_0.channel_id=? 
    order by
        m1_0.created_at desc 
    fetch
        first 1 rows only
25-11-05 10:27:24.058 [http-nio-8080-exec-10] TRACE org.hibernate.orm.jdbc.bind - binding parameter (1:UUID) <- [46ab906b-b6a4-42d1-9d31-22db5898e9ed]
25-11-05 10:27:24.069 [http-nio-8080-exec-8] DEBUG org.hibernate.SQL - 
    select
        rs1_0.id,
        rs1_0.channel_id,
        rs1_0.created_at,
        rs1_0.last_read_at,
        rs1_0.updated_at,
        rs1_0.user_id 
    from
        read_statuses rs1_0 
    where
        rs1_0.user_id=?
25-11-05 10:27:24.072 [http-nio-8080-exec-8] TRACE org.hibernate.orm.jdbc.bind - binding parameter (1:UUID) <- [0c94bc99-a4ba-45ac-9eaa-c92128d8a5cb]
25-11-05 10:27:27.049 [http-nio-8080-exec-7] DEBUG org.hibernate.SQL - 
    select
        rs1_0.id,
        rs1_0.channel_id,
        rs1_0.created_at,
        rs1_0.last_read_at,
        rs1_0.updated_at,
        rs1_0.user_id 
    from
        read_statuses rs1_0 
    where
        rs1_0.user_id=?
25-11-05 10:27:27.050 [http-nio-8080-exec-7] TRACE org.hibernate.orm.jdbc.bind - binding parameter (1:UUID) <- [0c94bc99-a4ba-45ac-9eaa-c92128d8a5cb]
25-11-05 10:27:27.053 [http-nio-8080-exec-7] DEBUG org.hibernate.SQL - 
    select
        c1_0.id,
        c1_0.created_at,
        c1_0.description,
        c1_0.name,
        c1_0.type,
        c1_0.updated_at 
    from
        channels c1_0 
    where
        c1_0.type=? 
        or c1_0.id in (?, ?)
25-11-05 10:27:27.053 [http-nio-8080-exec-7] TRACE org.hibernate.orm.jdbc.bind - binding parameter (1:VARCHAR) <- [PUBLIC]
25-11-05 10:27:27.053 [http-nio-8080-exec-7] TRACE org.hibernate.orm.jdbc.bind - binding parameter (2:UUID) <- [83a5759b-95ff-499b-813b-3de24059a258]
25-11-05 10:27:27.053 [http-nio-8080-exec-7] TRACE org.hibernate.orm.jdbc.bind - binding parameter (3:UUID) <- [46ab906b-b6a4-42d1-9d31-22db5898e9ed]
25-11-05 10:27:27.056 [http-nio-8080-exec-7] DEBUG org.hibernate.SQL - 
    select
        m1_0.created_at 
    from
        messages m1_0 
    where
        m1_0.channel_id=? 
    order by
        m1_0.created_at desc 
    fetch
        first 1 rows only
25-11-05 10:27:27.056 [http-nio-8080-exec-7] TRACE org.hibernate.orm.jdbc.bind - binding parameter (1:UUID) <- [83a5759b-95ff-499b-813b-3de24059a258]
25-11-05 10:27:27.059 [http-nio-8080-exec-7] DEBUG org.hibernate.SQL - 
    select
        rs1_0.id,
        rs1_0.channel_id,
        rs1_0.created_at,
        rs1_0.last_read_at,
        rs1_0.updated_at,
        rs1_0.user_id,
        u1_0.id,
        u1_0.created_at,
        u1_0.email,
        u1_0.password,
        p1_0.id,
        p1_0.content_type,
        p1_0.created_at,
        p1_0.file_name,
        p1_0.size,
        s1_0.id,
        s1_0.created_at,
        s1_0.last_active_at,
        s1_0.updated_at,
        s1_0.user_id,
        u1_0.updated_at,
        u1_0.username 
    from
        read_statuses rs1_0 
    join
        users u1_0 
            on u1_0.id=rs1_0.user_id 
    join
        user_statuses s1_0 
            on u1_0.id=s1_0.user_id 
    left join
        binary_contents p1_0 
            on p1_0.id=u1_0.profile_id 
    where
        rs1_0.channel_id=?
25-11-05 10:27:27.059 [http-nio-8080-exec-7] TRACE org.hibernate.orm.jdbc.bind - binding parameter (1:UUID) <- [46ab906b-b6a4-42d1-9d31-22db5898e9ed]
25-11-05 10:27:27.063 [http-nio-8080-exec-7] DEBUG org.hibernate.SQL - 
    select
        m1_0.created_at 
    from
        messages m1_0 
    where
        m1_0.channel_id=? 
    order by
        m1_0.created_at desc 
    fetch
        first 1 rows only
25-11-05 10:27:27.064 [http-nio-8080-exec-7] TRACE org.hibernate.orm.jdbc.bind - binding parameter (1:UUID) <- [46ab906b-b6a4-42d1-9d31-22db5898e9ed]
25-11-05 10:27:27.076 [http-nio-8080-exec-5] DEBUG org.hibernate.SQL - 
    select
        rs1_0.id,
        rs1_0.channel_id,
        rs1_0.created_at,
        rs1_0.last_read_at,
        rs1_0.updated_at,
        rs1_0.user_id 
    from
        read_statuses rs1_0 
    where
        rs1_0.user_id=?
25-11-05 10:27:27.079 [http-nio-8080-exec-5] TRACE org.hibernate.orm.jdbc.bind - binding parameter (1:UUID) <- [0c94bc99-a4ba-45ac-9eaa-c92128d8a5cb]
25-11-05 10:27:30.049 [http-nio-8080-exec-4] DEBUG org.hibernate.SQL - 
    select
        rs1_0.id,
        rs1_0.channel_id,
        rs1_0.created_at,
        rs1_0.last_read_at,
        rs1_0.updated_at,
        rs1_0.user_id 
    from
        read_statuses rs1_0 
    where
        rs1_0.user_id=?
25-11-05 10:27:30.049 [http-nio-8080-exec-4] TRACE org.hibernate.orm.jdbc.bind - binding parameter (1:UUID) <- [0c94bc99-a4ba-45ac-9eaa-c92128d8a5cb]
25-11-05 10:27:30.052 [http-nio-8080-exec-4] DEBUG org.hibernate.SQL - 
    select
        c1_0.id,
        c1_0.created_at,
        c1_0.description,
        c1_0.name,
        c1_0.type,
        c1_0.updated_at 
    from
        channels c1_0 
    where
        c1_0.type=? 
        or c1_0.id in (?, ?)
25-11-05 10:27:30.052 [http-nio-8080-exec-4] TRACE org.hibernate.orm.jdbc.bind - binding parameter (1:VARCHAR) <- [PUBLIC]
25-11-05 10:27:30.052 [http-nio-8080-exec-4] TRACE org.hibernate.orm.jdbc.bind - binding parameter (2:UUID) <- [83a5759b-95ff-499b-813b-3de24059a258]
25-11-05 10:27:30.052 [http-nio-8080-exec-4] TRACE org.hibernate.orm.jdbc.bind - binding parameter (3:UUID) <- [46ab906b-b6a4-42d1-9d31-22db5898e9ed]
25-11-05 10:27:30.055 [http-nio-8080-exec-4] DEBUG org.hibernate.SQL - 
    select
        m1_0.created_at 
    from
        messages m1_0 
    where
        m1_0.channel_id=? 
    order by
        m1_0.created_at desc 
    fetch
        first 1 rows only
25-11-05 10:27:30.056 [http-nio-8080-exec-4] TRACE org.hibernate.orm.jdbc.bind - binding parameter (1:UUID) <- [83a5759b-95ff-499b-813b-3de24059a258]
25-11-05 10:27:30.059 [http-nio-8080-exec-4] DEBUG org.hibernate.SQL - 
    select
        rs1_0.id,
        rs1_0.channel_id,
        rs1_0.created_at,
        rs1_0.last_read_at,
        rs1_0.updated_at,
        rs1_0.user_id,
        u1_0.id,
        u1_0.created_at,
        u1_0.email,
        u1_0.password,
        p1_0.id,
        p1_0.content_type,
        p1_0.created_at,
        p1_0.file_name,
        p1_0.size,
        s1_0.id,
        s1_0.created_at,
        s1_0.last_active_at,
        s1_0.updated_at,
        s1_0.user_id,
        u1_0.updated_at,
        u1_0.username 
    from
        read_statuses rs1_0 
    join
        users u1_0 
            on u1_0.id=rs1_0.user_id 
    join
        user_statuses s1_0 
            on u1_0.id=s1_0.user_id 
    left join
        binary_contents p1_0 
            on p1_0.id=u1_0.profile_id 
    where
        rs1_0.channel_id=?
25-11-05 10:27:30.060 [http-nio-8080-exec-4] TRACE org.hibernate.orm.jdbc.bind - binding parameter (1:UUID) <- [46ab906b-b6a4-42d1-9d31-22db5898e9ed]
25-11-05 10:27:30.065 [http-nio-8080-exec-4] DEBUG org.hibernate.SQL - 
    select
        m1_0.created_at 
    from
        messages m1_0 
    where
        m1_0.channel_id=? 
    order by
        m1_0.created_at desc 
    fetch
        first 1 rows only
25-11-05 10:27:30.066 [http-nio-8080-exec-4] TRACE org.hibernate.orm.jdbc.bind - binding parameter (1:UUID) <- [46ab906b-b6a4-42d1-9d31-22db5898e9ed]
25-11-05 10:27:30.083 [http-nio-8080-exec-2] DEBUG org.hibernate.SQL - 
    select
        rs1_0.id,
        rs1_0.channel_id,
        rs1_0.created_at,
        rs1_0.last_read_at,
        rs1_0.updated_at,
        rs1_0.user_id 
    from
        read_statuses rs1_0 
    where
        rs1_0.user_id=?
25-11-05 10:27:30.085 [http-nio-8080-exec-2] TRACE org.hibernate.orm.jdbc.bind - binding parameter (1:UUID) <- [0c94bc99-a4ba-45ac-9eaa-c92128d8a5cb]
25-11-05 10:27:33.051 [http-nio-8080-exec-6] DEBUG org.hibernate.SQL - 
    select
        rs1_0.id,
        rs1_0.channel_id,
        rs1_0.created_at,
        rs1_0.last_read_at,
        rs1_0.updated_at,
        rs1_0.user_id 
    from
        read_statuses rs1_0 
    where
        rs1_0.user_id=?
25-11-05 10:27:33.051 [http-nio-8080-exec-6] TRACE org.hibernate.orm.jdbc.bind - binding parameter (1:UUID) <- [0c94bc99-a4ba-45ac-9eaa-c92128d8a5cb]
25-11-05 10:27:33.054 [http-nio-8080-exec-6] DEBUG org.hibernate.SQL - 
    select
        c1_0.id,
        c1_0.created_at,
        c1_0.description,
        c1_0.name,
        c1_0.type,
        c1_0.updated_at 
    from
        channels c1_0 
    where
        c1_0.type=? 
        or c1_0.id in (?, ?)
25-11-05 10:27:33.054 [http-nio-8080-exec-6] TRACE org.hibernate.orm.jdbc.bind - binding parameter (1:VARCHAR) <- [PUBLIC]
25-11-05 10:27:33.054 [http-nio-8080-exec-6] TRACE org.hibernate.orm.jdbc.bind - binding parameter (2:UUID) <- [83a5759b-95ff-499b-813b-3de24059a258]
25-11-05 10:27:33.054 [http-nio-8080-exec-6] TRACE org.hibernate.orm.jdbc.bind - binding parameter (3:UUID) <- [46ab906b-b6a4-42d1-9d31-22db5898e9ed]
25-11-05 10:27:33.057 [http-nio-8080-exec-6] DEBUG org.hibernate.SQL - 
    select
        m1_0.created_at 
    from
        messages m1_0 
    where
        m1_0.channel_id=? 
    order by
        m1_0.created_at desc 
    fetch
        first 1 rows only
25-11-05 10:27:33.057 [http-nio-8080-exec-6] TRACE org.hibernate.orm.jdbc.bind - binding parameter (1:UUID) <- [83a5759b-95ff-499b-813b-3de24059a258]
25-11-05 10:27:33.059 [http-nio-8080-exec-6] DEBUG org.hibernate.SQL - 
    select
        rs1_0.id,
        rs1_0.channel_id,
        rs1_0.created_at,
        rs1_0.last_read_at,
        rs1_0.updated_at,
        rs1_0.user_id,
        u1_0.id,
        u1_0.created_at,
        u1_0.email,
        u1_0.password,
        p1_0.id,
        p1_0.content_type,
        p1_0.created_at,
        p1_0.file_name,
        p1_0.size,
        s1_0.id,
        s1_0.created_at,
        s1_0.last_active_at,
        s1_0.updated_at,
        s1_0.user_id,
        u1_0.updated_at,
        u1_0.username 
    from
        read_statuses rs1_0 
    join
        users u1_0 
            on u1_0.id=rs1_0.user_id 
    join
        user_statuses s1_0 
            on u1_0.id=s1_0.user_id 
    left join
        binary_contents p1_0 
            on p1_0.id=u1_0.profile_id 
    where
        rs1_0.channel_id=?
25-11-05 10:27:33.060 [http-nio-8080-exec-6] TRACE org.hibernate.orm.jdbc.bind - binding parameter (1:UUID) <- [46ab906b-b6a4-42d1-9d31-22db5898e9ed]
25-11-05 10:27:33.063 [http-nio-8080-exec-6] DEBUG org.hibernate.SQL - 
    select
        m1_0.created_at 
    from
        messages m1_0 
    where
        m1_0.channel_id=? 
    order by
        m1_0.created_at desc 
    fetch
        first 1 rows only
25-11-05 10:27:33.063 [http-nio-8080-exec-6] TRACE org.hibernate.orm.jdbc.bind - binding parameter (1:UUID) <- [46ab906b-b6a4-42d1-9d31-22db5898e9ed]
25-11-05 10:27:33.073 [http-nio-8080-exec-9] DEBUG org.hibernate.SQL - 
    select
        rs1_0.id,
        rs1_0.channel_id,
        rs1_0.created_at,
        rs1_0.last_read_at,
        rs1_0.updated_at,
        rs1_0.user_id 
    from
        read_statuses rs1_0 
    where
        rs1_0.user_id=?
25-11-05 10:27:33.075 [http-nio-8080-exec-9] TRACE org.hibernate.orm.jdbc.bind - binding parameter (1:UUID) <- [0c94bc99-a4ba-45ac-9eaa-c92128d8a5cb]
25-11-05 10:27:46.050 [http-nio-8080-exec-3] INFO  c.s.m.d.controller.UserController - 유저 상태 업데이트 요청 수신: userId=0c94bc99-a4ba-45ac-9eaa-c92128d8a5cb, newLastActiveAt=2025-11-05T01:27:46.044Z
25-11-05 10:27:46.053 [http-nio-8080-exec-1] DEBUG org.hibernate.SQL - 
    select
        rs1_0.id,
        rs1_0.channel_id,
        rs1_0.created_at,
        rs1_0.last_read_at,
        rs1_0.updated_at,
        rs1_0.user_id 
    from
        read_statuses rs1_0 
    where
        rs1_0.user_id=?
25-11-05 10:27:46.053 [http-nio-8080-exec-1] TRACE org.hibernate.orm.jdbc.bind - binding parameter (1:UUID) <- [0c94bc99-a4ba-45ac-9eaa-c92128d8a5cb]
25-11-05 10:27:46.054 [http-nio-8080-exec-3] DEBUG org.hibernate.SQL - 
    select
        us1_0.id,
        us1_0.created_at,
        us1_0.last_active_at,
        us1_0.updated_at,
        us1_0.user_id 
    from
        user_statuses us1_0 
    where
        us1_0.user_id=?
25-11-05 10:27:46.054 [http-nio-8080-exec-3] TRACE org.hibernate.orm.jdbc.bind - binding parameter (1:UUID) <- [0c94bc99-a4ba-45ac-9eaa-c92128d8a5cb]
25-11-05 10:27:46.057 [http-nio-8080-exec-3] DEBUG org.hibernate.SQL - 
    update
        user_statuses 
    set
        last_active_at=?,
        updated_at=?,
        user_id=? 
    where
        id=?
25-11-05 10:27:46.058 [http-nio-8080-exec-3] TRACE org.hibernate.orm.jdbc.bind - binding parameter (1:TIMESTAMP_UTC) <- [2025-11-05T01:27:46.044Z]
25-11-05 10:27:46.058 [http-nio-8080-exec-1] DEBUG org.hibernate.SQL - 
    select
        c1_0.id,
        c1_0.created_at,
        c1_0.description,
        c1_0.name,
        c1_0.type,
        c1_0.updated_at 
    from
        channels c1_0 
    where
        c1_0.type=? 
        or c1_0.id in (?, ?)
25-11-05 10:27:46.058 [http-nio-8080-exec-3] TRACE org.hibernate.orm.jdbc.bind - binding parameter (2:TIMESTAMP_UTC) <- [2025-11-05T01:27:46.057418Z]
25-11-05 10:27:46.058 [http-nio-8080-exec-1] TRACE org.hibernate.orm.jdbc.bind - binding parameter (1:VARCHAR) <- [PUBLIC]
25-11-05 10:27:46.058 [http-nio-8080-exec-3] TRACE org.hibernate.orm.jdbc.bind - binding parameter (3:UUID) <- [0c94bc99-a4ba-45ac-9eaa-c92128d8a5cb]
25-11-05 10:27:46.058 [http-nio-8080-exec-3] TRACE org.hibernate.orm.jdbc.bind - binding parameter (4:UUID) <- [2af3cbe2-8e5d-4a91-87cc-8bc210958a2b]
25-11-05 10:27:46.058 [http-nio-8080-exec-1] TRACE org.hibernate.orm.jdbc.bind - binding parameter (2:UUID) <- [83a5759b-95ff-499b-813b-3de24059a258]
25-11-05 10:27:46.059 [http-nio-8080-exec-1] TRACE org.hibernate.orm.jdbc.bind - binding parameter (3:UUID) <- [46ab906b-b6a4-42d1-9d31-22db5898e9ed]
25-11-05 10:27:46.063 [http-nio-8080-exec-1] DEBUG org.hibernate.SQL - 
    select
        m1_0.created_at 
    from
        messages m1_0 
    where
        m1_0.channel_id=? 
    order by
        m1_0.created_at desc 
    fetch
        first 1 rows only
25-11-05 10:27:46.063 [http-nio-8080-exec-1] TRACE org.hibernate.orm.jdbc.bind - binding parameter (1:UUID) <- [83a5759b-95ff-499b-813b-3de24059a258]
25-11-05 10:27:46.066 [http-nio-8080-exec-1] DEBUG org.hibernate.SQL - 
    select
        rs1_0.id,
        rs1_0.channel_id,
        rs1_0.created_at,
        rs1_0.last_read_at,
        rs1_0.updated_at,
        rs1_0.user_id,
        u1_0.id,
        u1_0.created_at,
        u1_0.email,
        u1_0.password,
        p1_0.id,
        p1_0.content_type,
        p1_0.created_at,
        p1_0.file_name,
        p1_0.size,
        s1_0.id,
        s1_0.created_at,
        s1_0.last_active_at,
        s1_0.updated_at,
        s1_0.user_id,
        u1_0.updated_at,
        u1_0.username 
    from
        read_statuses rs1_0 
    join
        users u1_0 
            on u1_0.id=rs1_0.user_id 
    join
        user_statuses s1_0 
            on u1_0.id=s1_0.user_id 
    left join
        binary_contents p1_0 
            on p1_0.id=u1_0.profile_id 
    where
        rs1_0.channel_id=?
25-11-05 10:27:46.066 [http-nio-8080-exec-1] TRACE org.hibernate.orm.jdbc.bind - binding parameter (1:UUID) <- [46ab906b-b6a4-42d1-9d31-22db5898e9ed]
25-11-05 10:27:46.066 [http-nio-8080-exec-3] INFO  c.s.m.d.controller.UserController - 유저 상태 업데이트 성공: userId=0c94bc99-a4ba-45ac-9eaa-c92128d8a5cb, newLastActiveAt=2025-11-05T01:27:46.044Z
25-11-05 10:27:46.070 [http-nio-8080-exec-1] DEBUG org.hibernate.SQL - 
    select
        m1_0.created_at 
    from
        messages m1_0 
    where
        m1_0.channel_id=? 
    order by
        m1_0.created_at desc 
    fetch
        first 1 rows only
25-11-05 10:27:46.070 [http-nio-8080-exec-1] TRACE org.hibernate.orm.jdbc.bind - binding parameter (1:UUID) <- [46ab906b-b6a4-42d1-9d31-22db5898e9ed]
25-11-05 10:27:46.086 [http-nio-8080-exec-10] DEBUG org.hibernate.SQL - 
    select
        rs1_0.id,
        rs1_0.channel_id,
        rs1_0.created_at,
        rs1_0.last_read_at,
        rs1_0.updated_at,
        rs1_0.user_id 
    from
        read_statuses rs1_0 
    where
        rs1_0.user_id=?
25-11-05 10:27:46.088 [http-nio-8080-exec-10] TRACE org.hibernate.orm.jdbc.bind - binding parameter (1:UUID) <- [0c94bc99-a4ba-45ac-9eaa-c92128d8a5cb]
25-11-05 10:27:49.803 [http-nio-8080-exec-8] DEBUG org.hibernate.SQL - 
    select
        rs1_0.id,
        rs1_0.channel_id,
        rs1_0.created_at,
        rs1_0.last_read_at,
        rs1_0.updated_at,
        rs1_0.user_id 
    from
        read_statuses rs1_0 
    where
        rs1_0.user_id=?
25-11-05 10:27:49.803 [http-nio-8080-exec-8] TRACE org.hibernate.orm.jdbc.bind - binding parameter (1:UUID) <- [0c94bc99-a4ba-45ac-9eaa-c92128d8a5cb]
25-11-05 10:27:49.808 [http-nio-8080-exec-8] DEBUG org.hibernate.SQL - 
    select
        c1_0.id,
        c1_0.created_at,
        c1_0.description,
        c1_0.name,
        c1_0.type,
        c1_0.updated_at 
    from
        channels c1_0 
    where
        c1_0.type=? 
        or c1_0.id in (?, ?)
25-11-05 10:27:49.808 [http-nio-8080-exec-8] TRACE org.hibernate.orm.jdbc.bind - binding parameter (1:VARCHAR) <- [PUBLIC]
25-11-05 10:27:49.808 [http-nio-8080-exec-8] TRACE org.hibernate.orm.jdbc.bind - binding parameter (2:UUID) <- [83a5759b-95ff-499b-813b-3de24059a258]
25-11-05 10:27:49.808 [http-nio-8080-exec-8] TRACE org.hibernate.orm.jdbc.bind - binding parameter (3:UUID) <- [46ab906b-b6a4-42d1-9d31-22db5898e9ed]
25-11-05 10:27:49.811 [http-nio-8080-exec-8] DEBUG org.hibernate.SQL - 
    select
        m1_0.created_at 
    from
        messages m1_0 
    where
        m1_0.channel_id=? 
    order by
        m1_0.created_at desc 
    fetch
        first 1 rows only
25-11-05 10:27:49.812 [http-nio-8080-exec-8] TRACE org.hibernate.orm.jdbc.bind - binding parameter (1:UUID) <- [83a5759b-95ff-499b-813b-3de24059a258]
25-11-05 10:27:49.815 [http-nio-8080-exec-8] DEBUG org.hibernate.SQL - 
    select
        rs1_0.id,
        rs1_0.channel_id,
        rs1_0.created_at,
        rs1_0.last_read_at,
        rs1_0.updated_at,
        rs1_0.user_id,
        u1_0.id,
        u1_0.created_at,
        u1_0.email,
        u1_0.password,
        p1_0.id,
        p1_0.content_type,
        p1_0.created_at,
        p1_0.file_name,
        p1_0.size,
        s1_0.id,
        s1_0.created_at,
        s1_0.last_active_at,
        s1_0.updated_at,
        s1_0.user_id,
        u1_0.updated_at,
        u1_0.username 
    from
        read_statuses rs1_0 
    join
        users u1_0 
            on u1_0.id=rs1_0.user_id 
    join
        user_statuses s1_0 
            on u1_0.id=s1_0.user_id 
    left join
        binary_contents p1_0 
            on p1_0.id=u1_0.profile_id 
    where
        rs1_0.channel_id=?
25-11-05 10:27:49.816 [http-nio-8080-exec-8] TRACE org.hibernate.orm.jdbc.bind - binding parameter (1:UUID) <- [46ab906b-b6a4-42d1-9d31-22db5898e9ed]
25-11-05 10:27:49.822 [http-nio-8080-exec-8] DEBUG org.hibernate.SQL - 
    select
        m1_0.created_at 
    from
        messages m1_0 
    where
        m1_0.channel_id=? 
    order by
        m1_0.created_at desc 
    fetch
        first 1 rows only
25-11-05 10:27:49.822 [http-nio-8080-exec-8] TRACE org.hibernate.orm.jdbc.bind - binding parameter (1:UUID) <- [46ab906b-b6a4-42d1-9d31-22db5898e9ed]
25-11-05 10:27:49.838 [http-nio-8080-exec-7] DEBUG org.hibernate.SQL - 
    select
        rs1_0.id,
        rs1_0.channel_id,
        rs1_0.created_at,
        rs1_0.last_read_at,
        rs1_0.updated_at,
        rs1_0.user_id 
    from
        read_statuses rs1_0 
    where
        rs1_0.user_id=?
25-11-05 10:27:49.841 [http-nio-8080-exec-7] TRACE org.hibernate.orm.jdbc.bind - binding parameter (1:UUID) <- [0c94bc99-a4ba-45ac-9eaa-c92128d8a5cb]
25-11-05 10:27:50.067 [http-nio-8080-exec-5] DEBUG org.hibernate.SQL - 
    select
        rs1_0.id,
        rs1_0.channel_id,
        rs1_0.created_at,
        rs1_0.last_read_at,
        rs1_0.updated_at,
        rs1_0.user_id 
    from
        read_statuses rs1_0 
    where
        rs1_0.user_id=?
25-11-05 10:27:50.067 [http-nio-8080-exec-5] TRACE org.hibernate.orm.jdbc.bind - binding parameter (1:UUID) <- [0c94bc99-a4ba-45ac-9eaa-c92128d8a5cb]
25-11-05 10:27:50.072 [http-nio-8080-exec-5] DEBUG org.hibernate.SQL - 
    select
        c1_0.id,
        c1_0.created_at,
        c1_0.description,
        c1_0.name,
        c1_0.type,
        c1_0.updated_at 
    from
        channels c1_0 
    where
        c1_0.type=? 
        or c1_0.id in (?, ?)
25-11-05 10:27:50.072 [http-nio-8080-exec-5] TRACE org.hibernate.orm.jdbc.bind - binding parameter (1:VARCHAR) <- [PUBLIC]
25-11-05 10:27:50.072 [http-nio-8080-exec-5] TRACE org.hibernate.orm.jdbc.bind - binding parameter (2:UUID) <- [83a5759b-95ff-499b-813b-3de24059a258]
25-11-05 10:27:50.072 [http-nio-8080-exec-5] TRACE org.hibernate.orm.jdbc.bind - binding parameter (3:UUID) <- [46ab906b-b6a4-42d1-9d31-22db5898e9ed]
25-11-05 10:27:50.075 [http-nio-8080-exec-5] DEBUG org.hibernate.SQL - 
    select
        m1_0.created_at 
    from
        messages m1_0 
    where
        m1_0.channel_id=? 
    order by
        m1_0.created_at desc 
    fetch
        first 1 rows only
25-11-05 10:27:50.075 [http-nio-8080-exec-5] TRACE org.hibernate.orm.jdbc.bind - binding parameter (1:UUID) <- [83a5759b-95ff-499b-813b-3de24059a258]
25-11-05 10:27:50.077 [http-nio-8080-exec-5] DEBUG org.hibernate.SQL - 
    select
        rs1_0.id,
        rs1_0.channel_id,
        rs1_0.created_at,
        rs1_0.last_read_at,
        rs1_0.updated_at,
        rs1_0.user_id,
        u1_0.id,
        u1_0.created_at,
        u1_0.email,
        u1_0.password,
        p1_0.id,
        p1_0.content_type,
        p1_0.created_at,
        p1_0.file_name,
        p1_0.size,
        s1_0.id,
        s1_0.created_at,
        s1_0.last_active_at,
        s1_0.updated_at,
        s1_0.user_id,
        u1_0.updated_at,
        u1_0.username 
    from
        read_statuses rs1_0 
    join
        users u1_0 
            on u1_0.id=rs1_0.user_id 
    join
        user_statuses s1_0 
            on u1_0.id=s1_0.user_id 
    left join
        binary_contents p1_0 
            on p1_0.id=u1_0.profile_id 
    where
        rs1_0.channel_id=?
25-11-05 10:27:50.077 [http-nio-8080-exec-5] TRACE org.hibernate.orm.jdbc.bind - binding parameter (1:UUID) <- [46ab906b-b6a4-42d1-9d31-22db5898e9ed]
25-11-05 10:27:50.080 [http-nio-8080-exec-5] DEBUG org.hibernate.SQL - 
    select
        m1_0.created_at 
    from
        messages m1_0 
    where
        m1_0.channel_id=? 
    order by
        m1_0.created_at desc 
    fetch
        first 1 rows only
25-11-05 10:27:50.080 [http-nio-8080-exec-5] TRACE org.hibernate.orm.jdbc.bind - binding parameter (1:UUID) <- [46ab906b-b6a4-42d1-9d31-22db5898e9ed]
25-11-05 10:27:50.092 [http-nio-8080-exec-4] DEBUG org.hibernate.SQL - 
    select
        rs1_0.id,
        rs1_0.channel_id,
        rs1_0.created_at,
        rs1_0.last_read_at,
        rs1_0.updated_at,
        rs1_0.user_id 
    from
        read_statuses rs1_0 
    where
        rs1_0.user_id=?
25-11-05 10:27:50.093 [http-nio-8080-exec-4] TRACE org.hibernate.orm.jdbc.bind - binding parameter (1:UUID) <- [0c94bc99-a4ba-45ac-9eaa-c92128d8a5cb]
25-11-05 10:27:53.070 [http-nio-8080-exec-2] DEBUG org.hibernate.SQL - 
    select
        rs1_0.id,
        rs1_0.channel_id,
        rs1_0.created_at,
        rs1_0.last_read_at,
        rs1_0.updated_at,
        rs1_0.user_id 
    from
        read_statuses rs1_0 
    where
        rs1_0.user_id=?
25-11-05 10:27:53.071 [http-nio-8080-exec-2] TRACE org.hibernate.orm.jdbc.bind - binding parameter (1:UUID) <- [0c94bc99-a4ba-45ac-9eaa-c92128d8a5cb]
25-11-05 10:27:53.074 [http-nio-8080-exec-2] DEBUG org.hibernate.SQL - 
    select
        c1_0.id,
        c1_0.created_at,
        c1_0.description,
        c1_0.name,
        c1_0.type,
        c1_0.updated_at 
    from
        channels c1_0 
    where
        c1_0.type=? 
        or c1_0.id in (?, ?)
25-11-05 10:27:53.074 [http-nio-8080-exec-2] TRACE org.hibernate.orm.jdbc.bind - binding parameter (1:VARCHAR) <- [PUBLIC]
25-11-05 10:27:53.074 [http-nio-8080-exec-2] TRACE org.hibernate.orm.jdbc.bind - binding parameter (2:UUID) <- [83a5759b-95ff-499b-813b-3de24059a258]
25-11-05 10:27:53.074 [http-nio-8080-exec-2] TRACE org.hibernate.orm.jdbc.bind - binding parameter (3:UUID) <- [46ab906b-b6a4-42d1-9d31-22db5898e9ed]
25-11-05 10:27:53.078 [http-nio-8080-exec-2] DEBUG org.hibernate.SQL - 
    select
        m1_0.created_at 
    from
        messages m1_0 
    where
        m1_0.channel_id=? 
    order by
        m1_0.created_at desc 
    fetch
        first 1 rows only
25-11-05 10:27:53.078 [http-nio-8080-exec-2] TRACE org.hibernate.orm.jdbc.bind - binding parameter (1:UUID) <- [83a5759b-95ff-499b-813b-3de24059a258]
25-11-05 10:27:53.080 [http-nio-8080-exec-2] DEBUG org.hibernate.SQL - 
    select
        rs1_0.id,
        rs1_0.channel_id,
        rs1_0.created_at,
        rs1_0.last_read_at,
        rs1_0.updated_at,
        rs1_0.user_id,
        u1_0.id,
        u1_0.created_at,
        u1_0.email,
        u1_0.password,
        p1_0.id,
        p1_0.content_type,
        p1_0.created_at,
        p1_0.file_name,
        p1_0.size,
        s1_0.id,
        s1_0.created_at,
        s1_0.last_active_at,
        s1_0.updated_at,
        s1_0.user_id,
        u1_0.updated_at,
        u1_0.username 
    from
        read_statuses rs1_0 
    join
        users u1_0 
            on u1_0.id=rs1_0.user_id 
    join
        user_statuses s1_0 
            on u1_0.id=s1_0.user_id 
    left join
        binary_contents p1_0 
            on p1_0.id=u1_0.profile_id 
    where
        rs1_0.channel_id=?
25-11-05 10:27:53.081 [http-nio-8080-exec-2] TRACE org.hibernate.orm.jdbc.bind - binding parameter (1:UUID) <- [46ab906b-b6a4-42d1-9d31-22db5898e9ed]
25-11-05 10:27:53.084 [http-nio-8080-exec-2] DEBUG org.hibernate.SQL - 
    select
        m1_0.created_at 
    from
        messages m1_0 
    where
        m1_0.channel_id=? 
    order by
        m1_0.created_at desc 
    fetch
        first 1 rows only
25-11-05 10:27:53.084 [http-nio-8080-exec-2] TRACE org.hibernate.orm.jdbc.bind - binding parameter (1:UUID) <- [46ab906b-b6a4-42d1-9d31-22db5898e9ed]
25-11-05 10:27:53.097 [http-nio-8080-exec-6] DEBUG org.hibernate.SQL - 
    select
        rs1_0.id,
        rs1_0.channel_id,
        rs1_0.created_at,
        rs1_0.last_read_at,
        rs1_0.updated_at,
        rs1_0.user_id 
    from
        read_statuses rs1_0 
    where
        rs1_0.user_id=?
25-11-05 10:27:53.100 [http-nio-8080-exec-6] TRACE org.hibernate.orm.jdbc.bind - binding parameter (1:UUID) <- [0c94bc99-a4ba-45ac-9eaa-c92128d8a5cb]
25-11-05 10:27:56.070 [http-nio-8080-exec-9] DEBUG org.hibernate.SQL - 
    select
        rs1_0.id,
        rs1_0.channel_id,
        rs1_0.created_at,
        rs1_0.last_read_at,
        rs1_0.updated_at,
        rs1_0.user_id 
    from
        read_statuses rs1_0 
    where
        rs1_0.user_id=?
25-11-05 10:27:56.070 [http-nio-8080-exec-9] TRACE org.hibernate.orm.jdbc.bind - binding parameter (1:UUID) <- [0c94bc99-a4ba-45ac-9eaa-c92128d8a5cb]
25-11-05 10:27:56.074 [http-nio-8080-exec-9] DEBUG org.hibernate.SQL - 
    select
        c1_0.id,
        c1_0.created_at,
        c1_0.description,
        c1_0.name,
        c1_0.type,
        c1_0.updated_at 
    from
        channels c1_0 
    where
        c1_0.type=? 
        or c1_0.id in (?, ?)
25-11-05 10:27:56.074 [http-nio-8080-exec-9] TRACE org.hibernate.orm.jdbc.bind - binding parameter (1:VARCHAR) <- [PUBLIC]
25-11-05 10:27:56.074 [http-nio-8080-exec-9] TRACE org.hibernate.orm.jdbc.bind - binding parameter (2:UUID) <- [83a5759b-95ff-499b-813b-3de24059a258]
25-11-05 10:27:56.074 [http-nio-8080-exec-9] TRACE org.hibernate.orm.jdbc.bind - binding parameter (3:UUID) <- [46ab906b-b6a4-42d1-9d31-22db5898e9ed]
25-11-05 10:27:56.077 [http-nio-8080-exec-9] DEBUG org.hibernate.SQL - 
    select
        m1_0.created_at 
    from
        messages m1_0 
    where
        m1_0.channel_id=? 
    order by
        m1_0.created_at desc 
    fetch
        first 1 rows only
25-11-05 10:27:56.077 [http-nio-8080-exec-9] TRACE org.hibernate.orm.jdbc.bind - binding parameter (1:UUID) <- [83a5759b-95ff-499b-813b-3de24059a258]
25-11-05 10:27:56.080 [http-nio-8080-exec-9] DEBUG org.hibernate.SQL - 
    select
        rs1_0.id,
        rs1_0.channel_id,
        rs1_0.created_at,
        rs1_0.last_read_at,
        rs1_0.updated_at,
        rs1_0.user_id,
        u1_0.id,
        u1_0.created_at,
        u1_0.email,
        u1_0.password,
        p1_0.id,
        p1_0.content_type,
        p1_0.created_at,
        p1_0.file_name,
        p1_0.size,
        s1_0.id,
        s1_0.created_at,
        s1_0.last_active_at,
        s1_0.updated_at,
        s1_0.user_id,
        u1_0.updated_at,
        u1_0.username 
    from
        read_statuses rs1_0 
    join
        users u1_0 
            on u1_0.id=rs1_0.user_id 
    join
        user_statuses s1_0 
            on u1_0.id=s1_0.user_id 
    left join
        binary_contents p1_0 
            on p1_0.id=u1_0.profile_id 
    where
        rs1_0.channel_id=?
25-11-05 10:27:56.080 [http-nio-8080-exec-9] TRACE org.hibernate.orm.jdbc.bind - binding parameter (1:UUID) <- [46ab906b-b6a4-42d1-9d31-22db5898e9ed]
25-11-05 10:27:56.083 [http-nio-8080-exec-9] DEBUG org.hibernate.SQL - 
    select
        m1_0.created_at 
    from
        messages m1_0 
    where
        m1_0.channel_id=? 
    order by
        m1_0.created_at desc 
    fetch
        first 1 rows only
25-11-05 10:27:56.083 [http-nio-8080-exec-9] TRACE org.hibernate.orm.jdbc.bind - binding parameter (1:UUID) <- [46ab906b-b6a4-42d1-9d31-22db5898e9ed]
25-11-05 10:27:56.094 [http-nio-8080-exec-3] DEBUG org.hibernate.SQL - 
    select
        rs1_0.id,
        rs1_0.channel_id,
        rs1_0.created_at,
        rs1_0.last_read_at,
        rs1_0.updated_at,
        rs1_0.user_id 
    from
        read_statuses rs1_0 
    where
        rs1_0.user_id=?
25-11-05 10:27:56.095 [http-nio-8080-exec-3] TRACE org.hibernate.orm.jdbc.bind - binding parameter (1:UUID) <- [0c94bc99-a4ba-45ac-9eaa-c92128d8a5cb]
25-11-05 10:27:58.618 [http-nio-8080-exec-1] INFO  c.s.m.d.controller.UserController - 유저 상태 업데이트 요청 수신: userId=0c94bc99-a4ba-45ac-9eaa-c92128d8a5cb, newLastActiveAt=2025-11-05T01:27:58.613Z
25-11-05 10:27:58.621 [http-nio-8080-exec-1] DEBUG org.hibernate.SQL - 
    select
        us1_0.id,
        us1_0.created_at,
        us1_0.last_active_at,
        us1_0.updated_at,
        us1_0.user_id 
    from
        user_statuses us1_0 
    where
        us1_0.user_id=?
25-11-05 10:27:58.621 [http-nio-8080-exec-1] TRACE org.hibernate.orm.jdbc.bind - binding parameter (1:UUID) <- [0c94bc99-a4ba-45ac-9eaa-c92128d8a5cb]
25-11-05 10:27:58.625 [http-nio-8080-exec-1] DEBUG org.hibernate.SQL - 
    update
        user_statuses 
    set
        last_active_at=?,
        updated_at=?,
        user_id=? 
    where
        id=?
25-11-05 10:27:58.625 [http-nio-8080-exec-1] TRACE org.hibernate.orm.jdbc.bind - binding parameter (1:TIMESTAMP_UTC) <- [2025-11-05T01:27:58.613Z]
25-11-05 10:27:58.625 [http-nio-8080-exec-1] TRACE org.hibernate.orm.jdbc.bind - binding parameter (2:TIMESTAMP_UTC) <- [2025-11-05T01:27:58.624044400Z]
25-11-05 10:27:58.625 [http-nio-8080-exec-1] TRACE org.hibernate.orm.jdbc.bind - binding parameter (3:UUID) <- [0c94bc99-a4ba-45ac-9eaa-c92128d8a5cb]
25-11-05 10:27:58.625 [http-nio-8080-exec-1] TRACE org.hibernate.orm.jdbc.bind - binding parameter (4:UUID) <- [2af3cbe2-8e5d-4a91-87cc-8bc210958a2b]
25-11-05 10:27:58.635 [http-nio-8080-exec-1] INFO  c.s.m.d.controller.UserController - 유저 상태 업데이트 성공: userId=0c94bc99-a4ba-45ac-9eaa-c92128d8a5cb, newLastActiveAt=2025-11-05T01:27:58.613Z
25-11-05 10:28:39.618 [http-nio-8080-exec-8] INFO  c.s.m.d.controller.UserController - 유저 생성 요청 수신: email=lcd@email.com, username=이코딩
25-11-05 10:28:39.622 [http-nio-8080-exec-8] INFO  c.s.m.d.s.basic.BasicUserService - 유저 생성 서비스 시작: email=lcd@email.com
25-11-05 10:28:39.629 [http-nio-8080-exec-8] DEBUG org.hibernate.SQL - 
    select
        u1_0.id 
    from
        users u1_0 
    where
        u1_0.email=? 
    fetch
        first ? rows only
25-11-05 10:28:39.630 [http-nio-8080-exec-8] TRACE org.hibernate.orm.jdbc.bind - binding parameter (1:VARCHAR) <- [lcd@email.com]
25-11-05 10:28:39.630 [http-nio-8080-exec-8] TRACE org.hibernate.orm.jdbc.bind - binding parameter (2:INTEGER) <- [1]
25-11-05 10:28:39.635 [http-nio-8080-exec-8] DEBUG org.hibernate.SQL - 
    select
        u1_0.id 
    from
        users u1_0 
    where
        u1_0.username=? 
    fetch
        first ? rows only
25-11-05 10:28:39.635 [http-nio-8080-exec-8] TRACE org.hibernate.orm.jdbc.bind - binding parameter (1:VARCHAR) <- [이코딩]
25-11-05 10:28:39.635 [http-nio-8080-exec-8] TRACE org.hibernate.orm.jdbc.bind - binding parameter (2:INTEGER) <- [1]
25-11-05 10:28:39.669 [http-nio-8080-exec-8] INFO  c.s.m.d.s.basic.BasicUserService - 유저 생성 성공: userId=49e99996-3bdd-46f2-8644-ab713e1f630b
25-11-05 10:28:39.679 [http-nio-8080-exec-8] DEBUG org.hibernate.SQL - 
    insert 
    into
        users
        (created_at, email, password, profile_id, updated_at, username, id) 
    values
        (?, ?, ?, ?, ?, ?, ?)
25-11-05 10:28:39.679 [http-nio-8080-exec-8] TRACE org.hibernate.orm.jdbc.bind - binding parameter (1:TIMESTAMP_UTC) <- [2025-11-05T01:28:39.652690400Z]
25-11-05 10:28:39.679 [http-nio-8080-exec-8] TRACE org.hibernate.orm.jdbc.bind - binding parameter (2:VARCHAR) <- [lcd@email.com]
25-11-05 10:28:39.679 [http-nio-8080-exec-8] TRACE org.hibernate.orm.jdbc.bind - binding parameter (3:VARCHAR) <- [zxcv]
25-11-05 10:28:39.679 [http-nio-8080-exec-8] TRACE org.hibernate.orm.jdbc.bind - binding parameter (4:UUID) <- [null]
25-11-05 10:28:39.680 [http-nio-8080-exec-8] TRACE org.hibernate.orm.jdbc.bind - binding parameter (5:TIMESTAMP_UTC) <- [2025-11-05T01:28:39.652690400Z]
25-11-05 10:28:39.680 [http-nio-8080-exec-8] TRACE org.hibernate.orm.jdbc.bind - binding parameter (6:VARCHAR) <- [이코딩]
25-11-05 10:28:39.680 [http-nio-8080-exec-8] TRACE org.hibernate.orm.jdbc.bind - binding parameter (7:UUID) <- [49e99996-3bdd-46f2-8644-ab713e1f630b]
25-11-05 10:28:39.687 [http-nio-8080-exec-8] DEBUG org.hibernate.SQL - 
    insert 
    into
        user_statuses
        (created_at, last_active_at, updated_at, user_id, id) 
    values
        (?, ?, ?, ?, ?)
25-11-05 10:28:39.687 [http-nio-8080-exec-8] TRACE org.hibernate.orm.jdbc.bind - binding parameter (1:TIMESTAMP_UTC) <- [2025-11-05T01:28:39.667949500Z]
25-11-05 10:28:39.687 [http-nio-8080-exec-8] TRACE org.hibernate.orm.jdbc.bind - binding parameter (2:TIMESTAMP_UTC) <- [2025-11-05T01:28:39.638338500Z]
25-11-05 10:28:39.688 [http-nio-8080-exec-8] TRACE org.hibernate.orm.jdbc.bind - binding parameter (3:TIMESTAMP_UTC) <- [2025-11-05T01:28:39.667949500Z]
25-11-05 10:28:39.688 [http-nio-8080-exec-8] TRACE org.hibernate.orm.jdbc.bind - binding parameter (4:UUID) <- [49e99996-3bdd-46f2-8644-ab713e1f630b]
25-11-05 10:28:39.688 [http-nio-8080-exec-8] TRACE org.hibernate.orm.jdbc.bind - binding parameter (5:UUID) <- [3627bb27-cda3-46c3-a713-15ab6d1fb463]
25-11-05 10:28:39.695 [http-nio-8080-exec-8] INFO  c.s.m.d.controller.UserController - 유저 생성 성공: userId=49e99996-3bdd-46f2-8644-ab713e1f630b
25-11-05 10:28:39.705 [http-nio-8080-exec-5] INFO  c.s.m.d.controller.UserController - 유저 상태 업데이트 요청 수신: userId=49e99996-3bdd-46f2-8644-ab713e1f630b, newLastActiveAt=2025-11-05T01:28:39.701Z
25-11-05 10:28:39.705 [http-nio-8080-exec-7] INFO  c.s.m.d.controller.UserController - 유저 상태 업데이트 요청 수신: userId=49e99996-3bdd-46f2-8644-ab713e1f630b, newLastActiveAt=2025-11-05T01:28:39.701Z
25-11-05 10:28:39.712 [http-nio-8080-exec-5] DEBUG org.hibernate.SQL - 
    select
        us1_0.id,
        us1_0.created_at,
        us1_0.last_active_at,
        us1_0.updated_at,
        us1_0.user_id 
    from
        user_statuses us1_0 
    where
        us1_0.user_id=?
25-11-05 10:28:39.712 [http-nio-8080-exec-7] DEBUG org.hibernate.SQL - 
    select
        us1_0.id,
        us1_0.created_at,
        us1_0.last_active_at,
        us1_0.updated_at,
        us1_0.user_id 
    from
        user_statuses us1_0 
    where
        us1_0.user_id=?
25-11-05 10:28:39.713 [http-nio-8080-exec-7] TRACE org.hibernate.orm.jdbc.bind - binding parameter (1:UUID) <- [49e99996-3bdd-46f2-8644-ab713e1f630b]
25-11-05 10:28:39.713 [http-nio-8080-exec-5] TRACE org.hibernate.orm.jdbc.bind - binding parameter (1:UUID) <- [49e99996-3bdd-46f2-8644-ab713e1f630b]
25-11-05 10:28:39.718 [http-nio-8080-exec-7] DEBUG org.hibernate.SQL - 
    update
        user_statuses 
    set
        last_active_at=?,
        updated_at=?,
        user_id=? 
    where
        id=?
25-11-05 10:28:39.718 [http-nio-8080-exec-5] DEBUG org.hibernate.SQL - 
    update
        user_statuses 
    set
        last_active_at=?,
        updated_at=?,
        user_id=? 
    where
        id=?
25-11-05 10:28:39.718 [http-nio-8080-exec-7] TRACE org.hibernate.orm.jdbc.bind - binding parameter (1:TIMESTAMP_UTC) <- [2025-11-05T01:28:39.701Z]
25-11-05 10:28:39.718 [http-nio-8080-exec-5] TRACE org.hibernate.orm.jdbc.bind - binding parameter (1:TIMESTAMP_UTC) <- [2025-11-05T01:28:39.701Z]
25-11-05 10:28:39.718 [http-nio-8080-exec-5] TRACE org.hibernate.orm.jdbc.bind - binding parameter (2:TIMESTAMP_UTC) <- [2025-11-05T01:28:39.718140200Z]
25-11-05 10:28:39.718 [http-nio-8080-exec-7] TRACE org.hibernate.orm.jdbc.bind - binding parameter (2:TIMESTAMP_UTC) <- [2025-11-05T01:28:39.718140200Z]
25-11-05 10:28:39.718 [http-nio-8080-exec-5] TRACE org.hibernate.orm.jdbc.bind - binding parameter (3:UUID) <- [49e99996-3bdd-46f2-8644-ab713e1f630b]
25-11-05 10:28:39.718 [http-nio-8080-exec-5] TRACE org.hibernate.orm.jdbc.bind - binding parameter (4:UUID) <- [3627bb27-cda3-46c3-a713-15ab6d1fb463]
25-11-05 10:28:39.719 [http-nio-8080-exec-7] TRACE org.hibernate.orm.jdbc.bind - binding parameter (3:UUID) <- [49e99996-3bdd-46f2-8644-ab713e1f630b]
25-11-05 10:28:39.719 [http-nio-8080-exec-7] TRACE org.hibernate.orm.jdbc.bind - binding parameter (4:UUID) <- [3627bb27-cda3-46c3-a713-15ab6d1fb463]
25-11-05 10:28:39.725 [http-nio-8080-exec-7] INFO  c.s.m.d.controller.UserController - 유저 상태 업데이트 성공: userId=49e99996-3bdd-46f2-8644-ab713e1f630b, newLastActiveAt=2025-11-05T01:28:39.701Z
25-11-05 10:28:39.729 [http-nio-8080-exec-5] INFO  c.s.m.d.controller.UserController - 유저 상태 업데이트 성공: userId=49e99996-3bdd-46f2-8644-ab713e1f630b, newLastActiveAt=2025-11-05T01:28:39.701Z
25-11-05 10:28:39.772 [http-nio-8080-exec-4] DEBUG org.hibernate.SQL - 
    select
        u1_0.id,
        u1_0.created_at,
        u1_0.email,
        u1_0.password,
        p1_0.id,
        p1_0.content_type,
        p1_0.created_at,
        p1_0.file_name,
        p1_0.size,
        s1_0.id,
        s1_0.created_at,
        s1_0.last_active_at,
        s1_0.updated_at,
        s1_0.user_id,
        u1_0.updated_at,
        u1_0.username 
    from
        users u1_0 
    left join
        binary_contents p1_0 
            on p1_0.id=u1_0.profile_id 
    join
        user_statuses s1_0 
            on u1_0.id=s1_0.user_id
25-11-05 10:28:39.777 [http-nio-8080-exec-4] INFO  c.s.m.d.s.basic.BasicUserService - 모든 유저 목록 조회 완료. 총 4명
25-11-05 10:28:39.777 [http-nio-8080-exec-4] INFO  c.s.m.d.controller.UserController - 모든 유저 목록 조회 완료. 총 4명
25-11-05 10:28:39.800 [http-nio-8080-exec-2] DEBUG org.hibernate.SQL - 
    select
        rs1_0.id,
        rs1_0.channel_id,
        rs1_0.created_at,
        rs1_0.last_read_at,
        rs1_0.updated_at,
        rs1_0.user_id 
    from
        read_statuses rs1_0 
    where
        rs1_0.user_id=?
25-11-05 10:28:39.801 [http-nio-8080-exec-2] TRACE org.hibernate.orm.jdbc.bind - binding parameter (1:UUID) <- [49e99996-3bdd-46f2-8644-ab713e1f630b]
25-11-05 10:28:39.805 [http-nio-8080-exec-9] DEBUG org.hibernate.SQL - 
    select
        u1_0.id,
        u1_0.created_at,
        u1_0.email,
        u1_0.password,
        p1_0.id,
        p1_0.content_type,
        p1_0.created_at,
        p1_0.file_name,
        p1_0.size,
        s1_0.id,
        s1_0.created_at,
        s1_0.last_active_at,
        s1_0.updated_at,
        s1_0.user_id,
        u1_0.updated_at,
        u1_0.username 
    from
        users u1_0 
    left join
        binary_contents p1_0 
            on p1_0.id=u1_0.profile_id 
    join
        user_statuses s1_0 
            on u1_0.id=s1_0.user_id
25-11-05 10:28:39.806 [http-nio-8080-exec-6] DEBUG org.hibernate.SQL - 
    select
        rs1_0.id,
        rs1_0.channel_id,
        rs1_0.created_at,
        rs1_0.last_read_at,
        rs1_0.updated_at,
        rs1_0.user_id 
    from
        read_statuses rs1_0 
    where
        rs1_0.user_id=?
25-11-05 10:28:39.811 [http-nio-8080-exec-6] TRACE org.hibernate.orm.jdbc.bind - binding parameter (1:UUID) <- [49e99996-3bdd-46f2-8644-ab713e1f630b]
25-11-05 10:28:39.812 [http-nio-8080-exec-9] INFO  c.s.m.d.s.basic.BasicUserService - 모든 유저 목록 조회 완료. 총 4명
25-11-05 10:28:39.813 [http-nio-8080-exec-9] INFO  c.s.m.d.controller.UserController - 모든 유저 목록 조회 완료. 총 4명
25-11-05 10:28:39.818 [http-nio-8080-exec-2] DEBUG org.hibernate.SQL - 
    select
        c1_0.id,
        c1_0.created_at,
        c1_0.description,
        c1_0.name,
        c1_0.type,
        c1_0.updated_at 
    from
        channels c1_0 
    where
        c1_0.type=? 
        or c1_0.id in (?)
25-11-05 10:28:39.818 [http-nio-8080-exec-2] TRACE org.hibernate.orm.jdbc.bind - binding parameter (1:VARCHAR) <- [PUBLIC]
25-11-05 10:28:39.818 [http-nio-8080-exec-2] TRACE org.hibernate.orm.jdbc.bind - binding parameter (2:UUID) <- [null]
25-11-05 10:28:39.822 [http-nio-8080-exec-2] DEBUG org.hibernate.SQL - 
    select
        m1_0.created_at 
    from
        messages m1_0 
    where
        m1_0.channel_id=? 
    order by
        m1_0.created_at desc 
    fetch
        first 1 rows only
25-11-05 10:28:39.822 [http-nio-8080-exec-2] TRACE org.hibernate.orm.jdbc.bind - binding parameter (1:UUID) <- [83a5759b-95ff-499b-813b-3de24059a258]
25-11-05 10:28:39.858 [http-nio-8080-exec-3] DEBUG org.hibernate.SQL - 
    select
        rs1_0.id,
        rs1_0.channel_id,
        rs1_0.created_at,
        rs1_0.last_read_at,
        rs1_0.updated_at,
        rs1_0.user_id 
    from
        read_statuses rs1_0 
    where
        rs1_0.user_id=?
25-11-05 10:28:39.858 [http-nio-8080-exec-1] DEBUG org.hibernate.SQL - 
    select
        rs1_0.id,
        rs1_0.channel_id,
        rs1_0.created_at,
        rs1_0.last_read_at,
        rs1_0.updated_at,
        rs1_0.user_id 
    from
        read_statuses rs1_0 
    where
        rs1_0.user_id=?
25-11-05 10:28:39.858 [http-nio-8080-exec-3] TRACE org.hibernate.orm.jdbc.bind - binding parameter (1:UUID) <- [49e99996-3bdd-46f2-8644-ab713e1f630b]
25-11-05 10:28:39.862 [http-nio-8080-exec-1] TRACE org.hibernate.orm.jdbc.bind - binding parameter (1:UUID) <- [49e99996-3bdd-46f2-8644-ab713e1f630b]
25-11-05 10:28:39.864 [http-nio-8080-exec-3] DEBUG org.hibernate.SQL - 
    select
        c1_0.id,
        c1_0.created_at,
        c1_0.description,
        c1_0.name,
        c1_0.type,
        c1_0.updated_at 
    from
        channels c1_0 
    where
        c1_0.type=? 
        or c1_0.id in (?)
25-11-05 10:28:39.865 [http-nio-8080-exec-3] TRACE org.hibernate.orm.jdbc.bind - binding parameter (1:VARCHAR) <- [PUBLIC]
25-11-05 10:28:39.865 [http-nio-8080-exec-3] TRACE org.hibernate.orm.jdbc.bind - binding parameter (2:UUID) <- [null]
25-11-05 10:28:39.868 [http-nio-8080-exec-3] DEBUG org.hibernate.SQL - 
    select
        m1_0.created_at 
    from
        messages m1_0 
    where
        m1_0.channel_id=? 
    order by
        m1_0.created_at desc 
    fetch
        first 1 rows only
25-11-05 10:28:39.868 [http-nio-8080-exec-3] TRACE org.hibernate.orm.jdbc.bind - binding parameter (1:UUID) <- [83a5759b-95ff-499b-813b-3de24059a258]
25-11-05 10:28:39.874 [http-nio-8080-exec-10] DEBUG org.hibernate.SQL - 
    select
        rs1_0.id,
        rs1_0.channel_id,
        rs1_0.created_at,
        rs1_0.last_read_at,
        rs1_0.updated_at,
        rs1_0.user_id 
    from
        read_statuses rs1_0 
    where
        rs1_0.user_id=?
25-11-05 10:28:39.874 [http-nio-8080-exec-10] TRACE org.hibernate.orm.jdbc.bind - binding parameter (1:UUID) <- [49e99996-3bdd-46f2-8644-ab713e1f630b]
25-11-05 10:28:39.884 [http-nio-8080-exec-8] DEBUG org.hibernate.SQL - 
    select
        rs1_0.id,
        rs1_0.channel_id,
        rs1_0.created_at,
        rs1_0.last_read_at,
        rs1_0.updated_at,
        rs1_0.user_id 
    from
        read_statuses rs1_0 
    where
        rs1_0.user_id=?
25-11-05 10:28:39.885 [http-nio-8080-exec-8] TRACE org.hibernate.orm.jdbc.bind - binding parameter (1:UUID) <- [49e99996-3bdd-46f2-8644-ab713e1f630b]
25-11-05 10:28:42.858 [http-nio-8080-exec-7] DEBUG org.hibernate.SQL - 
    select
        rs1_0.id,
        rs1_0.channel_id,
        rs1_0.created_at,
        rs1_0.last_read_at,
        rs1_0.updated_at,
        rs1_0.user_id 
    from
        read_statuses rs1_0 
    where
        rs1_0.user_id=?
25-11-05 10:28:42.858 [http-nio-8080-exec-7] TRACE org.hibernate.orm.jdbc.bind - binding parameter (1:UUID) <- [49e99996-3bdd-46f2-8644-ab713e1f630b]
25-11-05 10:28:42.860 [http-nio-8080-exec-7] DEBUG org.hibernate.SQL - 
    select
        c1_0.id,
        c1_0.created_at,
        c1_0.description,
        c1_0.name,
        c1_0.type,
        c1_0.updated_at 
    from
        channels c1_0 
    where
        c1_0.type=? 
        or c1_0.id in (?)
25-11-05 10:28:42.860 [http-nio-8080-exec-7] TRACE org.hibernate.orm.jdbc.bind - binding parameter (1:VARCHAR) <- [PUBLIC]
25-11-05 10:28:42.860 [http-nio-8080-exec-7] TRACE org.hibernate.orm.jdbc.bind - binding parameter (2:UUID) <- [null]
25-11-05 10:28:42.863 [http-nio-8080-exec-7] DEBUG org.hibernate.SQL - 
    select
        m1_0.created_at 
    from
        messages m1_0 
    where
        m1_0.channel_id=? 
    order by
        m1_0.created_at desc 
    fetch
        first 1 rows only
25-11-05 10:28:42.863 [http-nio-8080-exec-7] TRACE org.hibernate.orm.jdbc.bind - binding parameter (1:UUID) <- [83a5759b-95ff-499b-813b-3de24059a258]
25-11-05 10:28:42.901 [http-nio-8080-exec-5] DEBUG org.hibernate.SQL - 
    select
        rs1_0.id,
        rs1_0.channel_id,
        rs1_0.created_at,
        rs1_0.last_read_at,
        rs1_0.updated_at,
        rs1_0.user_id 
    from
        read_statuses rs1_0 
    where
        rs1_0.user_id=?
25-11-05 10:28:42.904 [http-nio-8080-exec-5] TRACE org.hibernate.orm.jdbc.bind - binding parameter (1:UUID) <- [49e99996-3bdd-46f2-8644-ab713e1f630b]
25-11-05 10:28:45.870 [http-nio-8080-exec-4] DEBUG org.hibernate.SQL - 
    select
        rs1_0.id,
        rs1_0.channel_id,
        rs1_0.created_at,
        rs1_0.last_read_at,
        rs1_0.updated_at,
        rs1_0.user_id 
    from
        read_statuses rs1_0 
    where
        rs1_0.user_id=?
25-11-05 10:28:45.870 [http-nio-8080-exec-4] TRACE org.hibernate.orm.jdbc.bind - binding parameter (1:UUID) <- [49e99996-3bdd-46f2-8644-ab713e1f630b]
25-11-05 10:28:45.874 [http-nio-8080-exec-4] DEBUG org.hibernate.SQL - 
    select
        c1_0.id,
        c1_0.created_at,
        c1_0.description,
        c1_0.name,
        c1_0.type,
        c1_0.updated_at 
    from
        channels c1_0 
    where
        c1_0.type=? 
        or c1_0.id in (?)
25-11-05 10:28:45.874 [http-nio-8080-exec-4] TRACE org.hibernate.orm.jdbc.bind - binding parameter (1:VARCHAR) <- [PUBLIC]
25-11-05 10:28:45.874 [http-nio-8080-exec-4] TRACE org.hibernate.orm.jdbc.bind - binding parameter (2:UUID) <- [null]
25-11-05 10:28:45.877 [http-nio-8080-exec-4] DEBUG org.hibernate.SQL - 
    select
        m1_0.created_at 
    from
        messages m1_0 
    where
        m1_0.channel_id=? 
    order by
        m1_0.created_at desc 
    fetch
        first 1 rows only
25-11-05 10:28:45.877 [http-nio-8080-exec-4] TRACE org.hibernate.orm.jdbc.bind - binding parameter (1:UUID) <- [83a5759b-95ff-499b-813b-3de24059a258]
25-11-05 10:28:45.888 [http-nio-8080-exec-9] DEBUG org.hibernate.SQL - 
    select
        rs1_0.id,
        rs1_0.channel_id,
        rs1_0.created_at,
        rs1_0.last_read_at,
        rs1_0.updated_at,
        rs1_0.user_id 
    from
        read_statuses rs1_0 
    where
        rs1_0.user_id=?
25-11-05 10:28:45.888 [http-nio-8080-exec-9] TRACE org.hibernate.orm.jdbc.bind - binding parameter (1:UUID) <- [49e99996-3bdd-46f2-8644-ab713e1f630b]
25-11-05 10:28:48.865 [http-nio-8080-exec-6] DEBUG org.hibernate.SQL - 
    select
        rs1_0.id,
        rs1_0.channel_id,
        rs1_0.created_at,
        rs1_0.last_read_at,
        rs1_0.updated_at,
        rs1_0.user_id 
    from
        read_statuses rs1_0 
    where
        rs1_0.user_id=?
25-11-05 10:28:48.865 [http-nio-8080-exec-6] TRACE org.hibernate.orm.jdbc.bind - binding parameter (1:UUID) <- [49e99996-3bdd-46f2-8644-ab713e1f630b]
25-11-05 10:28:48.869 [http-nio-8080-exec-6] DEBUG org.hibernate.SQL - 
    select
        c1_0.id,
        c1_0.created_at,
        c1_0.description,
        c1_0.name,
        c1_0.type,
        c1_0.updated_at 
    from
        channels c1_0 
    where
        c1_0.type=? 
        or c1_0.id in (?)
25-11-05 10:28:48.869 [http-nio-8080-exec-6] TRACE org.hibernate.orm.jdbc.bind - binding parameter (1:VARCHAR) <- [PUBLIC]
25-11-05 10:28:48.869 [http-nio-8080-exec-6] TRACE org.hibernate.orm.jdbc.bind - binding parameter (2:UUID) <- [null]
25-11-05 10:28:48.874 [http-nio-8080-exec-6] DEBUG org.hibernate.SQL - 
    select
        m1_0.created_at 
    from
        messages m1_0 
    where
        m1_0.channel_id=? 
    order by
        m1_0.created_at desc 
    fetch
        first 1 rows only
25-11-05 10:28:48.874 [http-nio-8080-exec-6] TRACE org.hibernate.orm.jdbc.bind - binding parameter (1:UUID) <- [83a5759b-95ff-499b-813b-3de24059a258]
25-11-05 10:28:48.888 [http-nio-8080-exec-2] DEBUG org.hibernate.SQL - 
    select
        rs1_0.id,
        rs1_0.channel_id,
        rs1_0.created_at,
        rs1_0.last_read_at,
        rs1_0.updated_at,
        rs1_0.user_id 
    from
        read_statuses rs1_0 
    where
        rs1_0.user_id=?
25-11-05 10:28:48.891 [http-nio-8080-exec-2] TRACE org.hibernate.orm.jdbc.bind - binding parameter (1:UUID) <- [49e99996-3bdd-46f2-8644-ab713e1f630b]
25-11-05 10:28:51.875 [http-nio-8080-exec-1] DEBUG org.hibernate.SQL - 
    select
        rs1_0.id,
        rs1_0.channel_id,
        rs1_0.created_at,
        rs1_0.last_read_at,
        rs1_0.updated_at,
        rs1_0.user_id 
    from
        read_statuses rs1_0 
    where
        rs1_0.user_id=?
25-11-05 10:28:51.875 [http-nio-8080-exec-1] TRACE org.hibernate.orm.jdbc.bind - binding parameter (1:UUID) <- [49e99996-3bdd-46f2-8644-ab713e1f630b]
25-11-05 10:28:51.882 [http-nio-8080-exec-1] DEBUG org.hibernate.SQL - 
    select
        c1_0.id,
        c1_0.created_at,
        c1_0.description,
        c1_0.name,
        c1_0.type,
        c1_0.updated_at 
    from
        channels c1_0 
    where
        c1_0.type=? 
        or c1_0.id in (?)
25-11-05 10:28:51.883 [http-nio-8080-exec-1] TRACE org.hibernate.orm.jdbc.bind - binding parameter (1:VARCHAR) <- [PUBLIC]
25-11-05 10:28:51.883 [http-nio-8080-exec-1] TRACE org.hibernate.orm.jdbc.bind - binding parameter (2:UUID) <- [null]
25-11-05 10:28:51.890 [http-nio-8080-exec-1] DEBUG org.hibernate.SQL - 
    select
        m1_0.created_at 
    from
        messages m1_0 
    where
        m1_0.channel_id=? 
    order by
        m1_0.created_at desc 
    fetch
        first 1 rows only
25-11-05 10:28:51.890 [http-nio-8080-exec-1] TRACE org.hibernate.orm.jdbc.bind - binding parameter (1:UUID) <- [83a5759b-95ff-499b-813b-3de24059a258]
25-11-05 10:28:51.907 [http-nio-8080-exec-3] DEBUG org.hibernate.SQL - 
    select
        rs1_0.id,
        rs1_0.channel_id,
        rs1_0.created_at,
        rs1_0.last_read_at,
        rs1_0.updated_at,
        rs1_0.user_id 
    from
        read_statuses rs1_0 
    where
        rs1_0.user_id=?
25-11-05 10:28:51.909 [http-nio-8080-exec-3] TRACE org.hibernate.orm.jdbc.bind - binding parameter (1:UUID) <- [49e99996-3bdd-46f2-8644-ab713e1f630b]
25-11-05 10:28:55.046 [http-nio-8080-exec-10] DEBUG org.hibernate.SQL - 
    select
        rs1_0.id,
        rs1_0.channel_id,
        rs1_0.created_at,
        rs1_0.last_read_at,
        rs1_0.updated_at,
        rs1_0.user_id 
    from
        read_statuses rs1_0 
    where
        rs1_0.user_id=?
25-11-05 10:28:55.047 [http-nio-8080-exec-10] TRACE org.hibernate.orm.jdbc.bind - binding parameter (1:UUID) <- [49e99996-3bdd-46f2-8644-ab713e1f630b]
25-11-05 10:28:55.052 [http-nio-8080-exec-10] DEBUG org.hibernate.SQL - 
    select
        c1_0.id,
        c1_0.created_at,
        c1_0.description,
        c1_0.name,
        c1_0.type,
        c1_0.updated_at 
    from
        channels c1_0 
    where
        c1_0.type=? 
        or c1_0.id in (?)
25-11-05 10:28:55.052 [http-nio-8080-exec-10] TRACE org.hibernate.orm.jdbc.bind - binding parameter (1:VARCHAR) <- [PUBLIC]
25-11-05 10:28:55.052 [http-nio-8080-exec-10] TRACE org.hibernate.orm.jdbc.bind - binding parameter (2:UUID) <- [null]
25-11-05 10:28:55.055 [http-nio-8080-exec-10] DEBUG org.hibernate.SQL - 
    select
        m1_0.created_at 
    from
        messages m1_0 
    where
        m1_0.channel_id=? 
    order by
        m1_0.created_at desc 
    fetch
        first 1 rows only
25-11-05 10:28:55.056 [http-nio-8080-exec-10] TRACE org.hibernate.orm.jdbc.bind - binding parameter (1:UUID) <- [83a5759b-95ff-499b-813b-3de24059a258]
25-11-05 10:28:55.068 [http-nio-8080-exec-8] DEBUG org.hibernate.SQL - 
    select
        rs1_0.id,
        rs1_0.channel_id,
        rs1_0.created_at,
        rs1_0.last_read_at,
        rs1_0.updated_at,
        rs1_0.user_id 
    from
        read_statuses rs1_0 
    where
        rs1_0.user_id=?
25-11-05 10:28:55.072 [http-nio-8080-exec-8] TRACE org.hibernate.orm.jdbc.bind - binding parameter (1:UUID) <- [49e99996-3bdd-46f2-8644-ab713e1f630b]
25-11-05 10:28:58.051 [http-nio-8080-exec-7] DEBUG org.hibernate.SQL - 
    select
        rs1_0.id,
        rs1_0.channel_id,
        rs1_0.created_at,
        rs1_0.last_read_at,
        rs1_0.updated_at,
        rs1_0.user_id 
    from
        read_statuses rs1_0 
    where
        rs1_0.user_id=?
25-11-05 10:28:58.052 [http-nio-8080-exec-7] TRACE org.hibernate.orm.jdbc.bind - binding parameter (1:UUID) <- [49e99996-3bdd-46f2-8644-ab713e1f630b]
25-11-05 10:28:58.058 [http-nio-8080-exec-7] DEBUG org.hibernate.SQL - 
    select
        c1_0.id,
        c1_0.created_at,
        c1_0.description,
        c1_0.name,
        c1_0.type,
        c1_0.updated_at 
    from
        channels c1_0 
    where
        c1_0.type=? 
        or c1_0.id in (?)
25-11-05 10:28:58.059 [http-nio-8080-exec-7] TRACE org.hibernate.orm.jdbc.bind - binding parameter (1:VARCHAR) <- [PUBLIC]
25-11-05 10:28:58.060 [http-nio-8080-exec-7] TRACE org.hibernate.orm.jdbc.bind - binding parameter (2:UUID) <- [null]
25-11-05 10:28:58.066 [http-nio-8080-exec-7] DEBUG org.hibernate.SQL - 
    select
        m1_0.created_at 
    from
        messages m1_0 
    where
        m1_0.channel_id=? 
    order by
        m1_0.created_at desc 
    fetch
        first 1 rows only
25-11-05 10:28:58.066 [http-nio-8080-exec-7] TRACE org.hibernate.orm.jdbc.bind - binding parameter (1:UUID) <- [83a5759b-95ff-499b-813b-3de24059a258]
25-11-05 10:28:58.081 [http-nio-8080-exec-5] DEBUG org.hibernate.SQL - 
    select
        rs1_0.id,
        rs1_0.channel_id,
        rs1_0.created_at,
        rs1_0.last_read_at,
        rs1_0.updated_at,
        rs1_0.user_id 
    from
        read_statuses rs1_0 
    where
        rs1_0.user_id=?
25-11-05 10:28:58.083 [http-nio-8080-exec-5] TRACE org.hibernate.orm.jdbc.bind - binding parameter (1:UUID) <- [49e99996-3bdd-46f2-8644-ab713e1f630b]
25-11-05 10:29:01.045 [http-nio-8080-exec-4] DEBUG org.hibernate.SQL - 
    select
        rs1_0.id,
        rs1_0.channel_id,
        rs1_0.created_at,
        rs1_0.last_read_at,
        rs1_0.updated_at,
        rs1_0.user_id 
    from
        read_statuses rs1_0 
    where
        rs1_0.user_id=?
25-11-05 10:29:01.046 [http-nio-8080-exec-4] TRACE org.hibernate.orm.jdbc.bind - binding parameter (1:UUID) <- [49e99996-3bdd-46f2-8644-ab713e1f630b]
25-11-05 10:29:01.050 [http-nio-8080-exec-4] DEBUG org.hibernate.SQL - 
    select
        c1_0.id,
        c1_0.created_at,
        c1_0.description,
        c1_0.name,
        c1_0.type,
        c1_0.updated_at 
    from
        channels c1_0 
    where
        c1_0.type=? 
        or c1_0.id in (?)
25-11-05 10:29:01.050 [http-nio-8080-exec-4] TRACE org.hibernate.orm.jdbc.bind - binding parameter (1:VARCHAR) <- [PUBLIC]
25-11-05 10:29:01.051 [http-nio-8080-exec-4] TRACE org.hibernate.orm.jdbc.bind - binding parameter (2:UUID) <- [null]
25-11-05 10:29:01.053 [http-nio-8080-exec-4] DEBUG org.hibernate.SQL - 
    select
        m1_0.created_at 
    from
        messages m1_0 
    where
        m1_0.channel_id=? 
    order by
        m1_0.created_at desc 
    fetch
        first 1 rows only
25-11-05 10:29:01.053 [http-nio-8080-exec-4] TRACE org.hibernate.orm.jdbc.bind - binding parameter (1:UUID) <- [83a5759b-95ff-499b-813b-3de24059a258]
25-11-05 10:29:01.065 [http-nio-8080-exec-9] DEBUG org.hibernate.SQL - 
    select
        rs1_0.id,
        rs1_0.channel_id,
        rs1_0.created_at,
        rs1_0.last_read_at,
        rs1_0.updated_at,
        rs1_0.user_id 
    from
        read_statuses rs1_0 
    where
        rs1_0.user_id=?
25-11-05 10:29:01.065 [http-nio-8080-exec-9] TRACE org.hibernate.orm.jdbc.bind - binding parameter (1:UUID) <- [49e99996-3bdd-46f2-8644-ab713e1f630b]
25-11-05 10:29:04.050 [http-nio-8080-exec-6] DEBUG org.hibernate.SQL - 
    select
        rs1_0.id,
        rs1_0.channel_id,
        rs1_0.created_at,
        rs1_0.last_read_at,
        rs1_0.updated_at,
        rs1_0.user_id 
    from
        read_statuses rs1_0 
    where
        rs1_0.user_id=?
25-11-05 10:29:04.050 [http-nio-8080-exec-6] TRACE org.hibernate.orm.jdbc.bind - binding parameter (1:UUID) <- [49e99996-3bdd-46f2-8644-ab713e1f630b]
25-11-05 10:29:04.054 [http-nio-8080-exec-6] DEBUG org.hibernate.SQL - 
    select
        c1_0.id,
        c1_0.created_at,
        c1_0.description,
        c1_0.name,
        c1_0.type,
        c1_0.updated_at 
    from
        channels c1_0 
    where
        c1_0.type=? 
        or c1_0.id in (?)
25-11-05 10:29:04.055 [http-nio-8080-exec-6] TRACE org.hibernate.orm.jdbc.bind - binding parameter (1:VARCHAR) <- [PUBLIC]
25-11-05 10:29:04.055 [http-nio-8080-exec-6] TRACE org.hibernate.orm.jdbc.bind - binding parameter (2:UUID) <- [null]
25-11-05 10:29:04.059 [http-nio-8080-exec-6] DEBUG org.hibernate.SQL - 
    select
        m1_0.created_at 
    from
        messages m1_0 
    where
        m1_0.channel_id=? 
    order by
        m1_0.created_at desc 
    fetch
        first 1 rows only
25-11-05 10:29:04.059 [http-nio-8080-exec-6] TRACE org.hibernate.orm.jdbc.bind - binding parameter (1:UUID) <- [83a5759b-95ff-499b-813b-3de24059a258]
25-11-05 10:29:04.069 [http-nio-8080-exec-2] DEBUG org.hibernate.SQL - 
    select
        rs1_0.id,
        rs1_0.channel_id,
        rs1_0.created_at,
        rs1_0.last_read_at,
        rs1_0.updated_at,
        rs1_0.user_id 
    from
        read_statuses rs1_0 
    where
        rs1_0.user_id=?
25-11-05 10:29:04.071 [http-nio-8080-exec-2] TRACE org.hibernate.orm.jdbc.bind - binding parameter (1:UUID) <- [49e99996-3bdd-46f2-8644-ab713e1f630b]
25-11-05 10:29:07.049 [http-nio-8080-exec-1] DEBUG org.hibernate.SQL - 
    select
        rs1_0.id,
        rs1_0.channel_id,
        rs1_0.created_at,
        rs1_0.last_read_at,
        rs1_0.updated_at,
        rs1_0.user_id 
    from
        read_statuses rs1_0 
    where
        rs1_0.user_id=?
25-11-05 10:29:07.050 [http-nio-8080-exec-1] TRACE org.hibernate.orm.jdbc.bind - binding parameter (1:UUID) <- [49e99996-3bdd-46f2-8644-ab713e1f630b]
25-11-05 10:29:07.053 [http-nio-8080-exec-1] DEBUG org.hibernate.SQL - 
    select
        c1_0.id,
        c1_0.created_at,
        c1_0.description,
        c1_0.name,
        c1_0.type,
        c1_0.updated_at 
    from
        channels c1_0 
    where
        c1_0.type=? 
        or c1_0.id in (?)
25-11-05 10:29:07.053 [http-nio-8080-exec-1] TRACE org.hibernate.orm.jdbc.bind - binding parameter (1:VARCHAR) <- [PUBLIC]
25-11-05 10:29:07.053 [http-nio-8080-exec-1] TRACE org.hibernate.orm.jdbc.bind - binding parameter (2:UUID) <- [null]
25-11-05 10:29:07.055 [http-nio-8080-exec-1] DEBUG org.hibernate.SQL - 
    select
        m1_0.created_at 
    from
        messages m1_0 
    where
        m1_0.channel_id=? 
    order by
        m1_0.created_at desc 
    fetch
        first 1 rows only
25-11-05 10:29:07.056 [http-nio-8080-exec-1] TRACE org.hibernate.orm.jdbc.bind - binding parameter (1:UUID) <- [83a5759b-95ff-499b-813b-3de24059a258]
25-11-05 10:29:07.068 [http-nio-8080-exec-3] DEBUG org.hibernate.SQL - 
    select
        rs1_0.id,
        rs1_0.channel_id,
        rs1_0.created_at,
        rs1_0.last_read_at,
        rs1_0.updated_at,
        rs1_0.user_id 
    from
        read_statuses rs1_0 
    where
        rs1_0.user_id=?
25-11-05 10:29:07.070 [http-nio-8080-exec-3] TRACE org.hibernate.orm.jdbc.bind - binding parameter (1:UUID) <- [49e99996-3bdd-46f2-8644-ab713e1f630b]
25-11-05 10:29:10.040 [http-nio-8080-exec-10] INFO  c.s.m.d.controller.UserController - 유저 상태 업데이트 요청 수신: userId=49e99996-3bdd-46f2-8644-ab713e1f630b, newLastActiveAt=2025-11-05T01:29:10.035Z
25-11-05 10:29:10.044 [http-nio-8080-exec-10] DEBUG org.hibernate.SQL - 
    select
        us1_0.id,
        us1_0.created_at,
        us1_0.last_active_at,
        us1_0.updated_at,
        us1_0.user_id 
    from
        user_statuses us1_0 
    where
        us1_0.user_id=?
25-11-05 10:29:10.044 [http-nio-8080-exec-8] DEBUG org.hibernate.SQL - 
    select
        rs1_0.id,
        rs1_0.channel_id,
        rs1_0.created_at,
        rs1_0.last_read_at,
        rs1_0.updated_at,
        rs1_0.user_id 
    from
        read_statuses rs1_0 
    where
        rs1_0.user_id=?
25-11-05 10:29:10.045 [http-nio-8080-exec-10] TRACE org.hibernate.orm.jdbc.bind - binding parameter (1:UUID) <- [49e99996-3bdd-46f2-8644-ab713e1f630b]
25-11-05 10:29:10.045 [http-nio-8080-exec-8] TRACE org.hibernate.orm.jdbc.bind - binding parameter (1:UUID) <- [49e99996-3bdd-46f2-8644-ab713e1f630b]
25-11-05 10:29:10.048 [http-nio-8080-exec-10] DEBUG org.hibernate.SQL - 
    update
        user_statuses 
    set
        last_active_at=?,
        updated_at=?,
        user_id=? 
    where
        id=?
25-11-05 10:29:10.048 [http-nio-8080-exec-10] TRACE org.hibernate.orm.jdbc.bind - binding parameter (1:TIMESTAMP_UTC) <- [2025-11-05T01:29:10.035Z]
25-11-05 10:29:10.048 [http-nio-8080-exec-10] TRACE org.hibernate.orm.jdbc.bind - binding parameter (2:TIMESTAMP_UTC) <- [2025-11-05T01:29:10.048207500Z]
25-11-05 10:29:10.049 [http-nio-8080-exec-10] TRACE org.hibernate.orm.jdbc.bind - binding parameter (3:UUID) <- [49e99996-3bdd-46f2-8644-ab713e1f630b]
25-11-05 10:29:10.049 [http-nio-8080-exec-10] TRACE org.hibernate.orm.jdbc.bind - binding parameter (4:UUID) <- [3627bb27-cda3-46c3-a713-15ab6d1fb463]
25-11-05 10:29:10.049 [http-nio-8080-exec-8] DEBUG org.hibernate.SQL - 
    select
        c1_0.id,
        c1_0.created_at,
        c1_0.description,
        c1_0.name,
        c1_0.type,
        c1_0.updated_at 
    from
        channels c1_0 
    where
        c1_0.type=? 
        or c1_0.id in (?)
25-11-05 10:29:10.049 [http-nio-8080-exec-8] TRACE org.hibernate.orm.jdbc.bind - binding parameter (1:VARCHAR) <- [PUBLIC]
25-11-05 10:29:10.049 [http-nio-8080-exec-8] TRACE org.hibernate.orm.jdbc.bind - binding parameter (2:UUID) <- [null]
25-11-05 10:29:10.053 [http-nio-8080-exec-8] DEBUG org.hibernate.SQL - 
    select
        m1_0.created_at 
    from
        messages m1_0 
    where
        m1_0.channel_id=? 
    order by
        m1_0.created_at desc 
    fetch
        first 1 rows only
25-11-05 10:29:10.053 [http-nio-8080-exec-8] TRACE org.hibernate.orm.jdbc.bind - binding parameter (1:UUID) <- [83a5759b-95ff-499b-813b-3de24059a258]
25-11-05 10:29:10.056 [http-nio-8080-exec-10] INFO  c.s.m.d.controller.UserController - 유저 상태 업데이트 성공: userId=49e99996-3bdd-46f2-8644-ab713e1f630b, newLastActiveAt=2025-11-05T01:29:10.035Z
25-11-05 10:29:10.066 [http-nio-8080-exec-7] DEBUG org.hibernate.SQL - 
    select
        rs1_0.id,
        rs1_0.channel_id,
        rs1_0.created_at,
        rs1_0.last_read_at,
        rs1_0.updated_at,
        rs1_0.user_id 
    from
        read_statuses rs1_0 
    where
        rs1_0.user_id=?
25-11-05 10:29:10.068 [http-nio-8080-exec-7] TRACE org.hibernate.orm.jdbc.bind - binding parameter (1:UUID) <- [49e99996-3bdd-46f2-8644-ab713e1f630b]
25-11-05 10:29:13.043 [http-nio-8080-exec-5] DEBUG org.hibernate.SQL - 
    select
        rs1_0.id,
        rs1_0.channel_id,
        rs1_0.created_at,
        rs1_0.last_read_at,
        rs1_0.updated_at,
        rs1_0.user_id 
    from
        read_statuses rs1_0 
    where
        rs1_0.user_id=?
25-11-05 10:29:13.043 [http-nio-8080-exec-5] TRACE org.hibernate.orm.jdbc.bind - binding parameter (1:UUID) <- [49e99996-3bdd-46f2-8644-ab713e1f630b]
25-11-05 10:29:13.046 [http-nio-8080-exec-5] DEBUG org.hibernate.SQL - 
    select
        c1_0.id,
        c1_0.created_at,
        c1_0.description,
        c1_0.name,
        c1_0.type,
        c1_0.updated_at 
    from
        channels c1_0 
    where
        c1_0.type=? 
        or c1_0.id in (?)
25-11-05 10:29:13.046 [http-nio-8080-exec-5] TRACE org.hibernate.orm.jdbc.bind - binding parameter (1:VARCHAR) <- [PUBLIC]
25-11-05 10:29:13.046 [http-nio-8080-exec-5] TRACE org.hibernate.orm.jdbc.bind - binding parameter (2:UUID) <- [null]
25-11-05 10:29:13.048 [http-nio-8080-exec-5] DEBUG org.hibernate.SQL - 
    select
        m1_0.created_at 
    from
        messages m1_0 
    where
        m1_0.channel_id=? 
    order by
        m1_0.created_at desc 
    fetch
        first 1 rows only
25-11-05 10:29:13.049 [http-nio-8080-exec-5] TRACE org.hibernate.orm.jdbc.bind - binding parameter (1:UUID) <- [83a5759b-95ff-499b-813b-3de24059a258]
25-11-05 10:29:13.060 [http-nio-8080-exec-4] DEBUG org.hibernate.SQL - 
    select
        rs1_0.id,
        rs1_0.channel_id,
        rs1_0.created_at,
        rs1_0.last_read_at,
        rs1_0.updated_at,
        rs1_0.user_id 
    from
        read_statuses rs1_0 
    where
        rs1_0.user_id=?
25-11-05 10:29:13.062 [http-nio-8080-exec-4] TRACE org.hibernate.orm.jdbc.bind - binding parameter (1:UUID) <- [49e99996-3bdd-46f2-8644-ab713e1f630b]
25-11-05 10:29:16.050 [http-nio-8080-exec-9] DEBUG org.hibernate.SQL - 
    select
        rs1_0.id,
        rs1_0.channel_id,
        rs1_0.created_at,
        rs1_0.last_read_at,
        rs1_0.updated_at,
        rs1_0.user_id 
    from
        read_statuses rs1_0 
    where
        rs1_0.user_id=?
25-11-05 10:29:16.050 [http-nio-8080-exec-9] TRACE org.hibernate.orm.jdbc.bind - binding parameter (1:UUID) <- [49e99996-3bdd-46f2-8644-ab713e1f630b]
25-11-05 10:29:16.054 [http-nio-8080-exec-9] DEBUG org.hibernate.SQL - 
    select
        c1_0.id,
        c1_0.created_at,
        c1_0.description,
        c1_0.name,
        c1_0.type,
        c1_0.updated_at 
    from
        channels c1_0 
    where
        c1_0.type=? 
        or c1_0.id in (?)
25-11-05 10:29:16.054 [http-nio-8080-exec-9] TRACE org.hibernate.orm.jdbc.bind - binding parameter (1:VARCHAR) <- [PUBLIC]
25-11-05 10:29:16.054 [http-nio-8080-exec-9] TRACE org.hibernate.orm.jdbc.bind - binding parameter (2:UUID) <- [null]
25-11-05 10:29:16.057 [http-nio-8080-exec-9] DEBUG org.hibernate.SQL - 
    select
        m1_0.created_at 
    from
        messages m1_0 
    where
        m1_0.channel_id=? 
    order by
        m1_0.created_at desc 
    fetch
        first 1 rows only
25-11-05 10:29:16.058 [http-nio-8080-exec-9] TRACE org.hibernate.orm.jdbc.bind - binding parameter (1:UUID) <- [83a5759b-95ff-499b-813b-3de24059a258]
25-11-05 10:29:16.070 [http-nio-8080-exec-6] DEBUG org.hibernate.SQL - 
    select
        rs1_0.id,
        rs1_0.channel_id,
        rs1_0.created_at,
        rs1_0.last_read_at,
        rs1_0.updated_at,
        rs1_0.user_id 
    from
        read_statuses rs1_0 
    where
        rs1_0.user_id=?
25-11-05 10:29:16.072 [http-nio-8080-exec-6] TRACE org.hibernate.orm.jdbc.bind - binding parameter (1:UUID) <- [49e99996-3bdd-46f2-8644-ab713e1f630b]
25-11-05 10:29:19.050 [http-nio-8080-exec-10] DEBUG org.hibernate.SQL - 
    select
        rs1_0.id,
        rs1_0.channel_id,
        rs1_0.created_at,
        rs1_0.last_read_at,
        rs1_0.updated_at,
        rs1_0.user_id 
    from
        read_statuses rs1_0 
    where
        rs1_0.user_id=?
25-11-05 10:29:19.050 [http-nio-8080-exec-10] TRACE org.hibernate.orm.jdbc.bind - binding parameter (1:UUID) <- [49e99996-3bdd-46f2-8644-ab713e1f630b]
25-11-05 10:29:19.053 [http-nio-8080-exec-10] DEBUG org.hibernate.SQL - 
    select
        c1_0.id,
        c1_0.created_at,
        c1_0.description,
        c1_0.name,
        c1_0.type,
        c1_0.updated_at 
    from
        channels c1_0 
    where
        c1_0.type=? 
        or c1_0.id in (?)
25-11-05 10:29:19.054 [http-nio-8080-exec-10] TRACE org.hibernate.orm.jdbc.bind - binding parameter (1:VARCHAR) <- [PUBLIC]
25-11-05 10:29:19.054 [http-nio-8080-exec-10] TRACE org.hibernate.orm.jdbc.bind - binding parameter (2:UUID) <- [null]
25-11-05 10:29:19.056 [http-nio-8080-exec-10] DEBUG org.hibernate.SQL - 
    select
        m1_0.created_at 
    from
        messages m1_0 
    where
        m1_0.channel_id=? 
    order by
        m1_0.created_at desc 
    fetch
        first 1 rows only
25-11-05 10:29:19.056 [http-nio-8080-exec-10] TRACE org.hibernate.orm.jdbc.bind - binding parameter (1:UUID) <- [83a5759b-95ff-499b-813b-3de24059a258]
25-11-05 10:29:19.069 [http-nio-8080-exec-8] DEBUG org.hibernate.SQL - 
    select
        rs1_0.id,
        rs1_0.channel_id,
        rs1_0.created_at,
        rs1_0.last_read_at,
        rs1_0.updated_at,
        rs1_0.user_id 
    from
        read_statuses rs1_0 
    where
        rs1_0.user_id=?
25-11-05 10:29:19.071 [http-nio-8080-exec-8] TRACE org.hibernate.orm.jdbc.bind - binding parameter (1:UUID) <- [49e99996-3bdd-46f2-8644-ab713e1f630b]
25-11-05 10:29:22.052 [http-nio-8080-exec-7] DEBUG org.hibernate.SQL - 
    select
        rs1_0.id,
        rs1_0.channel_id,
        rs1_0.created_at,
        rs1_0.last_read_at,
        rs1_0.updated_at,
        rs1_0.user_id 
    from
        read_statuses rs1_0 
    where
        rs1_0.user_id=?
25-11-05 10:29:22.052 [http-nio-8080-exec-7] TRACE org.hibernate.orm.jdbc.bind - binding parameter (1:UUID) <- [49e99996-3bdd-46f2-8644-ab713e1f630b]
25-11-05 10:29:22.056 [http-nio-8080-exec-7] DEBUG org.hibernate.SQL - 
    select
        c1_0.id,
        c1_0.created_at,
        c1_0.description,
        c1_0.name,
        c1_0.type,
        c1_0.updated_at 
    from
        channels c1_0 
    where
        c1_0.type=? 
        or c1_0.id in (?)
25-11-05 10:29:22.056 [http-nio-8080-exec-7] TRACE org.hibernate.orm.jdbc.bind - binding parameter (1:VARCHAR) <- [PUBLIC]
25-11-05 10:29:22.056 [http-nio-8080-exec-7] TRACE org.hibernate.orm.jdbc.bind - binding parameter (2:UUID) <- [null]
25-11-05 10:29:22.058 [http-nio-8080-exec-7] DEBUG org.hibernate.SQL - 
    select
        m1_0.created_at 
    from
        messages m1_0 
    where
        m1_0.channel_id=? 
    order by
        m1_0.created_at desc 
    fetch
        first 1 rows only
25-11-05 10:29:22.058 [http-nio-8080-exec-7] TRACE org.hibernate.orm.jdbc.bind - binding parameter (1:UUID) <- [83a5759b-95ff-499b-813b-3de24059a258]
25-11-05 10:29:22.069 [http-nio-8080-exec-5] DEBUG org.hibernate.SQL - 
    select
        rs1_0.id,
        rs1_0.channel_id,
        rs1_0.created_at,
        rs1_0.last_read_at,
        rs1_0.updated_at,
        rs1_0.user_id 
    from
        read_statuses rs1_0 
    where
        rs1_0.user_id=?
25-11-05 10:29:22.071 [http-nio-8080-exec-5] TRACE org.hibernate.orm.jdbc.bind - binding parameter (1:UUID) <- [49e99996-3bdd-46f2-8644-ab713e1f630b]
25-11-05 10:29:25.040 [http-nio-8080-exec-4] DEBUG org.hibernate.SQL - 
    select
        rs1_0.id,
        rs1_0.channel_id,
        rs1_0.created_at,
        rs1_0.last_read_at,
        rs1_0.updated_at,
        rs1_0.user_id 
    from
        read_statuses rs1_0 
    where
        rs1_0.user_id=?
25-11-05 10:29:25.040 [http-nio-8080-exec-4] TRACE org.hibernate.orm.jdbc.bind - binding parameter (1:UUID) <- [49e99996-3bdd-46f2-8644-ab713e1f630b]
25-11-05 10:29:25.042 [http-nio-8080-exec-4] DEBUG org.hibernate.SQL - 
    select
        c1_0.id,
        c1_0.created_at,
        c1_0.description,
        c1_0.name,
        c1_0.type,
        c1_0.updated_at 
    from
        channels c1_0 
    where
        c1_0.type=? 
        or c1_0.id in (?)
25-11-05 10:29:25.042 [http-nio-8080-exec-4] TRACE org.hibernate.orm.jdbc.bind - binding parameter (1:VARCHAR) <- [PUBLIC]
25-11-05 10:29:25.042 [http-nio-8080-exec-4] TRACE org.hibernate.orm.jdbc.bind - binding parameter (2:UUID) <- [null]
25-11-05 10:29:25.045 [http-nio-8080-exec-4] DEBUG org.hibernate.SQL - 
    select
        m1_0.created_at 
    from
        messages m1_0 
    where
        m1_0.channel_id=? 
    order by
        m1_0.created_at desc 
    fetch
        first 1 rows only
25-11-05 10:29:25.045 [http-nio-8080-exec-4] TRACE org.hibernate.orm.jdbc.bind - binding parameter (1:UUID) <- [83a5759b-95ff-499b-813b-3de24059a258]
25-11-05 10:29:25.057 [http-nio-8080-exec-9] DEBUG org.hibernate.SQL - 
    select
        rs1_0.id,
        rs1_0.channel_id,
        rs1_0.created_at,
        rs1_0.last_read_at,
        rs1_0.updated_at,
        rs1_0.user_id 
    from
        read_statuses rs1_0 
    where
        rs1_0.user_id=?
25-11-05 10:29:25.057 [http-nio-8080-exec-9] TRACE org.hibernate.orm.jdbc.bind - binding parameter (1:UUID) <- [49e99996-3bdd-46f2-8644-ab713e1f630b]
25-11-05 10:29:28.052 [http-nio-8080-exec-6] DEBUG org.hibernate.SQL - 
    select
        rs1_0.id,
        rs1_0.channel_id,
        rs1_0.created_at,
        rs1_0.last_read_at,
        rs1_0.updated_at,
        rs1_0.user_id 
    from
        read_statuses rs1_0 
    where
        rs1_0.user_id=?
25-11-05 10:29:28.052 [http-nio-8080-exec-6] TRACE org.hibernate.orm.jdbc.bind - binding parameter (1:UUID) <- [49e99996-3bdd-46f2-8644-ab713e1f630b]
25-11-05 10:29:28.055 [http-nio-8080-exec-6] DEBUG org.hibernate.SQL - 
    select
        c1_0.id,
        c1_0.created_at,
        c1_0.description,
        c1_0.name,
        c1_0.type,
        c1_0.updated_at 
    from
        channels c1_0 
    where
        c1_0.type=? 
        or c1_0.id in (?)
25-11-05 10:29:28.055 [http-nio-8080-exec-6] TRACE org.hibernate.orm.jdbc.bind - binding parameter (1:VARCHAR) <- [PUBLIC]
25-11-05 10:29:28.055 [http-nio-8080-exec-6] TRACE org.hibernate.orm.jdbc.bind - binding parameter (2:UUID) <- [null]
25-11-05 10:29:28.057 [http-nio-8080-exec-6] DEBUG org.hibernate.SQL - 
    select
        m1_0.created_at 
    from
        messages m1_0 
    where
        m1_0.channel_id=? 
    order by
        m1_0.created_at desc 
    fetch
        first 1 rows only
25-11-05 10:29:28.057 [http-nio-8080-exec-6] TRACE org.hibernate.orm.jdbc.bind - binding parameter (1:UUID) <- [83a5759b-95ff-499b-813b-3de24059a258]
25-11-05 10:29:28.066 [http-nio-8080-exec-2] DEBUG org.hibernate.SQL - 
    select
        rs1_0.id,
        rs1_0.channel_id,
        rs1_0.created_at,
        rs1_0.last_read_at,
        rs1_0.updated_at,
        rs1_0.user_id 
    from
        read_statuses rs1_0 
    where
        rs1_0.user_id=?
25-11-05 10:29:28.067 [http-nio-8080-exec-2] TRACE org.hibernate.orm.jdbc.bind - binding parameter (1:UUID) <- [49e99996-3bdd-46f2-8644-ab713e1f630b]
25-11-05 10:29:31.053 [http-nio-8080-exec-1] DEBUG org.hibernate.SQL - 
    select
        rs1_0.id,
        rs1_0.channel_id,
        rs1_0.created_at,
        rs1_0.last_read_at,
        rs1_0.updated_at,
        rs1_0.user_id 
    from
        read_statuses rs1_0 
    where
        rs1_0.user_id=?
25-11-05 10:29:31.054 [http-nio-8080-exec-1] TRACE org.hibernate.orm.jdbc.bind - binding parameter (1:UUID) <- [49e99996-3bdd-46f2-8644-ab713e1f630b]
25-11-05 10:29:31.057 [http-nio-8080-exec-1] DEBUG org.hibernate.SQL - 
    select
        c1_0.id,
        c1_0.created_at,
        c1_0.description,
        c1_0.name,
        c1_0.type,
        c1_0.updated_at 
    from
        channels c1_0 
    where
        c1_0.type=? 
        or c1_0.id in (?)
25-11-05 10:29:31.057 [http-nio-8080-exec-1] TRACE org.hibernate.orm.jdbc.bind - binding parameter (1:VARCHAR) <- [PUBLIC]
25-11-05 10:29:31.057 [http-nio-8080-exec-1] TRACE org.hibernate.orm.jdbc.bind - binding parameter (2:UUID) <- [null]
25-11-05 10:29:31.062 [http-nio-8080-exec-1] DEBUG org.hibernate.SQL - 
    select
        m1_0.created_at 
    from
        messages m1_0 
    where
        m1_0.channel_id=? 
    order by
        m1_0.created_at desc 
    fetch
        first 1 rows only
25-11-05 10:29:31.062 [http-nio-8080-exec-1] TRACE org.hibernate.orm.jdbc.bind - binding parameter (1:UUID) <- [83a5759b-95ff-499b-813b-3de24059a258]
25-11-05 10:29:31.075 [http-nio-8080-exec-3] DEBUG org.hibernate.SQL - 
    select
        rs1_0.id,
        rs1_0.channel_id,
        rs1_0.created_at,
        rs1_0.last_read_at,
        rs1_0.updated_at,
        rs1_0.user_id 
    from
        read_statuses rs1_0 
    where
        rs1_0.user_id=?
25-11-05 10:29:31.077 [http-nio-8080-exec-3] TRACE org.hibernate.orm.jdbc.bind - binding parameter (1:UUID) <- [49e99996-3bdd-46f2-8644-ab713e1f630b]
25-11-05 10:29:34.040 [http-nio-8080-exec-10] DEBUG org.hibernate.SQL - 
    select
        rs1_0.id,
        rs1_0.channel_id,
        rs1_0.created_at,
        rs1_0.last_read_at,
        rs1_0.updated_at,
        rs1_0.user_id 
    from
        read_statuses rs1_0 
    where
        rs1_0.user_id=?
25-11-05 10:29:34.040 [http-nio-8080-exec-10] TRACE org.hibernate.orm.jdbc.bind - binding parameter (1:UUID) <- [49e99996-3bdd-46f2-8644-ab713e1f630b]
25-11-05 10:29:34.042 [http-nio-8080-exec-10] DEBUG org.hibernate.SQL - 
    select
        c1_0.id,
        c1_0.created_at,
        c1_0.description,
        c1_0.name,
        c1_0.type,
        c1_0.updated_at 
    from
        channels c1_0 
    where
        c1_0.type=? 
        or c1_0.id in (?)
25-11-05 10:29:34.042 [http-nio-8080-exec-10] TRACE org.hibernate.orm.jdbc.bind - binding parameter (1:VARCHAR) <- [PUBLIC]
25-11-05 10:29:34.042 [http-nio-8080-exec-10] TRACE org.hibernate.orm.jdbc.bind - binding parameter (2:UUID) <- [null]
25-11-05 10:29:34.045 [http-nio-8080-exec-10] DEBUG org.hibernate.SQL - 
    select
        m1_0.created_at 
    from
        messages m1_0 
    where
        m1_0.channel_id=? 
    order by
        m1_0.created_at desc 
    fetch
        first 1 rows only
25-11-05 10:29:34.045 [http-nio-8080-exec-10] TRACE org.hibernate.orm.jdbc.bind - binding parameter (1:UUID) <- [83a5759b-95ff-499b-813b-3de24059a258]
25-11-05 10:29:34.056 [http-nio-8080-exec-8] DEBUG org.hibernate.SQL - 
    select
        rs1_0.id,
        rs1_0.channel_id,
        rs1_0.created_at,
        rs1_0.last_read_at,
        rs1_0.updated_at,
        rs1_0.user_id 
    from
        read_statuses rs1_0 
    where
        rs1_0.user_id=?
25-11-05 10:29:34.059 [http-nio-8080-exec-8] TRACE org.hibernate.orm.jdbc.bind - binding parameter (1:UUID) <- [49e99996-3bdd-46f2-8644-ab713e1f630b]
25-11-05 10:29:37.050 [http-nio-8080-exec-7] DEBUG org.hibernate.SQL - 
    select
        rs1_0.id,
        rs1_0.channel_id,
        rs1_0.created_at,
        rs1_0.last_read_at,
        rs1_0.updated_at,
        rs1_0.user_id 
    from
        read_statuses rs1_0 
    where
        rs1_0.user_id=?
25-11-05 10:29:37.050 [http-nio-8080-exec-7] TRACE org.hibernate.orm.jdbc.bind - binding parameter (1:UUID) <- [49e99996-3bdd-46f2-8644-ab713e1f630b]
25-11-05 10:29:37.052 [http-nio-8080-exec-7] DEBUG org.hibernate.SQL - 
    select
        c1_0.id,
        c1_0.created_at,
        c1_0.description,
        c1_0.name,
        c1_0.type,
        c1_0.updated_at 
    from
        channels c1_0 
    where
        c1_0.type=? 
        or c1_0.id in (?)
25-11-05 10:29:37.053 [http-nio-8080-exec-7] TRACE org.hibernate.orm.jdbc.bind - binding parameter (1:VARCHAR) <- [PUBLIC]
25-11-05 10:29:37.053 [http-nio-8080-exec-7] TRACE org.hibernate.orm.jdbc.bind - binding parameter (2:UUID) <- [null]
25-11-05 10:29:37.054 [http-nio-8080-exec-7] DEBUG org.hibernate.SQL - 
    select
        m1_0.created_at 
    from
        messages m1_0 
    where
        m1_0.channel_id=? 
    order by
        m1_0.created_at desc 
    fetch
        first 1 rows only
25-11-05 10:29:37.055 [http-nio-8080-exec-7] TRACE org.hibernate.orm.jdbc.bind - binding parameter (1:UUID) <- [83a5759b-95ff-499b-813b-3de24059a258]
25-11-05 10:29:37.066 [http-nio-8080-exec-5] DEBUG org.hibernate.SQL - 
    select
        rs1_0.id,
        rs1_0.channel_id,
        rs1_0.created_at,
        rs1_0.last_read_at,
        rs1_0.updated_at,
        rs1_0.user_id 
    from
        read_statuses rs1_0 
    where
        rs1_0.user_id=?
25-11-05 10:29:37.068 [http-nio-8080-exec-5] TRACE org.hibernate.orm.jdbc.bind - binding parameter (1:UUID) <- [49e99996-3bdd-46f2-8644-ab713e1f630b]
25-11-05 10:29:40.038 [http-nio-8080-exec-4] INFO  c.s.m.d.controller.UserController - 유저 상태 업데이트 요청 수신: userId=49e99996-3bdd-46f2-8644-ab713e1f630b, newLastActiveAt=2025-11-05T01:29:40.033Z
25-11-05 10:29:40.039 [http-nio-8080-exec-9] DEBUG org.hibernate.SQL - 
    select
        u1_0.id,
        u1_0.created_at,
        u1_0.email,
        u1_0.password,
        p1_0.id,
        p1_0.content_type,
        p1_0.created_at,
        p1_0.file_name,
        p1_0.size,
        s1_0.id,
        s1_0.created_at,
        s1_0.last_active_at,
        s1_0.updated_at,
        s1_0.user_id,
        u1_0.updated_at,
        u1_0.username 
    from
        users u1_0 
    left join
        binary_contents p1_0 
            on p1_0.id=u1_0.profile_id 
    join
        user_statuses s1_0 
            on u1_0.id=s1_0.user_id
25-11-05 10:29:40.042 [http-nio-8080-exec-4] DEBUG org.hibernate.SQL - 
    select
        us1_0.id,
        us1_0.created_at,
        us1_0.last_active_at,
        us1_0.updated_at,
        us1_0.user_id 
    from
        user_statuses us1_0 
    where
        us1_0.user_id=?
25-11-05 10:29:40.042 [http-nio-8080-exec-6] DEBUG org.hibernate.SQL - 
    select
        rs1_0.id,
        rs1_0.channel_id,
        rs1_0.created_at,
        rs1_0.last_read_at,
        rs1_0.updated_at,
        rs1_0.user_id 
    from
        read_statuses rs1_0 
    where
        rs1_0.user_id=?
25-11-05 10:29:40.043 [http-nio-8080-exec-4] TRACE org.hibernate.orm.jdbc.bind - binding parameter (1:UUID) <- [49e99996-3bdd-46f2-8644-ab713e1f630b]
25-11-05 10:29:40.043 [http-nio-8080-exec-6] TRACE org.hibernate.orm.jdbc.bind - binding parameter (1:UUID) <- [49e99996-3bdd-46f2-8644-ab713e1f630b]
25-11-05 10:29:40.045 [http-nio-8080-exec-9] INFO  c.s.m.d.s.basic.BasicUserService - 모든 유저 목록 조회 완료. 총 4명
25-11-05 10:29:40.045 [http-nio-8080-exec-9] INFO  c.s.m.d.controller.UserController - 모든 유저 목록 조회 완료. 총 4명
25-11-05 10:29:40.047 [http-nio-8080-exec-6] DEBUG org.hibernate.SQL - 
    select
        c1_0.id,
        c1_0.created_at,
        c1_0.description,
        c1_0.name,
        c1_0.type,
        c1_0.updated_at 
    from
        channels c1_0 
    where
        c1_0.type=? 
        or c1_0.id in (?)
25-11-05 10:29:40.047 [http-nio-8080-exec-4] DEBUG org.hibernate.SQL - 
    update
        user_statuses 
    set
        last_active_at=?,
        updated_at=?,
        user_id=? 
    where
        id=?
25-11-05 10:29:40.047 [http-nio-8080-exec-6] TRACE org.hibernate.orm.jdbc.bind - binding parameter (1:VARCHAR) <- [PUBLIC]
25-11-05 10:29:40.047 [http-nio-8080-exec-4] TRACE org.hibernate.orm.jdbc.bind - binding parameter (1:TIMESTAMP_UTC) <- [2025-11-05T01:29:40.033Z]
25-11-05 10:29:40.047 [http-nio-8080-exec-6] TRACE org.hibernate.orm.jdbc.bind - binding parameter (2:UUID) <- [null]
25-11-05 10:29:40.047 [http-nio-8080-exec-4] TRACE org.hibernate.orm.jdbc.bind - binding parameter (2:TIMESTAMP_UTC) <- [2025-11-05T01:29:40.046887100Z]
25-11-05 10:29:40.047 [http-nio-8080-exec-4] TRACE org.hibernate.orm.jdbc.bind - binding parameter (3:UUID) <- [49e99996-3bdd-46f2-8644-ab713e1f630b]
25-11-05 10:29:40.047 [http-nio-8080-exec-4] TRACE org.hibernate.orm.jdbc.bind - binding parameter (4:UUID) <- [3627bb27-cda3-46c3-a713-15ab6d1fb463]
25-11-05 10:29:40.051 [http-nio-8080-exec-6] DEBUG org.hibernate.SQL - 
    select
        m1_0.created_at 
    from
        messages m1_0 
    where
        m1_0.channel_id=? 
    order by
        m1_0.created_at desc 
    fetch
        first 1 rows only
25-11-05 10:29:40.051 [http-nio-8080-exec-6] TRACE org.hibernate.orm.jdbc.bind - binding parameter (1:UUID) <- [83a5759b-95ff-499b-813b-3de24059a258]
25-11-05 10:29:40.058 [http-nio-8080-exec-2] DEBUG org.hibernate.SQL - 
    select
        rs1_0.id,
        rs1_0.channel_id,
        rs1_0.created_at,
        rs1_0.last_read_at,
        rs1_0.updated_at,
        rs1_0.user_id 
    from
        read_statuses rs1_0 
    where
        rs1_0.user_id=?
25-11-05 10:29:40.059 [http-nio-8080-exec-2] TRACE org.hibernate.orm.jdbc.bind - binding parameter (1:UUID) <- [49e99996-3bdd-46f2-8644-ab713e1f630b]
25-11-05 10:29:40.063 [http-nio-8080-exec-4] INFO  c.s.m.d.controller.UserController - 유저 상태 업데이트 성공: userId=49e99996-3bdd-46f2-8644-ab713e1f630b, newLastActiveAt=2025-11-05T01:29:40.033Z
25-11-05 10:29:40.064 [http-nio-8080-exec-1] DEBUG org.hibernate.SQL - 
    select
        rs1_0.id,
        rs1_0.channel_id,
        rs1_0.created_at,
        rs1_0.last_read_at,
        rs1_0.updated_at,
        rs1_0.user_id 
    from
        read_statuses rs1_0 
    where
        rs1_0.user_id=?
25-11-05 10:29:40.064 [http-nio-8080-exec-1] TRACE org.hibernate.orm.jdbc.bind - binding parameter (1:UUID) <- [49e99996-3bdd-46f2-8644-ab713e1f630b]
25-11-05 10:29:40.070 [http-nio-8080-exec-1] DEBUG org.hibernate.SQL - 
    select
        c1_0.id,
        c1_0.created_at,
        c1_0.description,
        c1_0.name,
        c1_0.type,
        c1_0.updated_at 
    from
        channels c1_0 
    where
        c1_0.type=? 
        or c1_0.id in (?)
25-11-05 10:29:40.070 [http-nio-8080-exec-1] TRACE org.hibernate.orm.jdbc.bind - binding parameter (1:VARCHAR) <- [PUBLIC]
25-11-05 10:29:40.070 [http-nio-8080-exec-1] TRACE org.hibernate.orm.jdbc.bind - binding parameter (2:UUID) <- [null]
25-11-05 10:29:40.071 [http-nio-8080-exec-3] DEBUG org.hibernate.SQL - 
    select
        rs1_0.id,
        rs1_0.channel_id,
        rs1_0.created_at,
        rs1_0.last_read_at,
        rs1_0.updated_at,
        rs1_0.user_id 
    from
        read_statuses rs1_0 
    where
        rs1_0.user_id=?
25-11-05 10:29:40.071 [http-nio-8080-exec-3] TRACE org.hibernate.orm.jdbc.bind - binding parameter (1:UUID) <- [49e99996-3bdd-46f2-8644-ab713e1f630b]
25-11-05 10:29:40.074 [http-nio-8080-exec-1] DEBUG org.hibernate.SQL - 
    select
        m1_0.created_at 
    from
        messages m1_0 
    where
        m1_0.channel_id=? 
    order by
        m1_0.created_at desc 
    fetch
        first 1 rows only
25-11-05 10:29:40.074 [http-nio-8080-exec-1] TRACE org.hibernate.orm.jdbc.bind - binding parameter (1:UUID) <- [83a5759b-95ff-499b-813b-3de24059a258]
25-11-05 10:29:40.086 [http-nio-8080-exec-10] DEBUG org.hibernate.SQL - 
    select
        rs1_0.id,
        rs1_0.channel_id,
        rs1_0.created_at,
        rs1_0.last_read_at,
        rs1_0.updated_at,
        rs1_0.user_id 
    from
        read_statuses rs1_0 
    where
        rs1_0.user_id=?
25-11-05 10:29:40.086 [http-nio-8080-exec-10] TRACE org.hibernate.orm.jdbc.bind - binding parameter (1:UUID) <- [49e99996-3bdd-46f2-8644-ab713e1f630b]
25-11-05 10:29:44.043 [http-nio-8080-exec-8] DEBUG org.hibernate.SQL - 
    select
        rs1_0.id,
        rs1_0.channel_id,
        rs1_0.created_at,
        rs1_0.last_read_at,
        rs1_0.updated_at,
        rs1_0.user_id 
    from
        read_statuses rs1_0 
    where
        rs1_0.user_id=?
25-11-05 10:29:44.044 [http-nio-8080-exec-8] TRACE org.hibernate.orm.jdbc.bind - binding parameter (1:UUID) <- [49e99996-3bdd-46f2-8644-ab713e1f630b]
25-11-05 10:29:44.045 [http-nio-8080-exec-8] DEBUG org.hibernate.SQL - 
    select
        c1_0.id,
        c1_0.created_at,
        c1_0.description,
        c1_0.name,
        c1_0.type,
        c1_0.updated_at 
    from
        channels c1_0 
    where
        c1_0.type=? 
        or c1_0.id in (?)
25-11-05 10:29:44.046 [http-nio-8080-exec-8] TRACE org.hibernate.orm.jdbc.bind - binding parameter (1:VARCHAR) <- [PUBLIC]
25-11-05 10:29:44.046 [http-nio-8080-exec-8] TRACE org.hibernate.orm.jdbc.bind - binding parameter (2:UUID) <- [null]
25-11-05 10:29:44.048 [http-nio-8080-exec-8] DEBUG org.hibernate.SQL - 
    select
        m1_0.created_at 
    from
        messages m1_0 
    where
        m1_0.channel_id=? 
    order by
        m1_0.created_at desc 
    fetch
        first 1 rows only
25-11-05 10:29:44.048 [http-nio-8080-exec-8] TRACE org.hibernate.orm.jdbc.bind - binding parameter (1:UUID) <- [83a5759b-95ff-499b-813b-3de24059a258]
25-11-05 10:29:44.057 [http-nio-8080-exec-7] DEBUG org.hibernate.SQL - 
    select
        rs1_0.id,
        rs1_0.channel_id,
        rs1_0.created_at,
        rs1_0.last_read_at,
        rs1_0.updated_at,
        rs1_0.user_id 
    from
        read_statuses rs1_0 
    where
        rs1_0.user_id=?
25-11-05 10:29:44.059 [http-nio-8080-exec-7] TRACE org.hibernate.orm.jdbc.bind - binding parameter (1:UUID) <- [49e99996-3bdd-46f2-8644-ab713e1f630b]
25-11-05 10:29:47.046 [http-nio-8080-exec-5] DEBUG org.hibernate.SQL - 
    select
        rs1_0.id,
        rs1_0.channel_id,
        rs1_0.created_at,
        rs1_0.last_read_at,
        rs1_0.updated_at,
        rs1_0.user_id 
    from
        read_statuses rs1_0 
    where
        rs1_0.user_id=?
25-11-05 10:29:47.046 [http-nio-8080-exec-5] TRACE org.hibernate.orm.jdbc.bind - binding parameter (1:UUID) <- [49e99996-3bdd-46f2-8644-ab713e1f630b]
25-11-05 10:29:47.052 [http-nio-8080-exec-5] DEBUG org.hibernate.SQL - 
    select
        c1_0.id,
        c1_0.created_at,
        c1_0.description,
        c1_0.name,
        c1_0.type,
        c1_0.updated_at 
    from
        channels c1_0 
    where
        c1_0.type=? 
        or c1_0.id in (?)
25-11-05 10:29:47.052 [http-nio-8080-exec-5] TRACE org.hibernate.orm.jdbc.bind - binding parameter (1:VARCHAR) <- [PUBLIC]
25-11-05 10:29:47.052 [http-nio-8080-exec-5] TRACE org.hibernate.orm.jdbc.bind - binding parameter (2:UUID) <- [null]
25-11-05 10:29:47.055 [http-nio-8080-exec-5] DEBUG org.hibernate.SQL - 
    select
        m1_0.created_at 
    from
        messages m1_0 
    where
        m1_0.channel_id=? 
    order by
        m1_0.created_at desc 
    fetch
        first 1 rows only
25-11-05 10:29:47.056 [http-nio-8080-exec-5] TRACE org.hibernate.orm.jdbc.bind - binding parameter (1:UUID) <- [83a5759b-95ff-499b-813b-3de24059a258]
25-11-05 10:29:47.070 [http-nio-8080-exec-9] DEBUG org.hibernate.SQL - 
    select
        rs1_0.id,
        rs1_0.channel_id,
        rs1_0.created_at,
        rs1_0.last_read_at,
        rs1_0.updated_at,
        rs1_0.user_id 
    from
        read_statuses rs1_0 
    where
        rs1_0.user_id=?
25-11-05 10:29:47.070 [http-nio-8080-exec-9] TRACE org.hibernate.orm.jdbc.bind - binding parameter (1:UUID) <- [49e99996-3bdd-46f2-8644-ab713e1f630b]
25-11-05 10:29:50.046 [http-nio-8080-exec-6] DEBUG org.hibernate.SQL - 
    select
        rs1_0.id,
        rs1_0.channel_id,
        rs1_0.created_at,
        rs1_0.last_read_at,
        rs1_0.updated_at,
        rs1_0.user_id 
    from
        read_statuses rs1_0 
    where
        rs1_0.user_id=?
25-11-05 10:29:50.047 [http-nio-8080-exec-6] TRACE org.hibernate.orm.jdbc.bind - binding parameter (1:UUID) <- [49e99996-3bdd-46f2-8644-ab713e1f630b]
25-11-05 10:29:50.049 [http-nio-8080-exec-6] DEBUG org.hibernate.SQL - 
    select
        c1_0.id,
        c1_0.created_at,
        c1_0.description,
        c1_0.name,
        c1_0.type,
        c1_0.updated_at 
    from
        channels c1_0 
    where
        c1_0.type=? 
        or c1_0.id in (?)
25-11-05 10:29:50.050 [http-nio-8080-exec-6] TRACE org.hibernate.orm.jdbc.bind - binding parameter (1:VARCHAR) <- [PUBLIC]
25-11-05 10:29:50.050 [http-nio-8080-exec-6] TRACE org.hibernate.orm.jdbc.bind - binding parameter (2:UUID) <- [null]
25-11-05 10:29:50.052 [http-nio-8080-exec-6] DEBUG org.hibernate.SQL - 
    select
        m1_0.created_at 
    from
        messages m1_0 
    where
        m1_0.channel_id=? 
    order by
        m1_0.created_at desc 
    fetch
        first 1 rows only
25-11-05 10:29:50.052 [http-nio-8080-exec-6] TRACE org.hibernate.orm.jdbc.bind - binding parameter (1:UUID) <- [83a5759b-95ff-499b-813b-3de24059a258]
25-11-05 10:29:50.064 [http-nio-8080-exec-2] DEBUG org.hibernate.SQL - 
    select
        rs1_0.id,
        rs1_0.channel_id,
        rs1_0.created_at,
        rs1_0.last_read_at,
        rs1_0.updated_at,
        rs1_0.user_id 
    from
        read_statuses rs1_0 
    where
        rs1_0.user_id=?
25-11-05 10:29:50.066 [http-nio-8080-exec-2] TRACE org.hibernate.orm.jdbc.bind - binding parameter (1:UUID) <- [49e99996-3bdd-46f2-8644-ab713e1f630b]
25-11-05 10:29:53.044 [http-nio-8080-exec-4] DEBUG org.hibernate.SQL - 
    select
        rs1_0.id,
        rs1_0.channel_id,
        rs1_0.created_at,
        rs1_0.last_read_at,
        rs1_0.updated_at,
        rs1_0.user_id 
    from
        read_statuses rs1_0 
    where
        rs1_0.user_id=?
25-11-05 10:29:53.044 [http-nio-8080-exec-4] TRACE org.hibernate.orm.jdbc.bind - binding parameter (1:UUID) <- [49e99996-3bdd-46f2-8644-ab713e1f630b]
25-11-05 10:29:53.046 [http-nio-8080-exec-4] DEBUG org.hibernate.SQL - 
    select
        c1_0.id,
        c1_0.created_at,
        c1_0.description,
        c1_0.name,
        c1_0.type,
        c1_0.updated_at 
    from
        channels c1_0 
    where
        c1_0.type=? 
        or c1_0.id in (?)
25-11-05 10:29:53.046 [http-nio-8080-exec-4] TRACE org.hibernate.orm.jdbc.bind - binding parameter (1:VARCHAR) <- [PUBLIC]
25-11-05 10:29:53.046 [http-nio-8080-exec-4] TRACE org.hibernate.orm.jdbc.bind - binding parameter (2:UUID) <- [null]
25-11-05 10:29:53.048 [http-nio-8080-exec-4] DEBUG org.hibernate.SQL - 
    select
        m1_0.created_at 
    from
        messages m1_0 
    where
        m1_0.channel_id=? 
    order by
        m1_0.created_at desc 
    fetch
        first 1 rows only
25-11-05 10:29:53.048 [http-nio-8080-exec-4] TRACE org.hibernate.orm.jdbc.bind - binding parameter (1:UUID) <- [83a5759b-95ff-499b-813b-3de24059a258]
25-11-05 10:29:53.055 [http-nio-8080-exec-3] DEBUG org.hibernate.SQL - 
    select
        rs1_0.id,
        rs1_0.channel_id,
        rs1_0.created_at,
        rs1_0.last_read_at,
        rs1_0.updated_at,
        rs1_0.user_id 
    from
        read_statuses rs1_0 
    where
        rs1_0.user_id=?
25-11-05 10:29:53.055 [http-nio-8080-exec-3] TRACE org.hibernate.orm.jdbc.bind - binding parameter (1:UUID) <- [49e99996-3bdd-46f2-8644-ab713e1f630b]
25-11-05 10:29:56.047 [http-nio-8080-exec-1] DEBUG org.hibernate.SQL - 
    select
        rs1_0.id,
        rs1_0.channel_id,
        rs1_0.created_at,
        rs1_0.last_read_at,
        rs1_0.updated_at,
        rs1_0.user_id 
    from
        read_statuses rs1_0 
    where
        rs1_0.user_id=?
25-11-05 10:29:56.047 [http-nio-8080-exec-1] TRACE org.hibernate.orm.jdbc.bind - binding parameter (1:UUID) <- [49e99996-3bdd-46f2-8644-ab713e1f630b]
25-11-05 10:29:56.050 [http-nio-8080-exec-1] DEBUG org.hibernate.SQL - 
    select
        c1_0.id,
        c1_0.created_at,
        c1_0.description,
        c1_0.name,
        c1_0.type,
        c1_0.updated_at 
    from
        channels c1_0 
    where
        c1_0.type=? 
        or c1_0.id in (?)
25-11-05 10:29:56.050 [http-nio-8080-exec-1] TRACE org.hibernate.orm.jdbc.bind - binding parameter (1:VARCHAR) <- [PUBLIC]
25-11-05 10:29:56.050 [http-nio-8080-exec-1] TRACE org.hibernate.orm.jdbc.bind - binding parameter (2:UUID) <- [null]
25-11-05 10:29:56.053 [http-nio-8080-exec-1] DEBUG org.hibernate.SQL - 
    select
        m1_0.created_at 
    from
        messages m1_0 
    where
        m1_0.channel_id=? 
    order by
        m1_0.created_at desc 
    fetch
        first 1 rows only
25-11-05 10:29:56.053 [http-nio-8080-exec-1] TRACE org.hibernate.orm.jdbc.bind - binding parameter (1:UUID) <- [83a5759b-95ff-499b-813b-3de24059a258]
25-11-05 10:29:56.070 [http-nio-8080-exec-10] DEBUG org.hibernate.SQL - 
    select
        rs1_0.id,
        rs1_0.channel_id,
        rs1_0.created_at,
        rs1_0.last_read_at,
        rs1_0.updated_at,
        rs1_0.user_id 
    from
        read_statuses rs1_0 
    where
        rs1_0.user_id=?
25-11-05 10:29:56.074 [http-nio-8080-exec-10] TRACE org.hibernate.orm.jdbc.bind - binding parameter (1:UUID) <- [49e99996-3bdd-46f2-8644-ab713e1f630b]
25-11-05 10:29:59.047 [http-nio-8080-exec-8] DEBUG org.hibernate.SQL - 
    select
        rs1_0.id,
        rs1_0.channel_id,
        rs1_0.created_at,
        rs1_0.last_read_at,
        rs1_0.updated_at,
        rs1_0.user_id 
    from
        read_statuses rs1_0 
    where
        rs1_0.user_id=?
25-11-05 10:29:59.048 [http-nio-8080-exec-8] TRACE org.hibernate.orm.jdbc.bind - binding parameter (1:UUID) <- [49e99996-3bdd-46f2-8644-ab713e1f630b]
25-11-05 10:29:59.050 [http-nio-8080-exec-8] DEBUG org.hibernate.SQL - 
    select
        c1_0.id,
        c1_0.created_at,
        c1_0.description,
        c1_0.name,
        c1_0.type,
        c1_0.updated_at 
    from
        channels c1_0 
    where
        c1_0.type=? 
        or c1_0.id in (?)
25-11-05 10:29:59.050 [http-nio-8080-exec-8] TRACE org.hibernate.orm.jdbc.bind - binding parameter (1:VARCHAR) <- [PUBLIC]
25-11-05 10:29:59.050 [http-nio-8080-exec-8] TRACE org.hibernate.orm.jdbc.bind - binding parameter (2:UUID) <- [null]
25-11-05 10:29:59.052 [http-nio-8080-exec-8] DEBUG org.hibernate.SQL - 
    select
        m1_0.created_at 
    from
        messages m1_0 
    where
        m1_0.channel_id=? 
    order by
        m1_0.created_at desc 
    fetch
        first 1 rows only
25-11-05 10:29:59.052 [http-nio-8080-exec-8] TRACE org.hibernate.orm.jdbc.bind - binding parameter (1:UUID) <- [83a5759b-95ff-499b-813b-3de24059a258]
25-11-05 10:29:59.060 [http-nio-8080-exec-7] DEBUG org.hibernate.SQL - 
    select
        rs1_0.id,
        rs1_0.channel_id,
        rs1_0.created_at,
        rs1_0.last_read_at,
        rs1_0.updated_at,
        rs1_0.user_id 
    from
        read_statuses rs1_0 
    where
        rs1_0.user_id=?
25-11-05 10:29:59.063 [http-nio-8080-exec-7] TRACE org.hibernate.orm.jdbc.bind - binding parameter (1:UUID) <- [49e99996-3bdd-46f2-8644-ab713e1f630b]
25-11-05 10:30:10.043 [http-nio-8080-exec-5] INFO  c.s.m.d.controller.UserController - 유저 상태 업데이트 요청 수신: userId=49e99996-3bdd-46f2-8644-ab713e1f630b, newLastActiveAt=2025-11-05T01:30:10.038Z
25-11-05 10:30:10.046 [http-nio-8080-exec-5] DEBUG org.hibernate.SQL - 
    select
        us1_0.id,
        us1_0.created_at,
        us1_0.last_active_at,
        us1_0.updated_at,
        us1_0.user_id 
    from
        user_statuses us1_0 
    where
        us1_0.user_id=?
25-11-05 10:30:10.046 [http-nio-8080-exec-5] TRACE org.hibernate.orm.jdbc.bind - binding parameter (1:UUID) <- [49e99996-3bdd-46f2-8644-ab713e1f630b]
25-11-05 10:30:10.050 [http-nio-8080-exec-5] DEBUG org.hibernate.SQL - 
    update
        user_statuses 
    set
        last_active_at=?,
        updated_at=?,
        user_id=? 
    where
        id=?
25-11-05 10:30:10.050 [http-nio-8080-exec-5] TRACE org.hibernate.orm.jdbc.bind - binding parameter (1:TIMESTAMP_UTC) <- [2025-11-05T01:30:10.038Z]
25-11-05 10:30:10.051 [http-nio-8080-exec-5] TRACE org.hibernate.orm.jdbc.bind - binding parameter (2:TIMESTAMP_UTC) <- [2025-11-05T01:30:10.049002100Z]
25-11-05 10:30:10.051 [http-nio-8080-exec-5] TRACE org.hibernate.orm.jdbc.bind - binding parameter (3:UUID) <- [49e99996-3bdd-46f2-8644-ab713e1f630b]
25-11-05 10:30:10.051 [http-nio-8080-exec-5] TRACE org.hibernate.orm.jdbc.bind - binding parameter (4:UUID) <- [3627bb27-cda3-46c3-a713-15ab6d1fb463]
25-11-05 10:30:10.063 [http-nio-8080-exec-5] INFO  c.s.m.d.controller.UserController - 유저 상태 업데이트 성공: userId=49e99996-3bdd-46f2-8644-ab713e1f630b, newLastActiveAt=2025-11-05T01:30:10.038Z
25-11-05 10:30:40.040 [http-nio-8080-exec-3] DEBUG org.hibernate.SQL - 
    select
        u1_0.id,
        u1_0.created_at,
        u1_0.email,
        u1_0.password,
        p1_0.id,
        p1_0.content_type,
        p1_0.created_at,
        p1_0.file_name,
        p1_0.size,
        s1_0.id,
        s1_0.created_at,
        s1_0.last_active_at,
        s1_0.updated_at,
        s1_0.user_id,
        u1_0.updated_at,
        u1_0.username 
    from
        users u1_0 
    left join
        binary_contents p1_0 
            on p1_0.id=u1_0.profile_id 
    join
        user_statuses s1_0 
            on u1_0.id=s1_0.user_id
25-11-05 10:30:40.041 [http-nio-8080-exec-4] INFO  c.s.m.d.controller.UserController - 유저 상태 업데이트 요청 수신: userId=49e99996-3bdd-46f2-8644-ab713e1f630b, newLastActiveAt=2025-11-05T01:30:40.034Z
25-11-05 10:30:40.045 [http-nio-8080-exec-3] INFO  c.s.m.d.s.basic.BasicUserService - 모든 유저 목록 조회 완료. 총 4명
25-11-05 10:30:40.045 [http-nio-8080-exec-4] DEBUG org.hibernate.SQL - 
    select
        us1_0.id,
        us1_0.created_at,
        us1_0.last_active_at,
        us1_0.updated_at,
        us1_0.user_id 
    from
        user_statuses us1_0 
    where
        us1_0.user_id=?
25-11-05 10:30:40.045 [http-nio-8080-exec-3] INFO  c.s.m.d.controller.UserController - 모든 유저 목록 조회 완료. 총 4명
25-11-05 10:30:40.045 [http-nio-8080-exec-4] TRACE org.hibernate.orm.jdbc.bind - binding parameter (1:UUID) <- [49e99996-3bdd-46f2-8644-ab713e1f630b]
25-11-05 10:30:40.050 [http-nio-8080-exec-4] DEBUG org.hibernate.SQL - 
    update
        user_statuses 
    set
        last_active_at=?,
        updated_at=?,
        user_id=? 
    where
        id=?
25-11-05 10:30:40.050 [http-nio-8080-exec-4] TRACE org.hibernate.orm.jdbc.bind - binding parameter (1:TIMESTAMP_UTC) <- [2025-11-05T01:30:40.034Z]
25-11-05 10:30:40.050 [http-nio-8080-exec-4] TRACE org.hibernate.orm.jdbc.bind - binding parameter (2:TIMESTAMP_UTC) <- [2025-11-05T01:30:40.049393600Z]
25-11-05 10:30:40.050 [http-nio-8080-exec-4] TRACE org.hibernate.orm.jdbc.bind - binding parameter (3:UUID) <- [49e99996-3bdd-46f2-8644-ab713e1f630b]
25-11-05 10:30:40.050 [http-nio-8080-exec-4] TRACE org.hibernate.orm.jdbc.bind - binding parameter (4:UUID) <- [3627bb27-cda3-46c3-a713-15ab6d1fb463]
25-11-05 10:30:40.056 [http-nio-8080-exec-10] DEBUG org.hibernate.SQL - 
    select
        rs1_0.id,
        rs1_0.channel_id,
        rs1_0.created_at,
        rs1_0.last_read_at,
        rs1_0.updated_at,
        rs1_0.user_id 
    from
        read_statuses rs1_0 
    where
        rs1_0.user_id=?
25-11-05 10:30:40.057 [http-nio-8080-exec-10] TRACE org.hibernate.orm.jdbc.bind - binding parameter (1:UUID) <- [49e99996-3bdd-46f2-8644-ab713e1f630b]
25-11-05 10:30:40.059 [http-nio-8080-exec-4] INFO  c.s.m.d.controller.UserController - 유저 상태 업데이트 성공: userId=49e99996-3bdd-46f2-8644-ab713e1f630b, newLastActiveAt=2025-11-05T01:30:40.034Z
25-11-05 10:30:40.059 [http-nio-8080-exec-1] DEBUG org.hibernate.SQL - 
    select
        rs1_0.id,
        rs1_0.channel_id,
        rs1_0.created_at,
        rs1_0.last_read_at,
        rs1_0.updated_at,
        rs1_0.user_id 
    from
        read_statuses rs1_0 
    where
        rs1_0.user_id=?
25-11-05 10:30:40.059 [http-nio-8080-exec-1] TRACE org.hibernate.orm.jdbc.bind - binding parameter (1:UUID) <- [49e99996-3bdd-46f2-8644-ab713e1f630b]
25-11-05 10:30:40.063 [http-nio-8080-exec-1] DEBUG org.hibernate.SQL - 
    select
        c1_0.id,
        c1_0.created_at,
        c1_0.description,
        c1_0.name,
        c1_0.type,
        c1_0.updated_at 
    from
        channels c1_0 
    where
        c1_0.type=? 
        or c1_0.id in (?)
25-11-05 10:30:40.063 [http-nio-8080-exec-1] TRACE org.hibernate.orm.jdbc.bind - binding parameter (1:VARCHAR) <- [PUBLIC]
25-11-05 10:30:40.063 [http-nio-8080-exec-1] TRACE org.hibernate.orm.jdbc.bind - binding parameter (2:UUID) <- [null]
25-11-05 10:30:40.067 [http-nio-8080-exec-1] DEBUG org.hibernate.SQL - 
    select
        m1_0.created_at 
    from
        messages m1_0 
    where
        m1_0.channel_id=? 
    order by
        m1_0.created_at desc 
    fetch
        first 1 rows only
25-11-05 10:30:40.067 [http-nio-8080-exec-1] TRACE org.hibernate.orm.jdbc.bind - binding parameter (1:UUID) <- [83a5759b-95ff-499b-813b-3de24059a258]
25-11-05 10:30:40.079 [http-nio-8080-exec-8] DEBUG org.hibernate.SQL - 
    select
        rs1_0.id,
        rs1_0.channel_id,
        rs1_0.created_at,
        rs1_0.last_read_at,
        rs1_0.updated_at,
        rs1_0.user_id 
    from
        read_statuses rs1_0 
    where
        rs1_0.user_id=?
25-11-05 10:30:40.082 [http-nio-8080-exec-8] TRACE org.hibernate.orm.jdbc.bind - binding parameter (1:UUID) <- [49e99996-3bdd-46f2-8644-ab713e1f630b]
25-11-05 10:30:44.048 [http-nio-8080-exec-2] DEBUG org.hibernate.SQL - 
    select
        rs1_0.id,
        rs1_0.channel_id,
        rs1_0.created_at,
        rs1_0.last_read_at,
        rs1_0.updated_at,
        rs1_0.user_id 
    from
        read_statuses rs1_0 
    where
        rs1_0.user_id=?
25-11-05 10:30:44.048 [http-nio-8080-exec-2] TRACE org.hibernate.orm.jdbc.bind - binding parameter (1:UUID) <- [49e99996-3bdd-46f2-8644-ab713e1f630b]
25-11-05 10:30:44.051 [http-nio-8080-exec-2] DEBUG org.hibernate.SQL - 
    select
        c1_0.id,
        c1_0.created_at,
        c1_0.description,
        c1_0.name,
        c1_0.type,
        c1_0.updated_at 
    from
        channels c1_0 
    where
        c1_0.type=? 
        or c1_0.id in (?)
25-11-05 10:30:44.052 [http-nio-8080-exec-2] TRACE org.hibernate.orm.jdbc.bind - binding parameter (1:VARCHAR) <- [PUBLIC]
25-11-05 10:30:44.052 [http-nio-8080-exec-2] TRACE org.hibernate.orm.jdbc.bind - binding parameter (2:UUID) <- [null]
25-11-05 10:30:44.055 [http-nio-8080-exec-2] DEBUG org.hibernate.SQL - 
    select
        m1_0.created_at 
    from
        messages m1_0 
    where
        m1_0.channel_id=? 
    order by
        m1_0.created_at desc 
    fetch
        first 1 rows only
25-11-05 10:30:44.055 [http-nio-8080-exec-2] TRACE org.hibernate.orm.jdbc.bind - binding parameter (1:UUID) <- [83a5759b-95ff-499b-813b-3de24059a258]
25-11-05 10:30:44.066 [http-nio-8080-exec-9] DEBUG org.hibernate.SQL - 
    select
        rs1_0.id,
        rs1_0.channel_id,
        rs1_0.created_at,
        rs1_0.last_read_at,
        rs1_0.updated_at,
        rs1_0.user_id 
    from
        read_statuses rs1_0 
    where
        rs1_0.user_id=?
25-11-05 10:30:44.066 [http-nio-8080-exec-9] TRACE org.hibernate.orm.jdbc.bind - binding parameter (1:UUID) <- [49e99996-3bdd-46f2-8644-ab713e1f630b]
25-11-05 10:30:47.044 [http-nio-8080-exec-3] DEBUG org.hibernate.SQL - 
    select
        rs1_0.id,
        rs1_0.channel_id,
        rs1_0.created_at,
        rs1_0.last_read_at,
        rs1_0.updated_at,
        rs1_0.user_id 
    from
        read_statuses rs1_0 
    where
        rs1_0.user_id=?
25-11-05 10:30:47.044 [http-nio-8080-exec-3] TRACE org.hibernate.orm.jdbc.bind - binding parameter (1:UUID) <- [49e99996-3bdd-46f2-8644-ab713e1f630b]
25-11-05 10:30:47.047 [http-nio-8080-exec-3] DEBUG org.hibernate.SQL - 
    select
        c1_0.id,
        c1_0.created_at,
        c1_0.description,
        c1_0.name,
        c1_0.type,
        c1_0.updated_at 
    from
        channels c1_0 
    where
        c1_0.type=? 
        or c1_0.id in (?)
25-11-05 10:30:47.047 [http-nio-8080-exec-3] TRACE org.hibernate.orm.jdbc.bind - binding parameter (1:VARCHAR) <- [PUBLIC]
25-11-05 10:30:47.047 [http-nio-8080-exec-3] TRACE org.hibernate.orm.jdbc.bind - binding parameter (2:UUID) <- [null]
25-11-05 10:30:47.050 [http-nio-8080-exec-3] DEBUG org.hibernate.SQL - 
    select
        m1_0.created_at 
    from
        messages m1_0 
    where
        m1_0.channel_id=? 
    order by
        m1_0.created_at desc 
    fetch
        first 1 rows only
25-11-05 10:30:47.050 [http-nio-8080-exec-3] TRACE org.hibernate.orm.jdbc.bind - binding parameter (1:UUID) <- [83a5759b-95ff-499b-813b-3de24059a258]
25-11-05 10:30:47.060 [http-nio-8080-exec-10] DEBUG org.hibernate.SQL - 
    select
        rs1_0.id,
        rs1_0.channel_id,
        rs1_0.created_at,
        rs1_0.last_read_at,
        rs1_0.updated_at,
        rs1_0.user_id 
    from
        read_statuses rs1_0 
    where
        rs1_0.user_id=?
25-11-05 10:30:47.060 [http-nio-8080-exec-10] TRACE org.hibernate.orm.jdbc.bind - binding parameter (1:UUID) <- [49e99996-3bdd-46f2-8644-ab713e1f630b]
25-11-05 10:30:50.048 [http-nio-8080-exec-4] DEBUG org.hibernate.SQL - 
    select
        rs1_0.id,
        rs1_0.channel_id,
        rs1_0.created_at,
        rs1_0.last_read_at,
        rs1_0.updated_at,
        rs1_0.user_id 
    from
        read_statuses rs1_0 
    where
        rs1_0.user_id=?
25-11-05 10:30:50.048 [http-nio-8080-exec-4] TRACE org.hibernate.orm.jdbc.bind - binding parameter (1:UUID) <- [49e99996-3bdd-46f2-8644-ab713e1f630b]
25-11-05 10:30:50.051 [http-nio-8080-exec-4] DEBUG org.hibernate.SQL - 
    select
        c1_0.id,
        c1_0.created_at,
        c1_0.description,
        c1_0.name,
        c1_0.type,
        c1_0.updated_at 
    from
        channels c1_0 
    where
        c1_0.type=? 
        or c1_0.id in (?)
25-11-05 10:30:50.051 [http-nio-8080-exec-4] TRACE org.hibernate.orm.jdbc.bind - binding parameter (1:VARCHAR) <- [PUBLIC]
25-11-05 10:30:50.051 [http-nio-8080-exec-4] TRACE org.hibernate.orm.jdbc.bind - binding parameter (2:UUID) <- [null]
25-11-05 10:30:50.053 [http-nio-8080-exec-4] DEBUG org.hibernate.SQL - 
    select
        m1_0.created_at 
    from
        messages m1_0 
    where
        m1_0.channel_id=? 
    order by
        m1_0.created_at desc 
    fetch
        first 1 rows only
25-11-05 10:30:50.053 [http-nio-8080-exec-4] TRACE org.hibernate.orm.jdbc.bind - binding parameter (1:UUID) <- [83a5759b-95ff-499b-813b-3de24059a258]
25-11-05 10:30:50.064 [http-nio-8080-exec-1] DEBUG org.hibernate.SQL - 
    select
        rs1_0.id,
        rs1_0.channel_id,
        rs1_0.created_at,
        rs1_0.last_read_at,
        rs1_0.updated_at,
        rs1_0.user_id 
    from
        read_statuses rs1_0 
    where
        rs1_0.user_id=?
25-11-05 10:30:50.065 [http-nio-8080-exec-1] TRACE org.hibernate.orm.jdbc.bind - binding parameter (1:UUID) <- [49e99996-3bdd-46f2-8644-ab713e1f630b]
25-11-05 10:30:53.044 [http-nio-8080-exec-8] DEBUG org.hibernate.SQL - 
    select
        rs1_0.id,
        rs1_0.channel_id,
        rs1_0.created_at,
        rs1_0.last_read_at,
        rs1_0.updated_at,
        rs1_0.user_id 
    from
        read_statuses rs1_0 
    where
        rs1_0.user_id=?
25-11-05 10:30:53.044 [http-nio-8080-exec-8] TRACE org.hibernate.orm.jdbc.bind - binding parameter (1:UUID) <- [49e99996-3bdd-46f2-8644-ab713e1f630b]
25-11-05 10:30:53.047 [http-nio-8080-exec-8] DEBUG org.hibernate.SQL - 
    select
        c1_0.id,
        c1_0.created_at,
        c1_0.description,
        c1_0.name,
        c1_0.type,
        c1_0.updated_at 
    from
        channels c1_0 
    where
        c1_0.type=? 
        or c1_0.id in (?)
25-11-05 10:30:53.047 [http-nio-8080-exec-8] TRACE org.hibernate.orm.jdbc.bind - binding parameter (1:VARCHAR) <- [PUBLIC]
25-11-05 10:30:53.047 [http-nio-8080-exec-8] TRACE org.hibernate.orm.jdbc.bind - binding parameter (2:UUID) <- [null]
25-11-05 10:30:53.051 [http-nio-8080-exec-8] DEBUG org.hibernate.SQL - 
    select
        m1_0.created_at 
    from
        messages m1_0 
    where
        m1_0.channel_id=? 
    order by
        m1_0.created_at desc 
    fetch
        first 1 rows only
25-11-05 10:30:53.051 [http-nio-8080-exec-8] TRACE org.hibernate.orm.jdbc.bind - binding parameter (1:UUID) <- [83a5759b-95ff-499b-813b-3de24059a258]
25-11-05 10:30:53.065 [http-nio-8080-exec-6] DEBUG org.hibernate.SQL - 
    select
        rs1_0.id,
        rs1_0.channel_id,
        rs1_0.created_at,
        rs1_0.last_read_at,
        rs1_0.updated_at,
        rs1_0.user_id 
    from
        read_statuses rs1_0 
    where
        rs1_0.user_id=?
25-11-05 10:30:53.067 [http-nio-8080-exec-6] TRACE org.hibernate.orm.jdbc.bind - binding parameter (1:UUID) <- [49e99996-3bdd-46f2-8644-ab713e1f630b]
25-11-05 10:30:56.048 [http-nio-8080-exec-7] DEBUG org.hibernate.SQL - 
    select
        rs1_0.id,
        rs1_0.channel_id,
        rs1_0.created_at,
        rs1_0.last_read_at,
        rs1_0.updated_at,
        rs1_0.user_id 
    from
        read_statuses rs1_0 
    where
        rs1_0.user_id=?
25-11-05 10:30:56.048 [http-nio-8080-exec-7] TRACE org.hibernate.orm.jdbc.bind - binding parameter (1:UUID) <- [49e99996-3bdd-46f2-8644-ab713e1f630b]
25-11-05 10:30:56.051 [http-nio-8080-exec-7] DEBUG org.hibernate.SQL - 
    select
        c1_0.id,
        c1_0.created_at,
        c1_0.description,
        c1_0.name,
        c1_0.type,
        c1_0.updated_at 
    from
        channels c1_0 
    where
        c1_0.type=? 
        or c1_0.id in (?)
25-11-05 10:30:56.051 [http-nio-8080-exec-7] TRACE org.hibernate.orm.jdbc.bind - binding parameter (1:VARCHAR) <- [PUBLIC]
25-11-05 10:30:56.051 [http-nio-8080-exec-7] TRACE org.hibernate.orm.jdbc.bind - binding parameter (2:UUID) <- [null]
25-11-05 10:30:56.054 [http-nio-8080-exec-7] DEBUG org.hibernate.SQL - 
    select
        m1_0.created_at 
    from
        messages m1_0 
    where
        m1_0.channel_id=? 
    order by
        m1_0.created_at desc 
    fetch
        first 1 rows only
25-11-05 10:30:56.054 [http-nio-8080-exec-7] TRACE org.hibernate.orm.jdbc.bind - binding parameter (1:UUID) <- [83a5759b-95ff-499b-813b-3de24059a258]
25-11-05 10:30:56.066 [http-nio-8080-exec-5] DEBUG org.hibernate.SQL - 
    select
        rs1_0.id,
        rs1_0.channel_id,
        rs1_0.created_at,
        rs1_0.last_read_at,
        rs1_0.updated_at,
        rs1_0.user_id 
    from
        read_statuses rs1_0 
    where
        rs1_0.user_id=?
25-11-05 10:30:56.068 [http-nio-8080-exec-5] TRACE org.hibernate.orm.jdbc.bind - binding parameter (1:UUID) <- [49e99996-3bdd-46f2-8644-ab713e1f630b]
25-11-05 10:30:59.045 [http-nio-8080-exec-2] DEBUG org.hibernate.SQL - 
    select
        rs1_0.id,
        rs1_0.channel_id,
        rs1_0.created_at,
        rs1_0.last_read_at,
        rs1_0.updated_at,
        rs1_0.user_id 
    from
        read_statuses rs1_0 
    where
        rs1_0.user_id=?
25-11-05 10:30:59.046 [http-nio-8080-exec-2] TRACE org.hibernate.orm.jdbc.bind - binding parameter (1:UUID) <- [49e99996-3bdd-46f2-8644-ab713e1f630b]
25-11-05 10:30:59.050 [http-nio-8080-exec-2] DEBUG org.hibernate.SQL - 
    select
        c1_0.id,
        c1_0.created_at,
        c1_0.description,
        c1_0.name,
        c1_0.type,
        c1_0.updated_at 
    from
        channels c1_0 
    where
        c1_0.type=? 
        or c1_0.id in (?)
25-11-05 10:30:59.050 [http-nio-8080-exec-2] TRACE org.hibernate.orm.jdbc.bind - binding parameter (1:VARCHAR) <- [PUBLIC]
25-11-05 10:30:59.050 [http-nio-8080-exec-2] TRACE org.hibernate.orm.jdbc.bind - binding parameter (2:UUID) <- [null]
25-11-05 10:30:59.054 [http-nio-8080-exec-2] DEBUG org.hibernate.SQL - 
    select
        m1_0.created_at 
    from
        messages m1_0 
    where
        m1_0.channel_id=? 
    order by
        m1_0.created_at desc 
    fetch
        first 1 rows only
25-11-05 10:30:59.054 [http-nio-8080-exec-2] TRACE org.hibernate.orm.jdbc.bind - binding parameter (1:UUID) <- [83a5759b-95ff-499b-813b-3de24059a258]
25-11-05 10:30:59.066 [http-nio-8080-exec-9] DEBUG org.hibernate.SQL - 
    select
        rs1_0.id,
        rs1_0.channel_id,
        rs1_0.created_at,
        rs1_0.last_read_at,
        rs1_0.updated_at,
        rs1_0.user_id 
    from
        read_statuses rs1_0 
    where
        rs1_0.user_id=?
25-11-05 10:30:59.066 [http-nio-8080-exec-9] TRACE org.hibernate.orm.jdbc.bind - binding parameter (1:UUID) <- [49e99996-3bdd-46f2-8644-ab713e1f630b]
25-11-05 10:31:02.051 [http-nio-8080-exec-3] DEBUG org.hibernate.SQL - 
    select
        rs1_0.id,
        rs1_0.channel_id,
        rs1_0.created_at,
        rs1_0.last_read_at,
        rs1_0.updated_at,
        rs1_0.user_id 
    from
        read_statuses rs1_0 
    where
        rs1_0.user_id=?
25-11-05 10:31:02.052 [http-nio-8080-exec-3] TRACE org.hibernate.orm.jdbc.bind - binding parameter (1:UUID) <- [49e99996-3bdd-46f2-8644-ab713e1f630b]
25-11-05 10:31:02.055 [http-nio-8080-exec-3] DEBUG org.hibernate.SQL - 
    select
        c1_0.id,
        c1_0.created_at,
        c1_0.description,
        c1_0.name,
        c1_0.type,
        c1_0.updated_at 
    from
        channels c1_0 
    where
        c1_0.type=? 
        or c1_0.id in (?)
25-11-05 10:31:02.056 [http-nio-8080-exec-3] TRACE org.hibernate.orm.jdbc.bind - binding parameter (1:VARCHAR) <- [PUBLIC]
25-11-05 10:31:02.056 [http-nio-8080-exec-3] TRACE org.hibernate.orm.jdbc.bind - binding parameter (2:UUID) <- [null]
25-11-05 10:31:02.059 [http-nio-8080-exec-3] DEBUG org.hibernate.SQL - 
    select
        m1_0.created_at 
    from
        messages m1_0 
    where
        m1_0.channel_id=? 
    order by
        m1_0.created_at desc 
    fetch
        first 1 rows only
25-11-05 10:31:02.059 [http-nio-8080-exec-3] TRACE org.hibernate.orm.jdbc.bind - binding parameter (1:UUID) <- [83a5759b-95ff-499b-813b-3de24059a258]
25-11-05 10:31:02.071 [http-nio-8080-exec-10] DEBUG org.hibernate.SQL - 
    select
        rs1_0.id,
        rs1_0.channel_id,
        rs1_0.created_at,
        rs1_0.last_read_at,
        rs1_0.updated_at,
        rs1_0.user_id 
    from
        read_statuses rs1_0 
    where
        rs1_0.user_id=?
25-11-05 10:31:02.071 [http-nio-8080-exec-10] TRACE org.hibernate.orm.jdbc.bind - binding parameter (1:UUID) <- [49e99996-3bdd-46f2-8644-ab713e1f630b]
25-11-05 10:31:10.039 [http-nio-8080-exec-4] INFO  c.s.m.d.controller.UserController - 유저 상태 업데이트 요청 수신: userId=49e99996-3bdd-46f2-8644-ab713e1f630b, newLastActiveAt=2025-11-05T01:31:10.035Z
25-11-05 10:31:10.044 [http-nio-8080-exec-4] DEBUG org.hibernate.SQL - 
    select
        us1_0.id,
        us1_0.created_at,
        us1_0.last_active_at,
        us1_0.updated_at,
        us1_0.user_id 
    from
        user_statuses us1_0 
    where
        us1_0.user_id=?
25-11-05 10:31:10.044 [http-nio-8080-exec-4] TRACE org.hibernate.orm.jdbc.bind - binding parameter (1:UUID) <- [49e99996-3bdd-46f2-8644-ab713e1f630b]
25-11-05 10:31:10.046 [http-nio-8080-exec-4] DEBUG org.hibernate.SQL - 
    update
        user_statuses 
    set
        last_active_at=?,
        updated_at=?,
        user_id=? 
    where
        id=?
25-11-05 10:31:10.047 [http-nio-8080-exec-4] TRACE org.hibernate.orm.jdbc.bind - binding parameter (1:TIMESTAMP_UTC) <- [2025-11-05T01:31:10.035Z]
25-11-05 10:31:10.047 [http-nio-8080-exec-4] TRACE org.hibernate.orm.jdbc.bind - binding parameter (2:TIMESTAMP_UTC) <- [2025-11-05T01:31:10.046180300Z]
25-11-05 10:31:10.047 [http-nio-8080-exec-4] TRACE org.hibernate.orm.jdbc.bind - binding parameter (3:UUID) <- [49e99996-3bdd-46f2-8644-ab713e1f630b]
25-11-05 10:31:10.047 [http-nio-8080-exec-4] TRACE org.hibernate.orm.jdbc.bind - binding parameter (4:UUID) <- [3627bb27-cda3-46c3-a713-15ab6d1fb463]
25-11-05 10:31:10.052 [http-nio-8080-exec-4] INFO  c.s.m.d.controller.UserController - 유저 상태 업데이트 성공: userId=49e99996-3bdd-46f2-8644-ab713e1f630b, newLastActiveAt=2025-11-05T01:31:10.035Z
25-11-05 10:31:40.045 [http-nio-8080-exec-1] INFO  c.s.m.d.controller.UserController - 유저 상태 업데이트 요청 수신: userId=49e99996-3bdd-46f2-8644-ab713e1f630b, newLastActiveAt=2025-11-05T01:31:40.042Z
25-11-05 10:31:40.045 [http-nio-8080-exec-8] DEBUG org.hibernate.SQL - 
    select
        u1_0.id,
        u1_0.created_at,
        u1_0.email,
        u1_0.password,
        p1_0.id,
        p1_0.content_type,
        p1_0.created_at,
        p1_0.file_name,
        p1_0.size,
        s1_0.id,
        s1_0.created_at,
        s1_0.last_active_at,
        s1_0.updated_at,
        s1_0.user_id,
        u1_0.updated_at,
        u1_0.username 
    from
        users u1_0 
    left join
        binary_contents p1_0 
            on p1_0.id=u1_0.profile_id 
    join
        user_statuses s1_0 
            on u1_0.id=s1_0.user_id
25-11-05 10:31:40.049 [http-nio-8080-exec-1] DEBUG org.hibernate.SQL - 
    select
        us1_0.id,
        us1_0.created_at,
        us1_0.last_active_at,
        us1_0.updated_at,
        us1_0.user_id 
    from
        user_statuses us1_0 
    where
        us1_0.user_id=?
25-11-05 10:31:40.049 [http-nio-8080-exec-1] TRACE org.hibernate.orm.jdbc.bind - binding parameter (1:UUID) <- [49e99996-3bdd-46f2-8644-ab713e1f630b]
25-11-05 10:31:40.050 [http-nio-8080-exec-8] INFO  c.s.m.d.s.basic.BasicUserService - 모든 유저 목록 조회 완료. 총 4명
25-11-05 10:31:40.050 [http-nio-8080-exec-8] INFO  c.s.m.d.controller.UserController - 모든 유저 목록 조회 완료. 총 4명
25-11-05 10:31:40.052 [http-nio-8080-exec-1] DEBUG org.hibernate.SQL - 
    update
        user_statuses 
    set
        last_active_at=?,
        updated_at=?,
        user_id=? 
    where
        id=?
25-11-05 10:31:40.052 [http-nio-8080-exec-1] TRACE org.hibernate.orm.jdbc.bind - binding parameter (1:TIMESTAMP_UTC) <- [2025-11-05T01:31:40.042Z]
25-11-05 10:31:40.052 [http-nio-8080-exec-1] TRACE org.hibernate.orm.jdbc.bind - binding parameter (2:TIMESTAMP_UTC) <- [2025-11-05T01:31:40.050986500Z]
25-11-05 10:31:40.052 [http-nio-8080-exec-1] TRACE org.hibernate.orm.jdbc.bind - binding parameter (3:UUID) <- [49e99996-3bdd-46f2-8644-ab713e1f630b]
25-11-05 10:31:40.052 [http-nio-8080-exec-1] TRACE org.hibernate.orm.jdbc.bind - binding parameter (4:UUID) <- [3627bb27-cda3-46c3-a713-15ab6d1fb463]
25-11-05 10:31:40.058 [http-nio-8080-exec-7] DEBUG org.hibernate.SQL - 
    select
        rs1_0.id,
        rs1_0.channel_id,
        rs1_0.created_at,
        rs1_0.last_read_at,
        rs1_0.updated_at,
        rs1_0.user_id 
    from
        read_statuses rs1_0 
    where
        rs1_0.user_id=?
25-11-05 10:31:40.059 [http-nio-8080-exec-1] INFO  c.s.m.d.controller.UserController - 유저 상태 업데이트 성공: userId=49e99996-3bdd-46f2-8644-ab713e1f630b, newLastActiveAt=2025-11-05T01:31:40.042Z
25-11-05 10:31:40.060 [http-nio-8080-exec-6] DEBUG org.hibernate.SQL - 
    select
        rs1_0.id,
        rs1_0.channel_id,
        rs1_0.created_at,
        rs1_0.last_read_at,
        rs1_0.updated_at,
        rs1_0.user_id 
    from
        read_statuses rs1_0 
    where
        rs1_0.user_id=?
25-11-05 10:31:40.060 [http-nio-8080-exec-7] TRACE org.hibernate.orm.jdbc.bind - binding parameter (1:UUID) <- [49e99996-3bdd-46f2-8644-ab713e1f630b]
25-11-05 10:31:40.060 [http-nio-8080-exec-6] TRACE org.hibernate.orm.jdbc.bind - binding parameter (1:UUID) <- [49e99996-3bdd-46f2-8644-ab713e1f630b]
25-11-05 10:31:40.063 [http-nio-8080-exec-6] DEBUG org.hibernate.SQL - 
    select
        c1_0.id,
        c1_0.created_at,
        c1_0.description,
        c1_0.name,
        c1_0.type,
        c1_0.updated_at 
    from
        channels c1_0 
    where
        c1_0.type=? 
        or c1_0.id in (?)
25-11-05 10:31:40.063 [http-nio-8080-exec-6] TRACE org.hibernate.orm.jdbc.bind - binding parameter (1:VARCHAR) <- [PUBLIC]
25-11-05 10:31:40.063 [http-nio-8080-exec-6] TRACE org.hibernate.orm.jdbc.bind - binding parameter (2:UUID) <- [null]
25-11-05 10:31:40.065 [http-nio-8080-exec-6] DEBUG org.hibernate.SQL - 
    select
        m1_0.created_at 
    from
        messages m1_0 
    where
        m1_0.channel_id=? 
    order by
        m1_0.created_at desc 
    fetch
        first 1 rows only
25-11-05 10:31:40.065 [http-nio-8080-exec-6] TRACE org.hibernate.orm.jdbc.bind - binding parameter (1:UUID) <- [83a5759b-95ff-499b-813b-3de24059a258]
25-11-05 10:31:40.076 [http-nio-8080-exec-5] DEBUG org.hibernate.SQL - 
    select
        rs1_0.id,
        rs1_0.channel_id,
        rs1_0.created_at,
        rs1_0.last_read_at,
        rs1_0.updated_at,
        rs1_0.user_id 
    from
        read_statuses rs1_0 
    where
        rs1_0.user_id=?
25-11-05 10:31:40.078 [http-nio-8080-exec-5] TRACE org.hibernate.orm.jdbc.bind - binding parameter (1:UUID) <- [49e99996-3bdd-46f2-8644-ab713e1f630b]
25-11-05 10:31:44.046 [http-nio-8080-exec-2] DEBUG org.hibernate.SQL - 
    select
        rs1_0.id,
        rs1_0.channel_id,
        rs1_0.created_at,
        rs1_0.last_read_at,
        rs1_0.updated_at,
        rs1_0.user_id 
    from
        read_statuses rs1_0 
    where
        rs1_0.user_id=?
25-11-05 10:31:44.046 [http-nio-8080-exec-2] TRACE org.hibernate.orm.jdbc.bind - binding parameter (1:UUID) <- [49e99996-3bdd-46f2-8644-ab713e1f630b]
25-11-05 10:31:44.048 [http-nio-8080-exec-2] DEBUG org.hibernate.SQL - 
    select
        c1_0.id,
        c1_0.created_at,
        c1_0.description,
        c1_0.name,
        c1_0.type,
        c1_0.updated_at 
    from
        channels c1_0 
    where
        c1_0.type=? 
        or c1_0.id in (?)
25-11-05 10:31:44.049 [http-nio-8080-exec-2] TRACE org.hibernate.orm.jdbc.bind - binding parameter (1:VARCHAR) <- [PUBLIC]
25-11-05 10:31:44.049 [http-nio-8080-exec-2] TRACE org.hibernate.orm.jdbc.bind - binding parameter (2:UUID) <- [null]
25-11-05 10:31:44.050 [http-nio-8080-exec-2] DEBUG org.hibernate.SQL - 
    select
        m1_0.created_at 
    from
        messages m1_0 
    where
        m1_0.channel_id=? 
    order by
        m1_0.created_at desc 
    fetch
        first 1 rows only
25-11-05 10:31:44.051 [http-nio-8080-exec-2] TRACE org.hibernate.orm.jdbc.bind - binding parameter (1:UUID) <- [83a5759b-95ff-499b-813b-3de24059a258]
25-11-05 10:31:44.061 [http-nio-8080-exec-9] DEBUG org.hibernate.SQL - 
    select
        rs1_0.id,
        rs1_0.channel_id,
        rs1_0.created_at,
        rs1_0.last_read_at,
        rs1_0.updated_at,
        rs1_0.user_id 
    from
        read_statuses rs1_0 
    where
        rs1_0.user_id=?
25-11-05 10:31:44.061 [http-nio-8080-exec-9] TRACE org.hibernate.orm.jdbc.bind - binding parameter (1:UUID) <- [49e99996-3bdd-46f2-8644-ab713e1f630b]
25-11-05 10:31:47.043 [http-nio-8080-exec-3] DEBUG org.hibernate.SQL - 
    select
        rs1_0.id,
        rs1_0.channel_id,
        rs1_0.created_at,
        rs1_0.last_read_at,
        rs1_0.updated_at,
        rs1_0.user_id 
    from
        read_statuses rs1_0 
    where
        rs1_0.user_id=?
25-11-05 10:31:47.043 [http-nio-8080-exec-3] TRACE org.hibernate.orm.jdbc.bind - binding parameter (1:UUID) <- [49e99996-3bdd-46f2-8644-ab713e1f630b]
25-11-05 10:31:47.046 [http-nio-8080-exec-3] DEBUG org.hibernate.SQL - 
    select
        c1_0.id,
        c1_0.created_at,
        c1_0.description,
        c1_0.name,
        c1_0.type,
        c1_0.updated_at 
    from
        channels c1_0 
    where
        c1_0.type=? 
        or c1_0.id in (?)
25-11-05 10:31:47.046 [http-nio-8080-exec-3] TRACE org.hibernate.orm.jdbc.bind - binding parameter (1:VARCHAR) <- [PUBLIC]
25-11-05 10:31:47.046 [http-nio-8080-exec-3] TRACE org.hibernate.orm.jdbc.bind - binding parameter (2:UUID) <- [null]
25-11-05 10:31:47.049 [http-nio-8080-exec-3] DEBUG org.hibernate.SQL - 
    select
        m1_0.created_at 
    from
        messages m1_0 
    where
        m1_0.channel_id=? 
    order by
        m1_0.created_at desc 
    fetch
        first 1 rows only
25-11-05 10:31:47.049 [http-nio-8080-exec-3] TRACE org.hibernate.orm.jdbc.bind - binding parameter (1:UUID) <- [83a5759b-95ff-499b-813b-3de24059a258]
25-11-05 10:31:47.060 [http-nio-8080-exec-10] DEBUG org.hibernate.SQL - 
    select
        rs1_0.id,
        rs1_0.channel_id,
        rs1_0.created_at,
        rs1_0.last_read_at,
        rs1_0.updated_at,
        rs1_0.user_id 
    from
        read_statuses rs1_0 
    where
        rs1_0.user_id=?
25-11-05 10:31:47.060 [http-nio-8080-exec-10] TRACE org.hibernate.orm.jdbc.bind - binding parameter (1:UUID) <- [49e99996-3bdd-46f2-8644-ab713e1f630b]
25-11-05 10:31:50.042 [http-nio-8080-exec-4] DEBUG org.hibernate.SQL - 
    select
        rs1_0.id,
        rs1_0.channel_id,
        rs1_0.created_at,
        rs1_0.last_read_at,
        rs1_0.updated_at,
        rs1_0.user_id 
    from
        read_statuses rs1_0 
    where
        rs1_0.user_id=?
25-11-05 10:31:50.042 [http-nio-8080-exec-4] TRACE org.hibernate.orm.jdbc.bind - binding parameter (1:UUID) <- [49e99996-3bdd-46f2-8644-ab713e1f630b]
25-11-05 10:31:50.044 [http-nio-8080-exec-4] DEBUG org.hibernate.SQL - 
    select
        c1_0.id,
        c1_0.created_at,
        c1_0.description,
        c1_0.name,
        c1_0.type,
        c1_0.updated_at 
    from
        channels c1_0 
    where
        c1_0.type=? 
        or c1_0.id in (?)
25-11-05 10:31:50.044 [http-nio-8080-exec-4] TRACE org.hibernate.orm.jdbc.bind - binding parameter (1:VARCHAR) <- [PUBLIC]
25-11-05 10:31:50.044 [http-nio-8080-exec-4] TRACE org.hibernate.orm.jdbc.bind - binding parameter (2:UUID) <- [null]
25-11-05 10:31:50.046 [http-nio-8080-exec-4] DEBUG org.hibernate.SQL - 
    select
        m1_0.created_at 
    from
        messages m1_0 
    where
        m1_0.channel_id=? 
    order by
        m1_0.created_at desc 
    fetch
        first 1 rows only
25-11-05 10:31:50.046 [http-nio-8080-exec-4] TRACE org.hibernate.orm.jdbc.bind - binding parameter (1:UUID) <- [83a5759b-95ff-499b-813b-3de24059a258]
25-11-05 10:31:50.054 [http-nio-8080-exec-8] DEBUG org.hibernate.SQL - 
    select
        rs1_0.id,
        rs1_0.channel_id,
        rs1_0.created_at,
        rs1_0.last_read_at,
        rs1_0.updated_at,
        rs1_0.user_id 
    from
        read_statuses rs1_0 
    where
        rs1_0.user_id=?
25-11-05 10:31:50.056 [http-nio-8080-exec-8] TRACE org.hibernate.orm.jdbc.bind - binding parameter (1:UUID) <- [49e99996-3bdd-46f2-8644-ab713e1f630b]
25-11-05 10:31:53.047 [http-nio-8080-exec-1] DEBUG org.hibernate.SQL - 
    select
        rs1_0.id,
        rs1_0.channel_id,
        rs1_0.created_at,
        rs1_0.last_read_at,
        rs1_0.updated_at,
        rs1_0.user_id 
    from
        read_statuses rs1_0 
    where
        rs1_0.user_id=?
25-11-05 10:31:53.048 [http-nio-8080-exec-1] TRACE org.hibernate.orm.jdbc.bind - binding parameter (1:UUID) <- [49e99996-3bdd-46f2-8644-ab713e1f630b]
25-11-05 10:31:53.050 [http-nio-8080-exec-1] DEBUG org.hibernate.SQL - 
    select
        c1_0.id,
        c1_0.created_at,
        c1_0.description,
        c1_0.name,
        c1_0.type,
        c1_0.updated_at 
    from
        channels c1_0 
    where
        c1_0.type=? 
        or c1_0.id in (?)
25-11-05 10:31:53.051 [http-nio-8080-exec-1] TRACE org.hibernate.orm.jdbc.bind - binding parameter (1:VARCHAR) <- [PUBLIC]
25-11-05 10:31:53.051 [http-nio-8080-exec-1] TRACE org.hibernate.orm.jdbc.bind - binding parameter (2:UUID) <- [null]
25-11-05 10:31:53.053 [http-nio-8080-exec-1] DEBUG org.hibernate.SQL - 
    select
        m1_0.created_at 
    from
        messages m1_0 
    where
        m1_0.channel_id=? 
    order by
        m1_0.created_at desc 
    fetch
        first 1 rows only
25-11-05 10:31:53.053 [http-nio-8080-exec-1] TRACE org.hibernate.orm.jdbc.bind - binding parameter (1:UUID) <- [83a5759b-95ff-499b-813b-3de24059a258]
25-11-05 10:31:53.064 [http-nio-8080-exec-7] DEBUG org.hibernate.SQL - 
    select
        rs1_0.id,
        rs1_0.channel_id,
        rs1_0.created_at,
        rs1_0.last_read_at,
        rs1_0.updated_at,
        rs1_0.user_id 
    from
        read_statuses rs1_0 
    where
        rs1_0.user_id=?
25-11-05 10:31:53.067 [http-nio-8080-exec-7] TRACE org.hibernate.orm.jdbc.bind - binding parameter (1:UUID) <- [49e99996-3bdd-46f2-8644-ab713e1f630b]
25-11-05 10:31:56.050 [http-nio-8080-exec-6] DEBUG org.hibernate.SQL - 
    select
        rs1_0.id,
        rs1_0.channel_id,
        rs1_0.created_at,
        rs1_0.last_read_at,
        rs1_0.updated_at,
        rs1_0.user_id 
    from
        read_statuses rs1_0 
    where
        rs1_0.user_id=?
25-11-05 10:31:56.050 [http-nio-8080-exec-6] TRACE org.hibernate.orm.jdbc.bind - binding parameter (1:UUID) <- [49e99996-3bdd-46f2-8644-ab713e1f630b]
25-11-05 10:31:56.053 [http-nio-8080-exec-6] DEBUG org.hibernate.SQL - 
    select
        c1_0.id,
        c1_0.created_at,
        c1_0.description,
        c1_0.name,
        c1_0.type,
        c1_0.updated_at 
    from
        channels c1_0 
    where
        c1_0.type=? 
        or c1_0.id in (?)
25-11-05 10:31:56.053 [http-nio-8080-exec-6] TRACE org.hibernate.orm.jdbc.bind - binding parameter (1:VARCHAR) <- [PUBLIC]
25-11-05 10:31:56.053 [http-nio-8080-exec-6] TRACE org.hibernate.orm.jdbc.bind - binding parameter (2:UUID) <- [null]
25-11-05 10:31:56.055 [http-nio-8080-exec-6] DEBUG org.hibernate.SQL - 
    select
        m1_0.created_at 
    from
        messages m1_0 
    where
        m1_0.channel_id=? 
    order by
        m1_0.created_at desc 
    fetch
        first 1 rows only
25-11-05 10:31:56.055 [http-nio-8080-exec-6] TRACE org.hibernate.orm.jdbc.bind - binding parameter (1:UUID) <- [83a5759b-95ff-499b-813b-3de24059a258]
25-11-05 10:31:56.068 [http-nio-8080-exec-5] DEBUG org.hibernate.SQL - 
    select
        rs1_0.id,
        rs1_0.channel_id,
        rs1_0.created_at,
        rs1_0.last_read_at,
        rs1_0.updated_at,
        rs1_0.user_id 
    from
        read_statuses rs1_0 
    where
        rs1_0.user_id=?
25-11-05 10:31:56.071 [http-nio-8080-exec-5] TRACE org.hibernate.orm.jdbc.bind - binding parameter (1:UUID) <- [49e99996-3bdd-46f2-8644-ab713e1f630b]
25-11-05 10:31:59.045 [http-nio-8080-exec-2] DEBUG org.hibernate.SQL - 
    select
        rs1_0.id,
        rs1_0.channel_id,
        rs1_0.created_at,
        rs1_0.last_read_at,
        rs1_0.updated_at,
        rs1_0.user_id 
    from
        read_statuses rs1_0 
    where
        rs1_0.user_id=?
25-11-05 10:31:59.045 [http-nio-8080-exec-2] TRACE org.hibernate.orm.jdbc.bind - binding parameter (1:UUID) <- [49e99996-3bdd-46f2-8644-ab713e1f630b]
25-11-05 10:31:59.048 [http-nio-8080-exec-2] DEBUG org.hibernate.SQL - 
    select
        c1_0.id,
        c1_0.created_at,
        c1_0.description,
        c1_0.name,
        c1_0.type,
        c1_0.updated_at 
    from
        channels c1_0 
    where
        c1_0.type=? 
        or c1_0.id in (?)
25-11-05 10:31:59.048 [http-nio-8080-exec-2] TRACE org.hibernate.orm.jdbc.bind - binding parameter (1:VARCHAR) <- [PUBLIC]
25-11-05 10:31:59.048 [http-nio-8080-exec-2] TRACE org.hibernate.orm.jdbc.bind - binding parameter (2:UUID) <- [null]
25-11-05 10:31:59.050 [http-nio-8080-exec-2] DEBUG org.hibernate.SQL - 
    select
        m1_0.created_at 
    from
        messages m1_0 
    where
        m1_0.channel_id=? 
    order by
        m1_0.created_at desc 
    fetch
        first 1 rows only
25-11-05 10:31:59.051 [http-nio-8080-exec-2] TRACE org.hibernate.orm.jdbc.bind - binding parameter (1:UUID) <- [83a5759b-95ff-499b-813b-3de24059a258]
25-11-05 10:31:59.060 [http-nio-8080-exec-9] DEBUG org.hibernate.SQL - 
    select
        rs1_0.id,
        rs1_0.channel_id,
        rs1_0.created_at,
        rs1_0.last_read_at,
        rs1_0.updated_at,
        rs1_0.user_id 
    from
        read_statuses rs1_0 
    where
        rs1_0.user_id=?
25-11-05 10:31:59.060 [http-nio-8080-exec-9] TRACE org.hibernate.orm.jdbc.bind - binding parameter (1:UUID) <- [49e99996-3bdd-46f2-8644-ab713e1f630b]
25-11-05 10:32:03.051 [http-nio-8080-exec-3] DEBUG org.hibernate.SQL - 
    select
        rs1_0.id,
        rs1_0.channel_id,
        rs1_0.created_at,
        rs1_0.last_read_at,
        rs1_0.updated_at,
        rs1_0.user_id 
    from
        read_statuses rs1_0 
    where
        rs1_0.user_id=?
25-11-05 10:32:03.051 [http-nio-8080-exec-3] TRACE org.hibernate.orm.jdbc.bind - binding parameter (1:UUID) <- [49e99996-3bdd-46f2-8644-ab713e1f630b]
25-11-05 10:32:03.053 [http-nio-8080-exec-3] DEBUG org.hibernate.SQL - 
    select
        c1_0.id,
        c1_0.created_at,
        c1_0.description,
        c1_0.name,
        c1_0.type,
        c1_0.updated_at 
    from
        channels c1_0 
    where
        c1_0.type=? 
        or c1_0.id in (?)
25-11-05 10:32:03.054 [http-nio-8080-exec-3] TRACE org.hibernate.orm.jdbc.bind - binding parameter (1:VARCHAR) <- [PUBLIC]
25-11-05 10:32:03.054 [http-nio-8080-exec-3] TRACE org.hibernate.orm.jdbc.bind - binding parameter (2:UUID) <- [null]
25-11-05 10:32:03.056 [http-nio-8080-exec-3] DEBUG org.hibernate.SQL - 
    select
        m1_0.created_at 
    from
        messages m1_0 
    where
        m1_0.channel_id=? 
    order by
        m1_0.created_at desc 
    fetch
        first 1 rows only
25-11-05 10:32:03.056 [http-nio-8080-exec-3] TRACE org.hibernate.orm.jdbc.bind - binding parameter (1:UUID) <- [83a5759b-95ff-499b-813b-3de24059a258]
25-11-05 10:32:03.068 [http-nio-8080-exec-10] DEBUG org.hibernate.SQL - 
    select
        rs1_0.id,
        rs1_0.channel_id,
        rs1_0.created_at,
        rs1_0.last_read_at,
        rs1_0.updated_at,
        rs1_0.user_id 
    from
        read_statuses rs1_0 
    where
        rs1_0.user_id=?
25-11-05 10:32:03.068 [http-nio-8080-exec-10] TRACE org.hibernate.orm.jdbc.bind - binding parameter (1:UUID) <- [49e99996-3bdd-46f2-8644-ab713e1f630b]
25-11-05 10:32:40.044 [http-nio-8080-exec-4] DEBUG org.hibernate.SQL - 
    select
        u1_0.id,
        u1_0.created_at,
        u1_0.email,
        u1_0.password,
        p1_0.id,
        p1_0.content_type,
        p1_0.created_at,
        p1_0.file_name,
        p1_0.size,
        s1_0.id,
        s1_0.created_at,
        s1_0.last_active_at,
        s1_0.updated_at,
        s1_0.user_id,
        u1_0.updated_at,
        u1_0.username 
    from
        users u1_0 
    left join
        binary_contents p1_0 
            on p1_0.id=u1_0.profile_id 
    join
        user_statuses s1_0 
            on u1_0.id=s1_0.user_id
25-11-05 10:32:40.048 [http-nio-8080-exec-4] INFO  c.s.m.d.s.basic.BasicUserService - 모든 유저 목록 조회 완료. 총 4명
25-11-05 10:32:40.048 [http-nio-8080-exec-4] INFO  c.s.m.d.controller.UserController - 모든 유저 목록 조회 완료. 총 4명
25-11-05 10:32:40.056 [http-nio-8080-exec-1] DEBUG org.hibernate.SQL - 
    select
        rs1_0.id,
        rs1_0.channel_id,
        rs1_0.created_at,
        rs1_0.last_read_at,
        rs1_0.updated_at,
        rs1_0.user_id 
    from
        read_statuses rs1_0 
    where
        rs1_0.user_id=?
25-11-05 10:32:40.058 [http-nio-8080-exec-8] DEBUG org.hibernate.SQL - 
    select
        rs1_0.id,
        rs1_0.channel_id,
        rs1_0.created_at,
        rs1_0.last_read_at,
        rs1_0.updated_at,
        rs1_0.user_id 
    from
        read_statuses rs1_0 
    where
        rs1_0.user_id=?
25-11-05 10:32:40.058 [http-nio-8080-exec-1] TRACE org.hibernate.orm.jdbc.bind - binding parameter (1:UUID) <- [49e99996-3bdd-46f2-8644-ab713e1f630b]
25-11-05 10:32:40.058 [http-nio-8080-exec-8] TRACE org.hibernate.orm.jdbc.bind - binding parameter (1:UUID) <- [49e99996-3bdd-46f2-8644-ab713e1f630b]
25-11-05 10:32:40.061 [http-nio-8080-exec-8] DEBUG org.hibernate.SQL - 
    select
        c1_0.id,
        c1_0.created_at,
        c1_0.description,
        c1_0.name,
        c1_0.type,
        c1_0.updated_at 
    from
        channels c1_0 
    where
        c1_0.type=? 
        or c1_0.id in (?)
25-11-05 10:32:40.061 [http-nio-8080-exec-8] TRACE org.hibernate.orm.jdbc.bind - binding parameter (1:VARCHAR) <- [PUBLIC]
25-11-05 10:32:40.061 [http-nio-8080-exec-8] TRACE org.hibernate.orm.jdbc.bind - binding parameter (2:UUID) <- [null]
25-11-05 10:32:40.063 [http-nio-8080-exec-8] DEBUG org.hibernate.SQL - 
    select
        m1_0.created_at 
    from
        messages m1_0 
    where
        m1_0.channel_id=? 
    order by
        m1_0.created_at desc 
    fetch
        first 1 rows only
25-11-05 10:32:40.064 [http-nio-8080-exec-8] TRACE org.hibernate.orm.jdbc.bind - binding parameter (1:UUID) <- [83a5759b-95ff-499b-813b-3de24059a258]
25-11-05 10:32:40.075 [http-nio-8080-exec-7] DEBUG org.hibernate.SQL - 
    select
        rs1_0.id,
        rs1_0.channel_id,
        rs1_0.created_at,
        rs1_0.last_read_at,
        rs1_0.updated_at,
        rs1_0.user_id 
    from
        read_statuses rs1_0 
    where
        rs1_0.user_id=?
25-11-05 10:32:40.078 [http-nio-8080-exec-7] TRACE org.hibernate.orm.jdbc.bind - binding parameter (1:UUID) <- [49e99996-3bdd-46f2-8644-ab713e1f630b]
25-11-05 10:32:44.040 [http-nio-8080-exec-5] DEBUG org.hibernate.SQL - 
    select
        rs1_0.id,
        rs1_0.channel_id,
        rs1_0.created_at,
        rs1_0.last_read_at,
        rs1_0.updated_at,
        rs1_0.user_id 
    from
        read_statuses rs1_0 
    where
        rs1_0.user_id=?
25-11-05 10:32:44.040 [http-nio-8080-exec-5] TRACE org.hibernate.orm.jdbc.bind - binding parameter (1:UUID) <- [49e99996-3bdd-46f2-8644-ab713e1f630b]
25-11-05 10:32:44.042 [http-nio-8080-exec-5] DEBUG org.hibernate.SQL - 
    select
        c1_0.id,
        c1_0.created_at,
        c1_0.description,
        c1_0.name,
        c1_0.type,
        c1_0.updated_at 
    from
        channels c1_0 
    where
        c1_0.type=? 
        or c1_0.id in (?)
25-11-05 10:32:44.043 [http-nio-8080-exec-5] TRACE org.hibernate.orm.jdbc.bind - binding parameter (1:VARCHAR) <- [PUBLIC]
25-11-05 10:32:44.043 [http-nio-8080-exec-5] TRACE org.hibernate.orm.jdbc.bind - binding parameter (2:UUID) <- [null]
25-11-05 10:32:44.044 [http-nio-8080-exec-5] DEBUG org.hibernate.SQL - 
    select
        m1_0.created_at 
    from
        messages m1_0 
    where
        m1_0.channel_id=? 
    order by
        m1_0.created_at desc 
    fetch
        first 1 rows only
25-11-05 10:32:44.045 [http-nio-8080-exec-5] TRACE org.hibernate.orm.jdbc.bind - binding parameter (1:UUID) <- [83a5759b-95ff-499b-813b-3de24059a258]
25-11-05 10:32:44.052 [http-nio-8080-exec-2] DEBUG org.hibernate.SQL - 
    select
        rs1_0.id,
        rs1_0.channel_id,
        rs1_0.created_at,
        rs1_0.last_read_at,
        rs1_0.updated_at,
        rs1_0.user_id 
    from
        read_statuses rs1_0 
    where
        rs1_0.user_id=?
25-11-05 10:32:44.052 [http-nio-8080-exec-2] TRACE org.hibernate.orm.jdbc.bind - binding parameter (1:UUID) <- [49e99996-3bdd-46f2-8644-ab713e1f630b]
25-11-05 10:32:46.046 [http-nio-8080-exec-9] INFO  c.s.m.d.controller.UserController - 유저 상태 업데이트 요청 수신: userId=49e99996-3bdd-46f2-8644-ab713e1f630b, newLastActiveAt=2025-11-05T01:32:46.042Z
25-11-05 10:32:46.048 [http-nio-8080-exec-9] DEBUG org.hibernate.SQL - 
    select
        us1_0.id,
        us1_0.created_at,
        us1_0.last_active_at,
        us1_0.updated_at,
        us1_0.user_id 
    from
        user_statuses us1_0 
    where
        us1_0.user_id=?
25-11-05 10:32:46.048 [http-nio-8080-exec-9] TRACE org.hibernate.orm.jdbc.bind - binding parameter (1:UUID) <- [49e99996-3bdd-46f2-8644-ab713e1f630b]
25-11-05 10:32:46.050 [http-nio-8080-exec-9] DEBUG org.hibernate.SQL - 
    update
        user_statuses 
    set
        last_active_at=?,
        updated_at=?,
        user_id=? 
    where
        id=?
25-11-05 10:32:46.050 [http-nio-8080-exec-9] TRACE org.hibernate.orm.jdbc.bind - binding parameter (1:TIMESTAMP_UTC) <- [2025-11-05T01:32:46.042Z]
25-11-05 10:32:46.050 [http-nio-8080-exec-9] TRACE org.hibernate.orm.jdbc.bind - binding parameter (2:TIMESTAMP_UTC) <- [2025-11-05T01:32:46.050995Z]
25-11-05 10:32:46.050 [http-nio-8080-exec-9] TRACE org.hibernate.orm.jdbc.bind - binding parameter (3:UUID) <- [49e99996-3bdd-46f2-8644-ab713e1f630b]
25-11-05 10:32:46.050 [http-nio-8080-exec-9] TRACE org.hibernate.orm.jdbc.bind - binding parameter (4:UUID) <- [3627bb27-cda3-46c3-a713-15ab6d1fb463]
25-11-05 10:32:46.068 [http-nio-8080-exec-9] INFO  c.s.m.d.controller.UserController - 유저 상태 업데이트 성공: userId=49e99996-3bdd-46f2-8644-ab713e1f630b, newLastActiveAt=2025-11-05T01:32:46.042Z
25-11-05 10:32:47.042 [http-nio-8080-exec-3] DEBUG org.hibernate.SQL - 
    select
        rs1_0.id,
        rs1_0.channel_id,
        rs1_0.created_at,
        rs1_0.last_read_at,
        rs1_0.updated_at,
        rs1_0.user_id 
    from
        read_statuses rs1_0 
    where
        rs1_0.user_id=?
25-11-05 10:32:47.042 [http-nio-8080-exec-3] TRACE org.hibernate.orm.jdbc.bind - binding parameter (1:UUID) <- [49e99996-3bdd-46f2-8644-ab713e1f630b]
25-11-05 10:32:47.045 [http-nio-8080-exec-3] DEBUG org.hibernate.SQL - 
    select
        c1_0.id,
        c1_0.created_at,
        c1_0.description,
        c1_0.name,
        c1_0.type,
        c1_0.updated_at 
    from
        channels c1_0 
    where
        c1_0.type=? 
        or c1_0.id in (?)
25-11-05 10:32:47.045 [http-nio-8080-exec-3] TRACE org.hibernate.orm.jdbc.bind - binding parameter (1:VARCHAR) <- [PUBLIC]
25-11-05 10:32:47.045 [http-nio-8080-exec-3] TRACE org.hibernate.orm.jdbc.bind - binding parameter (2:UUID) <- [null]
25-11-05 10:32:47.047 [http-nio-8080-exec-3] DEBUG org.hibernate.SQL - 
    select
        m1_0.created_at 
    from
        messages m1_0 
    where
        m1_0.channel_id=? 
    order by
        m1_0.created_at desc 
    fetch
        first 1 rows only
25-11-05 10:32:47.048 [http-nio-8080-exec-3] TRACE org.hibernate.orm.jdbc.bind - binding parameter (1:UUID) <- [83a5759b-95ff-499b-813b-3de24059a258]
25-11-05 10:32:47.061 [http-nio-8080-exec-10] DEBUG org.hibernate.SQL - 
    select
        rs1_0.id,
        rs1_0.channel_id,
        rs1_0.created_at,
        rs1_0.last_read_at,
        rs1_0.updated_at,
        rs1_0.user_id 
    from
        read_statuses rs1_0 
    where
        rs1_0.user_id=?
25-11-05 10:32:47.061 [http-nio-8080-exec-10] TRACE org.hibernate.orm.jdbc.bind - binding parameter (1:UUID) <- [49e99996-3bdd-46f2-8644-ab713e1f630b]
25-11-05 10:32:50.048 [http-nio-8080-exec-4] DEBUG org.hibernate.SQL - 
    select
        rs1_0.id,
        rs1_0.channel_id,
        rs1_0.created_at,
        rs1_0.last_read_at,
        rs1_0.updated_at,
        rs1_0.user_id 
    from
        read_statuses rs1_0 
    where
        rs1_0.user_id=?
25-11-05 10:32:50.048 [http-nio-8080-exec-4] TRACE org.hibernate.orm.jdbc.bind - binding parameter (1:UUID) <- [49e99996-3bdd-46f2-8644-ab713e1f630b]
25-11-05 10:32:50.050 [http-nio-8080-exec-4] DEBUG org.hibernate.SQL - 
    select
        c1_0.id,
        c1_0.created_at,
        c1_0.description,
        c1_0.name,
        c1_0.type,
        c1_0.updated_at 
    from
        channels c1_0 
    where
        c1_0.type=? 
        or c1_0.id in (?)
25-11-05 10:32:50.050 [http-nio-8080-exec-4] TRACE org.hibernate.orm.jdbc.bind - binding parameter (1:VARCHAR) <- [PUBLIC]
25-11-05 10:32:50.050 [http-nio-8080-exec-4] TRACE org.hibernate.orm.jdbc.bind - binding parameter (2:UUID) <- [null]
25-11-05 10:32:50.052 [http-nio-8080-exec-4] DEBUG org.hibernate.SQL - 
    select
        m1_0.created_at 
    from
        messages m1_0 
    where
        m1_0.channel_id=? 
    order by
        m1_0.created_at desc 
    fetch
        first 1 rows only
25-11-05 10:32:50.053 [http-nio-8080-exec-4] TRACE org.hibernate.orm.jdbc.bind - binding parameter (1:UUID) <- [83a5759b-95ff-499b-813b-3de24059a258]
25-11-05 10:32:50.064 [http-nio-8080-exec-1] DEBUG org.hibernate.SQL - 
    select
        rs1_0.id,
        rs1_0.channel_id,
        rs1_0.created_at,
        rs1_0.last_read_at,
        rs1_0.updated_at,
        rs1_0.user_id 
    from
        read_statuses rs1_0 
    where
        rs1_0.user_id=?
25-11-05 10:32:50.067 [http-nio-8080-exec-1] TRACE org.hibernate.orm.jdbc.bind - binding parameter (1:UUID) <- [49e99996-3bdd-46f2-8644-ab713e1f630b]
25-11-05 10:32:53.044 [http-nio-8080-exec-8] DEBUG org.hibernate.SQL - 
    select
        rs1_0.id,
        rs1_0.channel_id,
        rs1_0.created_at,
        rs1_0.last_read_at,
        rs1_0.updated_at,
        rs1_0.user_id 
    from
        read_statuses rs1_0 
    where
        rs1_0.user_id=?
25-11-05 10:32:53.044 [http-nio-8080-exec-8] TRACE org.hibernate.orm.jdbc.bind - binding parameter (1:UUID) <- [49e99996-3bdd-46f2-8644-ab713e1f630b]
25-11-05 10:32:53.047 [http-nio-8080-exec-8] DEBUG org.hibernate.SQL - 
    select
        c1_0.id,
        c1_0.created_at,
        c1_0.description,
        c1_0.name,
        c1_0.type,
        c1_0.updated_at 
    from
        channels c1_0 
    where
        c1_0.type=? 
        or c1_0.id in (?)
25-11-05 10:32:53.047 [http-nio-8080-exec-8] TRACE org.hibernate.orm.jdbc.bind - binding parameter (1:VARCHAR) <- [PUBLIC]
25-11-05 10:32:53.047 [http-nio-8080-exec-8] TRACE org.hibernate.orm.jdbc.bind - binding parameter (2:UUID) <- [null]
25-11-05 10:32:53.050 [http-nio-8080-exec-8] DEBUG org.hibernate.SQL - 
    select
        m1_0.created_at 
    from
        messages m1_0 
    where
        m1_0.channel_id=? 
    order by
        m1_0.created_at desc 
    fetch
        first 1 rows only
25-11-05 10:32:53.050 [http-nio-8080-exec-8] TRACE org.hibernate.orm.jdbc.bind - binding parameter (1:UUID) <- [83a5759b-95ff-499b-813b-3de24059a258]
25-11-05 10:32:53.061 [http-nio-8080-exec-7] DEBUG org.hibernate.SQL - 
    select
        rs1_0.id,
        rs1_0.channel_id,
        rs1_0.created_at,
        rs1_0.last_read_at,
        rs1_0.updated_at,
        rs1_0.user_id 
    from
        read_statuses rs1_0 
    where
        rs1_0.user_id=?
25-11-05 10:32:53.064 [http-nio-8080-exec-7] TRACE org.hibernate.orm.jdbc.bind - binding parameter (1:UUID) <- [49e99996-3bdd-46f2-8644-ab713e1f630b]
25-11-05 10:32:56.047 [http-nio-8080-exec-6] DEBUG org.hibernate.SQL - 
    select
        rs1_0.id,
        rs1_0.channel_id,
        rs1_0.created_at,
        rs1_0.last_read_at,
        rs1_0.updated_at,
        rs1_0.user_id 
    from
        read_statuses rs1_0 
    where
        rs1_0.user_id=?
25-11-05 10:32:56.047 [http-nio-8080-exec-6] TRACE org.hibernate.orm.jdbc.bind - binding parameter (1:UUID) <- [49e99996-3bdd-46f2-8644-ab713e1f630b]
25-11-05 10:32:56.050 [http-nio-8080-exec-6] DEBUG org.hibernate.SQL - 
    select
        c1_0.id,
        c1_0.created_at,
        c1_0.description,
        c1_0.name,
        c1_0.type,
        c1_0.updated_at 
    from
        channels c1_0 
    where
        c1_0.type=? 
        or c1_0.id in (?)
25-11-05 10:32:56.051 [http-nio-8080-exec-6] TRACE org.hibernate.orm.jdbc.bind - binding parameter (1:VARCHAR) <- [PUBLIC]
25-11-05 10:32:56.051 [http-nio-8080-exec-6] TRACE org.hibernate.orm.jdbc.bind - binding parameter (2:UUID) <- [null]
25-11-05 10:32:56.053 [http-nio-8080-exec-6] DEBUG org.hibernate.SQL - 
    select
        m1_0.created_at 
    from
        messages m1_0 
    where
        m1_0.channel_id=? 
    order by
        m1_0.created_at desc 
    fetch
        first 1 rows only
25-11-05 10:32:56.053 [http-nio-8080-exec-6] TRACE org.hibernate.orm.jdbc.bind - binding parameter (1:UUID) <- [83a5759b-95ff-499b-813b-3de24059a258]
25-11-05 10:32:56.074 [http-nio-8080-exec-5] DEBUG org.hibernate.SQL - 
    select
        rs1_0.id,
        rs1_0.channel_id,
        rs1_0.created_at,
        rs1_0.last_read_at,
        rs1_0.updated_at,
        rs1_0.user_id 
    from
        read_statuses rs1_0 
    where
        rs1_0.user_id=?
25-11-05 10:32:56.078 [http-nio-8080-exec-5] TRACE org.hibernate.orm.jdbc.bind - binding parameter (1:UUID) <- [49e99996-3bdd-46f2-8644-ab713e1f630b]
25-11-05 10:32:59.040 [http-nio-8080-exec-2] DEBUG org.hibernate.SQL - 
    select
        rs1_0.id,
        rs1_0.channel_id,
        rs1_0.created_at,
        rs1_0.last_read_at,
        rs1_0.updated_at,
        rs1_0.user_id 
    from
        read_statuses rs1_0 
    where
        rs1_0.user_id=?
25-11-05 10:32:59.040 [http-nio-8080-exec-2] TRACE org.hibernate.orm.jdbc.bind - binding parameter (1:UUID) <- [49e99996-3bdd-46f2-8644-ab713e1f630b]
25-11-05 10:32:59.042 [http-nio-8080-exec-2] DEBUG org.hibernate.SQL - 
    select
        c1_0.id,
        c1_0.created_at,
        c1_0.description,
        c1_0.name,
        c1_0.type,
        c1_0.updated_at 
    from
        channels c1_0 
    where
        c1_0.type=? 
        or c1_0.id in (?)
25-11-05 10:32:59.042 [http-nio-8080-exec-2] TRACE org.hibernate.orm.jdbc.bind - binding parameter (1:VARCHAR) <- [PUBLIC]
25-11-05 10:32:59.042 [http-nio-8080-exec-2] TRACE org.hibernate.orm.jdbc.bind - binding parameter (2:UUID) <- [null]
25-11-05 10:32:59.045 [http-nio-8080-exec-2] DEBUG org.hibernate.SQL - 
    select
        m1_0.created_at 
    from
        messages m1_0 
    where
        m1_0.channel_id=? 
    order by
        m1_0.created_at desc 
    fetch
        first 1 rows only
25-11-05 10:32:59.045 [http-nio-8080-exec-2] TRACE org.hibernate.orm.jdbc.bind - binding parameter (1:UUID) <- [83a5759b-95ff-499b-813b-3de24059a258]
25-11-05 10:32:59.056 [http-nio-8080-exec-9] DEBUG org.hibernate.SQL - 
    select
        rs1_0.id,
        rs1_0.channel_id,
        rs1_0.created_at,
        rs1_0.last_read_at,
        rs1_0.updated_at,
        rs1_0.user_id 
    from
        read_statuses rs1_0 
    where
        rs1_0.user_id=?
25-11-05 10:32:59.057 [http-nio-8080-exec-9] TRACE org.hibernate.orm.jdbc.bind - binding parameter (1:UUID) <- [49e99996-3bdd-46f2-8644-ab713e1f630b]
25-11-05 10:33:40.038 [http-nio-8080-exec-4] DEBUG org.hibernate.SQL - 
    select
        u1_0.id,
        u1_0.created_at,
        u1_0.email,
        u1_0.password,
        p1_0.id,
        p1_0.content_type,
        p1_0.created_at,
        p1_0.file_name,
        p1_0.size,
        s1_0.id,
        s1_0.created_at,
        s1_0.last_active_at,
        s1_0.updated_at,
        s1_0.user_id,
        u1_0.updated_at,
        u1_0.username 
    from
        users u1_0 
    left join
        binary_contents p1_0 
            on p1_0.id=u1_0.profile_id 
    join
        user_statuses s1_0 
            on u1_0.id=s1_0.user_id
25-11-05 10:33:40.043 [http-nio-8080-exec-4] INFO  c.s.m.d.s.basic.BasicUserService - 모든 유저 목록 조회 완료. 총 4명
25-11-05 10:33:40.044 [http-nio-8080-exec-4] INFO  c.s.m.d.controller.UserController - 모든 유저 목록 조회 완료. 총 4명
25-11-05 10:33:40.049 [http-nio-8080-exec-8] DEBUG org.hibernate.SQL - 
    select
        rs1_0.id,
        rs1_0.channel_id,
        rs1_0.created_at,
        rs1_0.last_read_at,
        rs1_0.updated_at,
        rs1_0.user_id 
    from
        read_statuses rs1_0 
    where
        rs1_0.user_id=?
25-11-05 10:33:40.051 [http-nio-8080-exec-1] DEBUG org.hibernate.SQL - 
    select
        rs1_0.id,
        rs1_0.channel_id,
        rs1_0.created_at,
        rs1_0.last_read_at,
        rs1_0.updated_at,
        rs1_0.user_id 
    from
        read_statuses rs1_0 
    where
        rs1_0.user_id=?
25-11-05 10:33:40.051 [http-nio-8080-exec-1] TRACE org.hibernate.orm.jdbc.bind - binding parameter (1:UUID) <- [49e99996-3bdd-46f2-8644-ab713e1f630b]
25-11-05 10:33:40.051 [http-nio-8080-exec-8] TRACE org.hibernate.orm.jdbc.bind - binding parameter (1:UUID) <- [49e99996-3bdd-46f2-8644-ab713e1f630b]
25-11-05 10:33:40.054 [http-nio-8080-exec-1] DEBUG org.hibernate.SQL - 
    select
        c1_0.id,
        c1_0.created_at,
        c1_0.description,
        c1_0.name,
        c1_0.type,
        c1_0.updated_at 
    from
        channels c1_0 
    where
        c1_0.type=? 
        or c1_0.id in (?)
25-11-05 10:33:40.054 [http-nio-8080-exec-1] TRACE org.hibernate.orm.jdbc.bind - binding parameter (1:VARCHAR) <- [PUBLIC]
25-11-05 10:33:40.054 [http-nio-8080-exec-1] TRACE org.hibernate.orm.jdbc.bind - binding parameter (2:UUID) <- [null]
25-11-05 10:33:40.057 [http-nio-8080-exec-1] DEBUG org.hibernate.SQL - 
    select
        m1_0.created_at 
    from
        messages m1_0 
    where
        m1_0.channel_id=? 
    order by
        m1_0.created_at desc 
    fetch
        first 1 rows only
25-11-05 10:33:40.057 [http-nio-8080-exec-1] TRACE org.hibernate.orm.jdbc.bind - binding parameter (1:UUID) <- [83a5759b-95ff-499b-813b-3de24059a258]
25-11-05 10:33:40.071 [http-nio-8080-exec-7] DEBUG org.hibernate.SQL - 
    select
        rs1_0.id,
        rs1_0.channel_id,
        rs1_0.created_at,
        rs1_0.last_read_at,
        rs1_0.updated_at,
        rs1_0.user_id 
    from
        read_statuses rs1_0 
    where
        rs1_0.user_id=?
25-11-05 10:33:40.073 [http-nio-8080-exec-7] TRACE org.hibernate.orm.jdbc.bind - binding parameter (1:UUID) <- [49e99996-3bdd-46f2-8644-ab713e1f630b]
25-11-05 10:33:44.041 [http-nio-8080-exec-6] DEBUG org.hibernate.SQL - 
    select
        rs1_0.id,
        rs1_0.channel_id,
        rs1_0.created_at,
        rs1_0.last_read_at,
        rs1_0.updated_at,
        rs1_0.user_id 
    from
        read_statuses rs1_0 
    where
        rs1_0.user_id=?
25-11-05 10:33:44.041 [http-nio-8080-exec-6] TRACE org.hibernate.orm.jdbc.bind - binding parameter (1:UUID) <- [49e99996-3bdd-46f2-8644-ab713e1f630b]
25-11-05 10:33:44.044 [http-nio-8080-exec-6] DEBUG org.hibernate.SQL - 
    select
        c1_0.id,
        c1_0.created_at,
        c1_0.description,
        c1_0.name,
        c1_0.type,
        c1_0.updated_at 
    from
        channels c1_0 
    where
        c1_0.type=? 
        or c1_0.id in (?)
25-11-05 10:33:44.044 [http-nio-8080-exec-6] TRACE org.hibernate.orm.jdbc.bind - binding parameter (1:VARCHAR) <- [PUBLIC]
25-11-05 10:33:44.044 [http-nio-8080-exec-6] TRACE org.hibernate.orm.jdbc.bind - binding parameter (2:UUID) <- [null]
25-11-05 10:33:44.047 [http-nio-8080-exec-6] DEBUG org.hibernate.SQL - 
    select
        m1_0.created_at 
    from
        messages m1_0 
    where
        m1_0.channel_id=? 
    order by
        m1_0.created_at desc 
    fetch
        first 1 rows only
25-11-05 10:33:44.047 [http-nio-8080-exec-6] TRACE org.hibernate.orm.jdbc.bind - binding parameter (1:UUID) <- [83a5759b-95ff-499b-813b-3de24059a258]
25-11-05 10:33:44.056 [http-nio-8080-exec-5] DEBUG org.hibernate.SQL - 
    select
        rs1_0.id,
        rs1_0.channel_id,
        rs1_0.created_at,
        rs1_0.last_read_at,
        rs1_0.updated_at,
        rs1_0.user_id 
    from
        read_statuses rs1_0 
    where
        rs1_0.user_id=?
25-11-05 10:33:44.059 [http-nio-8080-exec-5] TRACE org.hibernate.orm.jdbc.bind - binding parameter (1:UUID) <- [49e99996-3bdd-46f2-8644-ab713e1f630b]
25-11-05 10:33:46.049 [http-nio-8080-exec-2] INFO  c.s.m.d.controller.UserController - 유저 상태 업데이트 요청 수신: userId=49e99996-3bdd-46f2-8644-ab713e1f630b, newLastActiveAt=2025-11-05T01:33:46.044Z
25-11-05 10:33:46.051 [http-nio-8080-exec-2] DEBUG org.hibernate.SQL - 
    select
        us1_0.id,
        us1_0.created_at,
        us1_0.last_active_at,
        us1_0.updated_at,
        us1_0.user_id 
    from
        user_statuses us1_0 
    where
        us1_0.user_id=?
25-11-05 10:33:46.051 [http-nio-8080-exec-2] TRACE org.hibernate.orm.jdbc.bind - binding parameter (1:UUID) <- [49e99996-3bdd-46f2-8644-ab713e1f630b]
25-11-05 10:33:46.055 [http-nio-8080-exec-2] DEBUG org.hibernate.SQL - 
    update
        user_statuses 
    set
        last_active_at=?,
        updated_at=?,
        user_id=? 
    where
        id=?
25-11-05 10:33:46.055 [http-nio-8080-exec-2] TRACE org.hibernate.orm.jdbc.bind - binding parameter (1:TIMESTAMP_UTC) <- [2025-11-05T01:33:46.044Z]
25-11-05 10:33:46.056 [http-nio-8080-exec-2] TRACE org.hibernate.orm.jdbc.bind - binding parameter (2:TIMESTAMP_UTC) <- [2025-11-05T01:33:46.054510600Z]
25-11-05 10:33:46.056 [http-nio-8080-exec-2] TRACE org.hibernate.orm.jdbc.bind - binding parameter (3:UUID) <- [49e99996-3bdd-46f2-8644-ab713e1f630b]
25-11-05 10:33:46.056 [http-nio-8080-exec-2] TRACE org.hibernate.orm.jdbc.bind - binding parameter (4:UUID) <- [3627bb27-cda3-46c3-a713-15ab6d1fb463]
25-11-05 10:33:46.063 [http-nio-8080-exec-2] INFO  c.s.m.d.controller.UserController - 유저 상태 업데이트 성공: userId=49e99996-3bdd-46f2-8644-ab713e1f630b, newLastActiveAt=2025-11-05T01:33:46.044Z
25-11-05 10:33:47.046 [http-nio-8080-exec-9] DEBUG org.hibernate.SQL - 
    select
        rs1_0.id,
        rs1_0.channel_id,
        rs1_0.created_at,
        rs1_0.last_read_at,
        rs1_0.updated_at,
        rs1_0.user_id 
    from
        read_statuses rs1_0 
    where
        rs1_0.user_id=?
25-11-05 10:33:47.046 [http-nio-8080-exec-9] TRACE org.hibernate.orm.jdbc.bind - binding parameter (1:UUID) <- [49e99996-3bdd-46f2-8644-ab713e1f630b]
25-11-05 10:33:47.049 [http-nio-8080-exec-9] DEBUG org.hibernate.SQL - 
    select
        c1_0.id,
        c1_0.created_at,
        c1_0.description,
        c1_0.name,
        c1_0.type,
        c1_0.updated_at 
    from
        channels c1_0 
    where
        c1_0.type=? 
        or c1_0.id in (?)
25-11-05 10:33:47.049 [http-nio-8080-exec-9] TRACE org.hibernate.orm.jdbc.bind - binding parameter (1:VARCHAR) <- [PUBLIC]
25-11-05 10:33:47.050 [http-nio-8080-exec-9] TRACE org.hibernate.orm.jdbc.bind - binding parameter (2:UUID) <- [null]
25-11-05 10:33:47.052 [http-nio-8080-exec-9] DEBUG org.hibernate.SQL - 
    select
        m1_0.created_at 
    from
        messages m1_0 
    where
        m1_0.channel_id=? 
    order by
        m1_0.created_at desc 
    fetch
        first 1 rows only
25-11-05 10:33:47.053 [http-nio-8080-exec-9] TRACE org.hibernate.orm.jdbc.bind - binding parameter (1:UUID) <- [83a5759b-95ff-499b-813b-3de24059a258]
25-11-05 10:33:47.065 [http-nio-8080-exec-3] DEBUG org.hibernate.SQL - 
    select
        rs1_0.id,
        rs1_0.channel_id,
        rs1_0.created_at,
        rs1_0.last_read_at,
        rs1_0.updated_at,
        rs1_0.user_id 
    from
        read_statuses rs1_0 
    where
        rs1_0.user_id=?
25-11-05 10:33:47.068 [http-nio-8080-exec-3] TRACE org.hibernate.orm.jdbc.bind - binding parameter (1:UUID) <- [49e99996-3bdd-46f2-8644-ab713e1f630b]
25-11-05 10:33:50.047 [http-nio-8080-exec-10] DEBUG org.hibernate.SQL - 
    select
        rs1_0.id,
        rs1_0.channel_id,
        rs1_0.created_at,
        rs1_0.last_read_at,
        rs1_0.updated_at,
        rs1_0.user_id 
    from
        read_statuses rs1_0 
    where
        rs1_0.user_id=?
25-11-05 10:33:50.048 [http-nio-8080-exec-10] TRACE org.hibernate.orm.jdbc.bind - binding parameter (1:UUID) <- [49e99996-3bdd-46f2-8644-ab713e1f630b]
25-11-05 10:33:50.050 [http-nio-8080-exec-10] DEBUG org.hibernate.SQL - 
    select
        c1_0.id,
        c1_0.created_at,
        c1_0.description,
        c1_0.name,
        c1_0.type,
        c1_0.updated_at 
    from
        channels c1_0 
    where
        c1_0.type=? 
        or c1_0.id in (?)
25-11-05 10:33:50.050 [http-nio-8080-exec-10] TRACE org.hibernate.orm.jdbc.bind - binding parameter (1:VARCHAR) <- [PUBLIC]
25-11-05 10:33:50.050 [http-nio-8080-exec-10] TRACE org.hibernate.orm.jdbc.bind - binding parameter (2:UUID) <- [null]
25-11-05 10:33:50.052 [http-nio-8080-exec-10] DEBUG org.hibernate.SQL - 
    select
        m1_0.created_at 
    from
        messages m1_0 
    where
        m1_0.channel_id=? 
    order by
        m1_0.created_at desc 
    fetch
        first 1 rows only
25-11-05 10:33:50.053 [http-nio-8080-exec-10] TRACE org.hibernate.orm.jdbc.bind - binding parameter (1:UUID) <- [83a5759b-95ff-499b-813b-3de24059a258]
25-11-05 10:33:50.065 [http-nio-8080-exec-4] DEBUG org.hibernate.SQL - 
    select
        rs1_0.id,
        rs1_0.channel_id,
        rs1_0.created_at,
        rs1_0.last_read_at,
        rs1_0.updated_at,
        rs1_0.user_id 
    from
        read_statuses rs1_0 
    where
        rs1_0.user_id=?
25-11-05 10:33:50.068 [http-nio-8080-exec-4] TRACE org.hibernate.orm.jdbc.bind - binding parameter (1:UUID) <- [49e99996-3bdd-46f2-8644-ab713e1f630b]
25-11-05 10:33:53.049 [http-nio-8080-exec-8] DEBUG org.hibernate.SQL - 
    select
        rs1_0.id,
        rs1_0.channel_id,
        rs1_0.created_at,
        rs1_0.last_read_at,
        rs1_0.updated_at,
        rs1_0.user_id 
    from
        read_statuses rs1_0 
    where
        rs1_0.user_id=?
25-11-05 10:33:53.050 [http-nio-8080-exec-8] TRACE org.hibernate.orm.jdbc.bind - binding parameter (1:UUID) <- [49e99996-3bdd-46f2-8644-ab713e1f630b]
25-11-05 10:33:53.052 [http-nio-8080-exec-8] DEBUG org.hibernate.SQL - 
    select
        c1_0.id,
        c1_0.created_at,
        c1_0.description,
        c1_0.name,
        c1_0.type,
        c1_0.updated_at 
    from
        channels c1_0 
    where
        c1_0.type=? 
        or c1_0.id in (?)
25-11-05 10:33:53.052 [http-nio-8080-exec-8] TRACE org.hibernate.orm.jdbc.bind - binding parameter (1:VARCHAR) <- [PUBLIC]
25-11-05 10:33:53.052 [http-nio-8080-exec-8] TRACE org.hibernate.orm.jdbc.bind - binding parameter (2:UUID) <- [null]
25-11-05 10:33:53.055 [http-nio-8080-exec-8] DEBUG org.hibernate.SQL - 
    select
        m1_0.created_at 
    from
        messages m1_0 
    where
        m1_0.channel_id=? 
    order by
        m1_0.created_at desc 
    fetch
        first 1 rows only
25-11-05 10:33:53.055 [http-nio-8080-exec-8] TRACE org.hibernate.orm.jdbc.bind - binding parameter (1:UUID) <- [83a5759b-95ff-499b-813b-3de24059a258]
25-11-05 10:33:53.066 [http-nio-8080-exec-1] DEBUG org.hibernate.SQL - 
    select
        rs1_0.id,
        rs1_0.channel_id,
        rs1_0.created_at,
        rs1_0.last_read_at,
        rs1_0.updated_at,
        rs1_0.user_id 
    from
        read_statuses rs1_0 
    where
        rs1_0.user_id=?
25-11-05 10:33:53.068 [http-nio-8080-exec-1] TRACE org.hibernate.orm.jdbc.bind - binding parameter (1:UUID) <- [49e99996-3bdd-46f2-8644-ab713e1f630b]
25-11-05 10:33:56.048 [http-nio-8080-exec-7] DEBUG org.hibernate.SQL - 
    select
        rs1_0.id,
        rs1_0.channel_id,
        rs1_0.created_at,
        rs1_0.last_read_at,
        rs1_0.updated_at,
        rs1_0.user_id 
    from
        read_statuses rs1_0 
    where
        rs1_0.user_id=?
25-11-05 10:33:56.048 [http-nio-8080-exec-7] TRACE org.hibernate.orm.jdbc.bind - binding parameter (1:UUID) <- [49e99996-3bdd-46f2-8644-ab713e1f630b]
25-11-05 10:33:56.050 [http-nio-8080-exec-7] DEBUG org.hibernate.SQL - 
    select
        c1_0.id,
        c1_0.created_at,
        c1_0.description,
        c1_0.name,
        c1_0.type,
        c1_0.updated_at 
    from
        channels c1_0 
    where
        c1_0.type=? 
        or c1_0.id in (?)
25-11-05 10:33:56.050 [http-nio-8080-exec-7] TRACE org.hibernate.orm.jdbc.bind - binding parameter (1:VARCHAR) <- [PUBLIC]
25-11-05 10:33:56.050 [http-nio-8080-exec-7] TRACE org.hibernate.orm.jdbc.bind - binding parameter (2:UUID) <- [null]
25-11-05 10:33:56.052 [http-nio-8080-exec-7] DEBUG org.hibernate.SQL - 
    select
        m1_0.created_at 
    from
        messages m1_0 
    where
        m1_0.channel_id=? 
    order by
        m1_0.created_at desc 
    fetch
        first 1 rows only
25-11-05 10:33:56.053 [http-nio-8080-exec-7] TRACE org.hibernate.orm.jdbc.bind - binding parameter (1:UUID) <- [83a5759b-95ff-499b-813b-3de24059a258]
25-11-05 10:33:56.062 [http-nio-8080-exec-6] DEBUG org.hibernate.SQL - 
    select
        rs1_0.id,
        rs1_0.channel_id,
        rs1_0.created_at,
        rs1_0.last_read_at,
        rs1_0.updated_at,
        rs1_0.user_id 
    from
        read_statuses rs1_0 
    where
        rs1_0.user_id=?
25-11-05 10:33:56.065 [http-nio-8080-exec-6] TRACE org.hibernate.orm.jdbc.bind - binding parameter (1:UUID) <- [49e99996-3bdd-46f2-8644-ab713e1f630b]
25-11-05 10:33:59.046 [http-nio-8080-exec-9] DEBUG org.hibernate.SQL - 
    select
        rs1_0.id,
        rs1_0.channel_id,
        rs1_0.created_at,
        rs1_0.last_read_at,
        rs1_0.updated_at,
        rs1_0.user_id 
    from
        read_statuses rs1_0 
    where
        rs1_0.user_id=?
25-11-05 10:33:59.046 [http-nio-8080-exec-9] TRACE org.hibernate.orm.jdbc.bind - binding parameter (1:UUID) <- [49e99996-3bdd-46f2-8644-ab713e1f630b]
25-11-05 10:33:59.049 [http-nio-8080-exec-9] DEBUG org.hibernate.SQL - 
    select
        c1_0.id,
        c1_0.created_at,
        c1_0.description,
        c1_0.name,
        c1_0.type,
        c1_0.updated_at 
    from
        channels c1_0 
    where
        c1_0.type=? 
        or c1_0.id in (?)
25-11-05 10:33:59.050 [http-nio-8080-exec-9] TRACE org.hibernate.orm.jdbc.bind - binding parameter (1:VARCHAR) <- [PUBLIC]
25-11-05 10:33:59.050 [http-nio-8080-exec-9] TRACE org.hibernate.orm.jdbc.bind - binding parameter (2:UUID) <- [null]
25-11-05 10:33:59.052 [http-nio-8080-exec-9] DEBUG org.hibernate.SQL - 
    select
        m1_0.created_at 
    from
        messages m1_0 
    where
        m1_0.channel_id=? 
    order by
        m1_0.created_at desc 
    fetch
        first 1 rows only
25-11-05 10:33:59.053 [http-nio-8080-exec-9] TRACE org.hibernate.orm.jdbc.bind - binding parameter (1:UUID) <- [83a5759b-95ff-499b-813b-3de24059a258]
25-11-05 10:33:59.062 [http-nio-8080-exec-3] DEBUG org.hibernate.SQL - 
    select
        rs1_0.id,
        rs1_0.channel_id,
        rs1_0.created_at,
        rs1_0.last_read_at,
        rs1_0.updated_at,
        rs1_0.user_id 
    from
        read_statuses rs1_0 
    where
        rs1_0.user_id=?
25-11-05 10:33:59.065 [http-nio-8080-exec-3] TRACE org.hibernate.orm.jdbc.bind - binding parameter (1:UUID) <- [49e99996-3bdd-46f2-8644-ab713e1f630b]
25-11-05 10:34:40.047 [http-nio-8080-exec-4] DEBUG org.hibernate.SQL - 
    select
        u1_0.id,
        u1_0.created_at,
        u1_0.email,
        u1_0.password,
        p1_0.id,
        p1_0.content_type,
        p1_0.created_at,
        p1_0.file_name,
        p1_0.size,
        s1_0.id,
        s1_0.created_at,
        s1_0.last_active_at,
        s1_0.updated_at,
        s1_0.user_id,
        u1_0.updated_at,
        u1_0.username 
    from
        users u1_0 
    left join
        binary_contents p1_0 
            on p1_0.id=u1_0.profile_id 
    join
        user_statuses s1_0 
            on u1_0.id=s1_0.user_id
25-11-05 10:34:40.052 [http-nio-8080-exec-4] INFO  c.s.m.d.s.basic.BasicUserService - 모든 유저 목록 조회 완료. 총 4명
25-11-05 10:34:40.052 [http-nio-8080-exec-4] INFO  c.s.m.d.controller.UserController - 모든 유저 목록 조회 완료. 총 4명
25-11-05 10:34:40.061 [http-nio-8080-exec-1] DEBUG org.hibernate.SQL - 
    select
        rs1_0.id,
        rs1_0.channel_id,
        rs1_0.created_at,
        rs1_0.last_read_at,
        rs1_0.updated_at,
        rs1_0.user_id 
    from
        read_statuses rs1_0 
    where
        rs1_0.user_id=?
25-11-05 10:34:40.064 [http-nio-8080-exec-8] DEBUG org.hibernate.SQL - 
    select
        rs1_0.id,
        rs1_0.channel_id,
        rs1_0.created_at,
        rs1_0.last_read_at,
        rs1_0.updated_at,
        rs1_0.user_id 
    from
        read_statuses rs1_0 
    where
        rs1_0.user_id=?
25-11-05 10:34:40.064 [http-nio-8080-exec-8] TRACE org.hibernate.orm.jdbc.bind - binding parameter (1:UUID) <- [49e99996-3bdd-46f2-8644-ab713e1f630b]
25-11-05 10:34:40.064 [http-nio-8080-exec-1] TRACE org.hibernate.orm.jdbc.bind - binding parameter (1:UUID) <- [49e99996-3bdd-46f2-8644-ab713e1f630b]
25-11-05 10:34:40.068 [http-nio-8080-exec-8] DEBUG org.hibernate.SQL - 
    select
        c1_0.id,
        c1_0.created_at,
        c1_0.description,
        c1_0.name,
        c1_0.type,
        c1_0.updated_at 
    from
        channels c1_0 
    where
        c1_0.type=? 
        or c1_0.id in (?)
25-11-05 10:34:40.068 [http-nio-8080-exec-8] TRACE org.hibernate.orm.jdbc.bind - binding parameter (1:VARCHAR) <- [PUBLIC]
25-11-05 10:34:40.068 [http-nio-8080-exec-8] TRACE org.hibernate.orm.jdbc.bind - binding parameter (2:UUID) <- [null]
25-11-05 10:34:40.071 [http-nio-8080-exec-8] DEBUG org.hibernate.SQL - 
    select
        m1_0.created_at 
    from
        messages m1_0 
    where
        m1_0.channel_id=? 
    order by
        m1_0.created_at desc 
    fetch
        first 1 rows only
25-11-05 10:34:40.071 [http-nio-8080-exec-8] TRACE org.hibernate.orm.jdbc.bind - binding parameter (1:UUID) <- [83a5759b-95ff-499b-813b-3de24059a258]
25-11-05 10:34:40.083 [http-nio-8080-exec-7] DEBUG org.hibernate.SQL - 
    select
        rs1_0.id,
        rs1_0.channel_id,
        rs1_0.created_at,
        rs1_0.last_read_at,
        rs1_0.updated_at,
        rs1_0.user_id 
    from
        read_statuses rs1_0 
    where
        rs1_0.user_id=?
25-11-05 10:34:40.087 [http-nio-8080-exec-7] TRACE org.hibernate.orm.jdbc.bind - binding parameter (1:UUID) <- [49e99996-3bdd-46f2-8644-ab713e1f630b]
25-11-05 10:34:44.052 [http-nio-8080-exec-6] DEBUG org.hibernate.SQL - 
    select
        rs1_0.id,
        rs1_0.channel_id,
        rs1_0.created_at,
        rs1_0.last_read_at,
        rs1_0.updated_at,
        rs1_0.user_id 
    from
        read_statuses rs1_0 
    where
        rs1_0.user_id=?
25-11-05 10:34:44.053 [http-nio-8080-exec-6] TRACE org.hibernate.orm.jdbc.bind - binding parameter (1:UUID) <- [49e99996-3bdd-46f2-8644-ab713e1f630b]
25-11-05 10:34:44.056 [http-nio-8080-exec-6] DEBUG org.hibernate.SQL - 
    select
        c1_0.id,
        c1_0.created_at,
        c1_0.description,
        c1_0.name,
        c1_0.type,
        c1_0.updated_at 
    from
        channels c1_0 
    where
        c1_0.type=? 
        or c1_0.id in (?)
25-11-05 10:34:44.057 [http-nio-8080-exec-6] TRACE org.hibernate.orm.jdbc.bind - binding parameter (1:VARCHAR) <- [PUBLIC]
25-11-05 10:34:44.057 [http-nio-8080-exec-6] TRACE org.hibernate.orm.jdbc.bind - binding parameter (2:UUID) <- [null]
25-11-05 10:34:44.061 [http-nio-8080-exec-6] DEBUG org.hibernate.SQL - 
    select
        m1_0.created_at 
    from
        messages m1_0 
    where
        m1_0.channel_id=? 
    order by
        m1_0.created_at desc 
    fetch
        first 1 rows only
25-11-05 10:34:44.061 [http-nio-8080-exec-6] TRACE org.hibernate.orm.jdbc.bind - binding parameter (1:UUID) <- [83a5759b-95ff-499b-813b-3de24059a258]
25-11-05 10:34:44.076 [http-nio-8080-exec-5] DEBUG org.hibernate.SQL - 
    select
        rs1_0.id,
        rs1_0.channel_id,
        rs1_0.created_at,
        rs1_0.last_read_at,
        rs1_0.updated_at,
        rs1_0.user_id 
    from
        read_statuses rs1_0 
    where
        rs1_0.user_id=?
25-11-05 10:34:44.079 [http-nio-8080-exec-5] TRACE org.hibernate.orm.jdbc.bind - binding parameter (1:UUID) <- [49e99996-3bdd-46f2-8644-ab713e1f630b]
25-11-05 10:34:46.038 [http-nio-8080-exec-2] INFO  c.s.m.d.controller.UserController - 유저 상태 업데이트 요청 수신: userId=49e99996-3bdd-46f2-8644-ab713e1f630b, newLastActiveAt=2025-11-05T01:34:46.034Z
25-11-05 10:34:46.042 [http-nio-8080-exec-2] DEBUG org.hibernate.SQL - 
    select
        us1_0.id,
        us1_0.created_at,
        us1_0.last_active_at,
        us1_0.updated_at,
        us1_0.user_id 
    from
        user_statuses us1_0 
    where
        us1_0.user_id=?
25-11-05 10:34:46.042 [http-nio-8080-exec-2] TRACE org.hibernate.orm.jdbc.bind - binding parameter (1:UUID) <- [49e99996-3bdd-46f2-8644-ab713e1f630b]
25-11-05 10:34:46.045 [http-nio-8080-exec-2] DEBUG org.hibernate.SQL - 
    update
        user_statuses 
    set
        last_active_at=?,
        updated_at=?,
        user_id=? 
    where
        id=?
25-11-05 10:34:46.045 [http-nio-8080-exec-2] TRACE org.hibernate.orm.jdbc.bind - binding parameter (1:TIMESTAMP_UTC) <- [2025-11-05T01:34:46.034Z]
25-11-05 10:34:46.045 [http-nio-8080-exec-2] TRACE org.hibernate.orm.jdbc.bind - binding parameter (2:TIMESTAMP_UTC) <- [2025-11-05T01:34:46.045126200Z]
25-11-05 10:34:46.046 [http-nio-8080-exec-2] TRACE org.hibernate.orm.jdbc.bind - binding parameter (3:UUID) <- [49e99996-3bdd-46f2-8644-ab713e1f630b]
25-11-05 10:34:46.046 [http-nio-8080-exec-2] TRACE org.hibernate.orm.jdbc.bind - binding parameter (4:UUID) <- [3627bb27-cda3-46c3-a713-15ab6d1fb463]
25-11-05 10:34:46.051 [http-nio-8080-exec-2] INFO  c.s.m.d.controller.UserController - 유저 상태 업데이트 성공: userId=49e99996-3bdd-46f2-8644-ab713e1f630b, newLastActiveAt=2025-11-05T01:34:46.034Z
25-11-05 10:34:47.049 [http-nio-8080-exec-10] DEBUG org.hibernate.SQL - 
    select
        rs1_0.id,
        rs1_0.channel_id,
        rs1_0.created_at,
        rs1_0.last_read_at,
        rs1_0.updated_at,
        rs1_0.user_id 
    from
        read_statuses rs1_0 
    where
        rs1_0.user_id=?
25-11-05 10:34:47.049 [http-nio-8080-exec-10] TRACE org.hibernate.orm.jdbc.bind - binding parameter (1:UUID) <- [49e99996-3bdd-46f2-8644-ab713e1f630b]
25-11-05 10:34:47.052 [http-nio-8080-exec-10] DEBUG org.hibernate.SQL - 
    select
        c1_0.id,
        c1_0.created_at,
        c1_0.description,
        c1_0.name,
        c1_0.type,
        c1_0.updated_at 
    from
        channels c1_0 
    where
        c1_0.type=? 
        or c1_0.id in (?)
25-11-05 10:34:47.052 [http-nio-8080-exec-10] TRACE org.hibernate.orm.jdbc.bind - binding parameter (1:VARCHAR) <- [PUBLIC]
25-11-05 10:34:47.052 [http-nio-8080-exec-10] TRACE org.hibernate.orm.jdbc.bind - binding parameter (2:UUID) <- [null]
25-11-05 10:34:47.054 [http-nio-8080-exec-10] DEBUG org.hibernate.SQL - 
    select
        m1_0.created_at 
    from
        messages m1_0 
    where
        m1_0.channel_id=? 
    order by
        m1_0.created_at desc 
    fetch
        first 1 rows only
25-11-05 10:34:47.055 [http-nio-8080-exec-10] TRACE org.hibernate.orm.jdbc.bind - binding parameter (1:UUID) <- [83a5759b-95ff-499b-813b-3de24059a258]
25-11-05 10:34:47.066 [http-nio-8080-exec-4] DEBUG org.hibernate.SQL - 
    select
        rs1_0.id,
        rs1_0.channel_id,
        rs1_0.created_at,
        rs1_0.last_read_at,
        rs1_0.updated_at,
        rs1_0.user_id 
    from
        read_statuses rs1_0 
    where
        rs1_0.user_id=?
25-11-05 10:34:47.069 [http-nio-8080-exec-4] TRACE org.hibernate.orm.jdbc.bind - binding parameter (1:UUID) <- [49e99996-3bdd-46f2-8644-ab713e1f630b]
25-11-05 10:34:50.049 [http-nio-8080-exec-1] DEBUG org.hibernate.SQL - 
    select
        rs1_0.id,
        rs1_0.channel_id,
        rs1_0.created_at,
        rs1_0.last_read_at,
        rs1_0.updated_at,
        rs1_0.user_id 
    from
        read_statuses rs1_0 
    where
        rs1_0.user_id=?
25-11-05 10:34:50.049 [http-nio-8080-exec-1] TRACE org.hibernate.orm.jdbc.bind - binding parameter (1:UUID) <- [49e99996-3bdd-46f2-8644-ab713e1f630b]
25-11-05 10:34:50.051 [http-nio-8080-exec-1] DEBUG org.hibernate.SQL - 
    select
        c1_0.id,
        c1_0.created_at,
        c1_0.description,
        c1_0.name,
        c1_0.type,
        c1_0.updated_at 
    from
        channels c1_0 
    where
        c1_0.type=? 
        or c1_0.id in (?)
25-11-05 10:34:50.051 [http-nio-8080-exec-1] TRACE org.hibernate.orm.jdbc.bind - binding parameter (1:VARCHAR) <- [PUBLIC]
25-11-05 10:34:50.051 [http-nio-8080-exec-1] TRACE org.hibernate.orm.jdbc.bind - binding parameter (2:UUID) <- [null]
25-11-05 10:34:50.054 [http-nio-8080-exec-1] DEBUG org.hibernate.SQL - 
    select
        m1_0.created_at 
    from
        messages m1_0 
    where
        m1_0.channel_id=? 
    order by
        m1_0.created_at desc 
    fetch
        first 1 rows only
25-11-05 10:34:50.054 [http-nio-8080-exec-1] TRACE org.hibernate.orm.jdbc.bind - binding parameter (1:UUID) <- [83a5759b-95ff-499b-813b-3de24059a258]
25-11-05 10:34:50.065 [http-nio-8080-exec-8] DEBUG org.hibernate.SQL - 
    select
        rs1_0.id,
        rs1_0.channel_id,
        rs1_0.created_at,
        rs1_0.last_read_at,
        rs1_0.updated_at,
        rs1_0.user_id 
    from
        read_statuses rs1_0 
    where
        rs1_0.user_id=?
25-11-05 10:34:50.068 [http-nio-8080-exec-8] TRACE org.hibernate.orm.jdbc.bind - binding parameter (1:UUID) <- [49e99996-3bdd-46f2-8644-ab713e1f630b]
25-11-05 10:34:53.037 [http-nio-8080-exec-7] DEBUG org.hibernate.SQL - 
    select
        rs1_0.id,
        rs1_0.channel_id,
        rs1_0.created_at,
        rs1_0.last_read_at,
        rs1_0.updated_at,
        rs1_0.user_id 
    from
        read_statuses rs1_0 
    where
        rs1_0.user_id=?
25-11-05 10:34:53.037 [http-nio-8080-exec-7] TRACE org.hibernate.orm.jdbc.bind - binding parameter (1:UUID) <- [49e99996-3bdd-46f2-8644-ab713e1f630b]
25-11-05 10:34:53.040 [http-nio-8080-exec-7] DEBUG org.hibernate.SQL - 
    select
        c1_0.id,
        c1_0.created_at,
        c1_0.description,
        c1_0.name,
        c1_0.type,
        c1_0.updated_at 
    from
        channels c1_0 
    where
        c1_0.type=? 
        or c1_0.id in (?)
25-11-05 10:34:53.040 [http-nio-8080-exec-7] TRACE org.hibernate.orm.jdbc.bind - binding parameter (1:VARCHAR) <- [PUBLIC]
25-11-05 10:34:53.040 [http-nio-8080-exec-7] TRACE org.hibernate.orm.jdbc.bind - binding parameter (2:UUID) <- [null]
25-11-05 10:34:53.042 [http-nio-8080-exec-7] DEBUG org.hibernate.SQL - 
    select
        m1_0.created_at 
    from
        messages m1_0 
    where
        m1_0.channel_id=? 
    order by
        m1_0.created_at desc 
    fetch
        first 1 rows only
25-11-05 10:34:53.042 [http-nio-8080-exec-7] TRACE org.hibernate.orm.jdbc.bind - binding parameter (1:UUID) <- [83a5759b-95ff-499b-813b-3de24059a258]
25-11-05 10:34:53.053 [http-nio-8080-exec-6] DEBUG org.hibernate.SQL - 
    select
        rs1_0.id,
        rs1_0.channel_id,
        rs1_0.created_at,
        rs1_0.last_read_at,
        rs1_0.updated_at,
        rs1_0.user_id 
    from
        read_statuses rs1_0 
    where
        rs1_0.user_id=?
25-11-05 10:34:53.055 [http-nio-8080-exec-6] TRACE org.hibernate.orm.jdbc.bind - binding parameter (1:UUID) <- [49e99996-3bdd-46f2-8644-ab713e1f630b]
25-11-05 10:34:56.051 [http-nio-8080-exec-5] DEBUG org.hibernate.SQL - 
    select
        rs1_0.id,
        rs1_0.channel_id,
        rs1_0.created_at,
        rs1_0.last_read_at,
        rs1_0.updated_at,
        rs1_0.user_id 
    from
        read_statuses rs1_0 
    where
        rs1_0.user_id=?
25-11-05 10:34:56.051 [http-nio-8080-exec-5] TRACE org.hibernate.orm.jdbc.bind - binding parameter (1:UUID) <- [49e99996-3bdd-46f2-8644-ab713e1f630b]
25-11-05 10:34:56.054 [http-nio-8080-exec-5] DEBUG org.hibernate.SQL - 
    select
        c1_0.id,
        c1_0.created_at,
        c1_0.description,
        c1_0.name,
        c1_0.type,
        c1_0.updated_at 
    from
        channels c1_0 
    where
        c1_0.type=? 
        or c1_0.id in (?)
25-11-05 10:34:56.055 [http-nio-8080-exec-5] TRACE org.hibernate.orm.jdbc.bind - binding parameter (1:VARCHAR) <- [PUBLIC]
25-11-05 10:34:56.055 [http-nio-8080-exec-5] TRACE org.hibernate.orm.jdbc.bind - binding parameter (2:UUID) <- [null]
25-11-05 10:34:56.058 [http-nio-8080-exec-5] DEBUG org.hibernate.SQL - 
    select
        m1_0.created_at 
    from
        messages m1_0 
    where
        m1_0.channel_id=? 
    order by
        m1_0.created_at desc 
    fetch
        first 1 rows only
25-11-05 10:34:56.058 [http-nio-8080-exec-5] TRACE org.hibernate.orm.jdbc.bind - binding parameter (1:UUID) <- [83a5759b-95ff-499b-813b-3de24059a258]
25-11-05 10:34:56.070 [http-nio-8080-exec-2] DEBUG org.hibernate.SQL - 
    select
        rs1_0.id,
        rs1_0.channel_id,
        rs1_0.created_at,
        rs1_0.last_read_at,
        rs1_0.updated_at,
        rs1_0.user_id 
    from
        read_statuses rs1_0 
    where
        rs1_0.user_id=?
25-11-05 10:34:56.071 [http-nio-8080-exec-2] TRACE org.hibernate.orm.jdbc.bind - binding parameter (1:UUID) <- [49e99996-3bdd-46f2-8644-ab713e1f630b]
25-11-05 10:34:59.047 [http-nio-8080-exec-3] DEBUG org.hibernate.SQL - 
    select
        rs1_0.id,
        rs1_0.channel_id,
        rs1_0.created_at,
        rs1_0.last_read_at,
        rs1_0.updated_at,
        rs1_0.user_id 
    from
        read_statuses rs1_0 
    where
        rs1_0.user_id=?
25-11-05 10:34:59.048 [http-nio-8080-exec-3] TRACE org.hibernate.orm.jdbc.bind - binding parameter (1:UUID) <- [49e99996-3bdd-46f2-8644-ab713e1f630b]
25-11-05 10:34:59.050 [http-nio-8080-exec-3] DEBUG org.hibernate.SQL - 
    select
        c1_0.id,
        c1_0.created_at,
        c1_0.description,
        c1_0.name,
        c1_0.type,
        c1_0.updated_at 
    from
        channels c1_0 
    where
        c1_0.type=? 
        or c1_0.id in (?)
25-11-05 10:34:59.050 [http-nio-8080-exec-3] TRACE org.hibernate.orm.jdbc.bind - binding parameter (1:VARCHAR) <- [PUBLIC]
25-11-05 10:34:59.050 [http-nio-8080-exec-3] TRACE org.hibernate.orm.jdbc.bind - binding parameter (2:UUID) <- [null]
25-11-05 10:34:59.052 [http-nio-8080-exec-3] DEBUG org.hibernate.SQL - 
    select
        m1_0.created_at 
    from
        messages m1_0 
    where
        m1_0.channel_id=? 
    order by
        m1_0.created_at desc 
    fetch
        first 1 rows only
25-11-05 10:34:59.052 [http-nio-8080-exec-3] TRACE org.hibernate.orm.jdbc.bind - binding parameter (1:UUID) <- [83a5759b-95ff-499b-813b-3de24059a258]
25-11-05 10:34:59.061 [http-nio-8080-exec-10] DEBUG org.hibernate.SQL - 
    select
        rs1_0.id,
        rs1_0.channel_id,
        rs1_0.created_at,
        rs1_0.last_read_at,
        rs1_0.updated_at,
        rs1_0.user_id 
    from
        read_statuses rs1_0 
    where
        rs1_0.user_id=?
25-11-05 10:34:59.062 [http-nio-8080-exec-10] TRACE org.hibernate.orm.jdbc.bind - binding parameter (1:UUID) <- [49e99996-3bdd-46f2-8644-ab713e1f630b]
25-11-05 10:35:46.038 [http-nio-8080-exec-1] INFO  c.s.m.d.controller.UserController - 유저 상태 업데이트 요청 수신: userId=49e99996-3bdd-46f2-8644-ab713e1f630b, newLastActiveAt=2025-11-05T01:35:46.034Z
25-11-05 10:35:46.039 [http-nio-8080-exec-7] DEBUG org.hibernate.SQL - 
    select
        u1_0.id,
        u1_0.created_at,
        u1_0.email,
        u1_0.password,
        p1_0.id,
        p1_0.content_type,
        p1_0.created_at,
        p1_0.file_name,
        p1_0.size,
        s1_0.id,
        s1_0.created_at,
        s1_0.last_active_at,
        s1_0.updated_at,
        s1_0.user_id,
        u1_0.updated_at,
        u1_0.username 
    from
        users u1_0 
    left join
        binary_contents p1_0 
            on p1_0.id=u1_0.profile_id 
    join
        user_statuses s1_0 
            on u1_0.id=s1_0.user_id
25-11-05 10:35:46.042 [http-nio-8080-exec-1] DEBUG org.hibernate.SQL - 
    select
        us1_0.id,
        us1_0.created_at,
        us1_0.last_active_at,
        us1_0.updated_at,
        us1_0.user_id 
    from
        user_statuses us1_0 
    where
        us1_0.user_id=?
25-11-05 10:35:46.042 [http-nio-8080-exec-8] DEBUG org.hibernate.SQL - 
    select
        rs1_0.id,
        rs1_0.channel_id,
        rs1_0.created_at,
        rs1_0.last_read_at,
        rs1_0.updated_at,
        rs1_0.user_id 
    from
        read_statuses rs1_0 
    where
        rs1_0.user_id=?
25-11-05 10:35:46.043 [http-nio-8080-exec-1] TRACE org.hibernate.orm.jdbc.bind - binding parameter (1:UUID) <- [49e99996-3bdd-46f2-8644-ab713e1f630b]
25-11-05 10:35:46.043 [http-nio-8080-exec-8] TRACE org.hibernate.orm.jdbc.bind - binding parameter (1:UUID) <- [49e99996-3bdd-46f2-8644-ab713e1f630b]
25-11-05 10:35:46.045 [http-nio-8080-exec-7] INFO  c.s.m.d.s.basic.BasicUserService - 모든 유저 목록 조회 완료. 총 4명
25-11-05 10:35:46.045 [http-nio-8080-exec-8] DEBUG org.hibernate.SQL - 
    select
        c1_0.id,
        c1_0.created_at,
        c1_0.description,
        c1_0.name,
        c1_0.type,
        c1_0.updated_at 
    from
        channels c1_0 
    where
        c1_0.type=? 
        or c1_0.id in (?)
25-11-05 10:35:46.045 [http-nio-8080-exec-7] INFO  c.s.m.d.controller.UserController - 모든 유저 목록 조회 완료. 총 4명
25-11-05 10:35:46.045 [http-nio-8080-exec-8] TRACE org.hibernate.orm.jdbc.bind - binding parameter (1:VARCHAR) <- [PUBLIC]
25-11-05 10:35:46.045 [http-nio-8080-exec-8] TRACE org.hibernate.orm.jdbc.bind - binding parameter (2:UUID) <- [null]
25-11-05 10:35:46.046 [http-nio-8080-exec-1] DEBUG org.hibernate.SQL - 
    update
        user_statuses 
    set
        last_active_at=?,
        updated_at=?,
        user_id=? 
    where
        id=?
25-11-05 10:35:46.046 [http-nio-8080-exec-1] TRACE org.hibernate.orm.jdbc.bind - binding parameter (1:TIMESTAMP_UTC) <- [2025-11-05T01:35:46.034Z]
25-11-05 10:35:46.046 [http-nio-8080-exec-1] TRACE org.hibernate.orm.jdbc.bind - binding parameter (2:TIMESTAMP_UTC) <- [2025-11-05T01:35:46.045731200Z]
25-11-05 10:35:46.046 [http-nio-8080-exec-1] TRACE org.hibernate.orm.jdbc.bind - binding parameter (3:UUID) <- [49e99996-3bdd-46f2-8644-ab713e1f630b]
25-11-05 10:35:46.047 [http-nio-8080-exec-1] TRACE org.hibernate.orm.jdbc.bind - binding parameter (4:UUID) <- [3627bb27-cda3-46c3-a713-15ab6d1fb463]
25-11-05 10:35:46.048 [http-nio-8080-exec-8] DEBUG org.hibernate.SQL - 
    select
        m1_0.created_at 
    from
        messages m1_0 
    where
        m1_0.channel_id=? 
    order by
        m1_0.created_at desc 
    fetch
        first 1 rows only
25-11-05 10:35:46.049 [http-nio-8080-exec-8] TRACE org.hibernate.orm.jdbc.bind - binding parameter (1:UUID) <- [83a5759b-95ff-499b-813b-3de24059a258]
25-11-05 10:35:46.053 [http-nio-8080-exec-1] INFO  c.s.m.d.controller.UserController - 유저 상태 업데이트 성공: userId=49e99996-3bdd-46f2-8644-ab713e1f630b, newLastActiveAt=2025-11-05T01:35:46.034Z
25-11-05 10:35:46.056 [http-nio-8080-exec-6] DEBUG org.hibernate.SQL - 
    select
        rs1_0.id,
        rs1_0.channel_id,
        rs1_0.created_at,
        rs1_0.last_read_at,
        rs1_0.updated_at,
        rs1_0.user_id 
    from
        read_statuses rs1_0 
    where
        rs1_0.user_id=?
25-11-05 10:35:46.058 [http-nio-8080-exec-6] TRACE org.hibernate.orm.jdbc.bind - binding parameter (1:UUID) <- [49e99996-3bdd-46f2-8644-ab713e1f630b]
25-11-05 10:35:46.062 [http-nio-8080-exec-5] DEBUG org.hibernate.SQL - 
    select
        rs1_0.id,
        rs1_0.channel_id,
        rs1_0.created_at,
        rs1_0.last_read_at,
        rs1_0.updated_at,
        rs1_0.user_id 
    from
        read_statuses rs1_0 
    where
        rs1_0.user_id=?
25-11-05 10:35:46.062 [http-nio-8080-exec-5] TRACE org.hibernate.orm.jdbc.bind - binding parameter (1:UUID) <- [49e99996-3bdd-46f2-8644-ab713e1f630b]
25-11-05 10:35:46.064 [http-nio-8080-exec-5] DEBUG org.hibernate.SQL - 
    select
        c1_0.id,
        c1_0.created_at,
        c1_0.description,
        c1_0.name,
        c1_0.type,
        c1_0.updated_at 
    from
        channels c1_0 
    where
        c1_0.type=? 
        or c1_0.id in (?)
25-11-05 10:35:46.065 [http-nio-8080-exec-5] TRACE org.hibernate.orm.jdbc.bind - binding parameter (1:VARCHAR) <- [PUBLIC]
25-11-05 10:35:46.065 [http-nio-8080-exec-5] TRACE org.hibernate.orm.jdbc.bind - binding parameter (2:UUID) <- [null]
25-11-05 10:35:46.065 [http-nio-8080-exec-2] DEBUG org.hibernate.SQL - 
    select
        rs1_0.id,
        rs1_0.channel_id,
        rs1_0.created_at,
        rs1_0.last_read_at,
        rs1_0.updated_at,
        rs1_0.user_id 
    from
        read_statuses rs1_0 
    where
        rs1_0.user_id=?
25-11-05 10:35:46.067 [http-nio-8080-exec-2] TRACE org.hibernate.orm.jdbc.bind - binding parameter (1:UUID) <- [49e99996-3bdd-46f2-8644-ab713e1f630b]
25-11-05 10:35:46.068 [http-nio-8080-exec-5] DEBUG org.hibernate.SQL - 
    select
        m1_0.created_at 
    from
        messages m1_0 
    where
        m1_0.channel_id=? 
    order by
        m1_0.created_at desc 
    fetch
        first 1 rows only
25-11-05 10:35:46.068 [http-nio-8080-exec-5] TRACE org.hibernate.orm.jdbc.bind - binding parameter (1:UUID) <- [83a5759b-95ff-499b-813b-3de24059a258]
25-11-05 10:35:46.079 [http-nio-8080-exec-9] DEBUG org.hibernate.SQL - 
    select
        rs1_0.id,
        rs1_0.channel_id,
        rs1_0.created_at,
        rs1_0.last_read_at,
        rs1_0.updated_at,
        rs1_0.user_id 
    from
        read_statuses rs1_0 
    where
        rs1_0.user_id=?
25-11-05 10:35:46.079 [http-nio-8080-exec-9] TRACE org.hibernate.orm.jdbc.bind - binding parameter (1:UUID) <- [49e99996-3bdd-46f2-8644-ab713e1f630b]
25-11-05 10:35:50.037 [http-nio-8080-exec-3] DEBUG org.hibernate.SQL - 
    select
        rs1_0.id,
        rs1_0.channel_id,
        rs1_0.created_at,
        rs1_0.last_read_at,
        rs1_0.updated_at,
        rs1_0.user_id 
    from
        read_statuses rs1_0 
    where
        rs1_0.user_id=?
25-11-05 10:35:50.037 [http-nio-8080-exec-3] TRACE org.hibernate.orm.jdbc.bind - binding parameter (1:UUID) <- [49e99996-3bdd-46f2-8644-ab713e1f630b]
25-11-05 10:35:50.040 [http-nio-8080-exec-3] DEBUG org.hibernate.SQL - 
    select
        c1_0.id,
        c1_0.created_at,
        c1_0.description,
        c1_0.name,
        c1_0.type,
        c1_0.updated_at 
    from
        channels c1_0 
    where
        c1_0.type=? 
        or c1_0.id in (?)
25-11-05 10:35:50.040 [http-nio-8080-exec-3] TRACE org.hibernate.orm.jdbc.bind - binding parameter (1:VARCHAR) <- [PUBLIC]
25-11-05 10:35:50.040 [http-nio-8080-exec-3] TRACE org.hibernate.orm.jdbc.bind - binding parameter (2:UUID) <- [null]
25-11-05 10:35:50.042 [http-nio-8080-exec-3] DEBUG org.hibernate.SQL - 
    select
        m1_0.created_at 
    from
        messages m1_0 
    where
        m1_0.channel_id=? 
    order by
        m1_0.created_at desc 
    fetch
        first 1 rows only
25-11-05 10:35:50.042 [http-nio-8080-exec-3] TRACE org.hibernate.orm.jdbc.bind - binding parameter (1:UUID) <- [83a5759b-95ff-499b-813b-3de24059a258]
25-11-05 10:35:50.052 [http-nio-8080-exec-10] DEBUG org.hibernate.SQL - 
    select
        rs1_0.id,
        rs1_0.channel_id,
        rs1_0.created_at,
        rs1_0.last_read_at,
        rs1_0.updated_at,
        rs1_0.user_id 
    from
        read_statuses rs1_0 
    where
        rs1_0.user_id=?
25-11-05 10:35:50.052 [http-nio-8080-exec-10] TRACE org.hibernate.orm.jdbc.bind - binding parameter (1:UUID) <- [49e99996-3bdd-46f2-8644-ab713e1f630b]
25-11-05 10:35:53.038 [http-nio-8080-exec-1] DEBUG org.hibernate.SQL - 
    select
        rs1_0.id,
        rs1_0.channel_id,
        rs1_0.created_at,
        rs1_0.last_read_at,
        rs1_0.updated_at,
        rs1_0.user_id 
    from
        read_statuses rs1_0 
    where
        rs1_0.user_id=?
25-11-05 10:35:53.038 [http-nio-8080-exec-1] TRACE org.hibernate.orm.jdbc.bind - binding parameter (1:UUID) <- [49e99996-3bdd-46f2-8644-ab713e1f630b]
25-11-05 10:35:53.040 [http-nio-8080-exec-1] DEBUG org.hibernate.SQL - 
    select
        c1_0.id,
        c1_0.created_at,
        c1_0.description,
        c1_0.name,
        c1_0.type,
        c1_0.updated_at 
    from
        channels c1_0 
    where
        c1_0.type=? 
        or c1_0.id in (?)
25-11-05 10:35:53.040 [http-nio-8080-exec-1] TRACE org.hibernate.orm.jdbc.bind - binding parameter (1:VARCHAR) <- [PUBLIC]
25-11-05 10:35:53.040 [http-nio-8080-exec-1] TRACE org.hibernate.orm.jdbc.bind - binding parameter (2:UUID) <- [null]
25-11-05 10:35:53.042 [http-nio-8080-exec-1] DEBUG org.hibernate.SQL - 
    select
        m1_0.created_at 
    from
        messages m1_0 
    where
        m1_0.channel_id=? 
    order by
        m1_0.created_at desc 
    fetch
        first 1 rows only
25-11-05 10:35:53.043 [http-nio-8080-exec-1] TRACE org.hibernate.orm.jdbc.bind - binding parameter (1:UUID) <- [83a5759b-95ff-499b-813b-3de24059a258]
25-11-05 10:35:53.060 [http-nio-8080-exec-6] DEBUG org.hibernate.SQL - 
    select
        rs1_0.id,
        rs1_0.channel_id,
        rs1_0.created_at,
        rs1_0.last_read_at,
        rs1_0.updated_at,
        rs1_0.user_id 
    from
        read_statuses rs1_0 
    where
        rs1_0.user_id=?
25-11-05 10:35:53.062 [http-nio-8080-exec-6] TRACE org.hibernate.orm.jdbc.bind - binding parameter (1:UUID) <- [49e99996-3bdd-46f2-8644-ab713e1f630b]
25-11-05 10:35:56.039 [http-nio-8080-exec-2] DEBUG org.hibernate.SQL - 
    select
        rs1_0.id,
        rs1_0.channel_id,
        rs1_0.created_at,
        rs1_0.last_read_at,
        rs1_0.updated_at,
        rs1_0.user_id 
    from
        read_statuses rs1_0 
    where
        rs1_0.user_id=?
25-11-05 10:35:56.039 [http-nio-8080-exec-2] TRACE org.hibernate.orm.jdbc.bind - binding parameter (1:UUID) <- [49e99996-3bdd-46f2-8644-ab713e1f630b]
25-11-05 10:35:56.042 [http-nio-8080-exec-2] DEBUG org.hibernate.SQL - 
    select
        c1_0.id,
        c1_0.created_at,
        c1_0.description,
        c1_0.name,
        c1_0.type,
        c1_0.updated_at 
    from
        channels c1_0 
    where
        c1_0.type=? 
        or c1_0.id in (?)
25-11-05 10:35:56.042 [http-nio-8080-exec-2] TRACE org.hibernate.orm.jdbc.bind - binding parameter (1:VARCHAR) <- [PUBLIC]
25-11-05 10:35:56.043 [http-nio-8080-exec-2] TRACE org.hibernate.orm.jdbc.bind - binding parameter (2:UUID) <- [null]
25-11-05 10:35:56.045 [http-nio-8080-exec-2] DEBUG org.hibernate.SQL - 
    select
        m1_0.created_at 
    from
        messages m1_0 
    where
        m1_0.channel_id=? 
    order by
        m1_0.created_at desc 
    fetch
        first 1 rows only
25-11-05 10:35:56.045 [http-nio-8080-exec-2] TRACE org.hibernate.orm.jdbc.bind - binding parameter (1:UUID) <- [83a5759b-95ff-499b-813b-3de24059a258]
25-11-05 10:35:56.054 [http-nio-8080-exec-5] DEBUG org.hibernate.SQL - 
    select
        rs1_0.id,
        rs1_0.channel_id,
        rs1_0.created_at,
        rs1_0.last_read_at,
        rs1_0.updated_at,
        rs1_0.user_id 
    from
        read_statuses rs1_0 
    where
        rs1_0.user_id=?
25-11-05 10:35:56.057 [http-nio-8080-exec-5] TRACE org.hibernate.orm.jdbc.bind - binding parameter (1:UUID) <- [49e99996-3bdd-46f2-8644-ab713e1f630b]
25-11-05 10:35:59.054 [http-nio-8080-exec-9] DEBUG org.hibernate.SQL - 
    select
        rs1_0.id,
        rs1_0.channel_id,
        rs1_0.created_at,
        rs1_0.last_read_at,
        rs1_0.updated_at,
        rs1_0.user_id 
    from
        read_statuses rs1_0 
    where
        rs1_0.user_id=?
25-11-05 10:35:59.054 [http-nio-8080-exec-9] TRACE org.hibernate.orm.jdbc.bind - binding parameter (1:UUID) <- [49e99996-3bdd-46f2-8644-ab713e1f630b]
25-11-05 10:35:59.059 [http-nio-8080-exec-9] DEBUG org.hibernate.SQL - 
    select
        c1_0.id,
        c1_0.created_at,
        c1_0.description,
        c1_0.name,
        c1_0.type,
        c1_0.updated_at 
    from
        channels c1_0 
    where
        c1_0.type=? 
        or c1_0.id in (?)
25-11-05 10:35:59.059 [http-nio-8080-exec-9] TRACE org.hibernate.orm.jdbc.bind - binding parameter (1:VARCHAR) <- [PUBLIC]
25-11-05 10:35:59.059 [http-nio-8080-exec-9] TRACE org.hibernate.orm.jdbc.bind - binding parameter (2:UUID) <- [null]
25-11-05 10:35:59.063 [http-nio-8080-exec-9] DEBUG org.hibernate.SQL - 
    select
        m1_0.created_at 
    from
        messages m1_0 
    where
        m1_0.channel_id=? 
    order by
        m1_0.created_at desc 
    fetch
        first 1 rows only
25-11-05 10:35:59.063 [http-nio-8080-exec-9] TRACE org.hibernate.orm.jdbc.bind - binding parameter (1:UUID) <- [83a5759b-95ff-499b-813b-3de24059a258]
25-11-05 10:35:59.073 [http-nio-8080-exec-3] DEBUG org.hibernate.SQL - 
    select
        rs1_0.id,
        rs1_0.channel_id,
        rs1_0.created_at,
        rs1_0.last_read_at,
        rs1_0.updated_at,
        rs1_0.user_id 
    from
        read_statuses rs1_0 
    where
        rs1_0.user_id=?
25-11-05 10:35:59.076 [http-nio-8080-exec-3] TRACE org.hibernate.orm.jdbc.bind - binding parameter (1:UUID) <- [49e99996-3bdd-46f2-8644-ab713e1f630b]
25-11-05 10:36:02.038 [http-nio-8080-exec-4] DEBUG org.hibernate.SQL - 
    select
        rs1_0.id,
        rs1_0.channel_id,
        rs1_0.created_at,
        rs1_0.last_read_at,
        rs1_0.updated_at,
        rs1_0.user_id 
    from
        read_statuses rs1_0 
    where
        rs1_0.user_id=?
25-11-05 10:36:02.038 [http-nio-8080-exec-4] TRACE org.hibernate.orm.jdbc.bind - binding parameter (1:UUID) <- [49e99996-3bdd-46f2-8644-ab713e1f630b]
25-11-05 10:36:02.041 [http-nio-8080-exec-4] DEBUG org.hibernate.SQL - 
    select
        c1_0.id,
        c1_0.created_at,
        c1_0.description,
        c1_0.name,
        c1_0.type,
        c1_0.updated_at 
    from
        channels c1_0 
    where
        c1_0.type=? 
        or c1_0.id in (?)
25-11-05 10:36:02.041 [http-nio-8080-exec-4] TRACE org.hibernate.orm.jdbc.bind - binding parameter (1:VARCHAR) <- [PUBLIC]
25-11-05 10:36:02.042 [http-nio-8080-exec-4] TRACE org.hibernate.orm.jdbc.bind - binding parameter (2:UUID) <- [null]
25-11-05 10:36:02.044 [http-nio-8080-exec-4] DEBUG org.hibernate.SQL - 
    select
        m1_0.created_at 
    from
        messages m1_0 
    where
        m1_0.channel_id=? 
    order by
        m1_0.created_at desc 
    fetch
        first 1 rows only
25-11-05 10:36:02.044 [http-nio-8080-exec-4] TRACE org.hibernate.orm.jdbc.bind - binding parameter (1:UUID) <- [83a5759b-95ff-499b-813b-3de24059a258]
25-11-05 10:36:02.055 [http-nio-8080-exec-8] DEBUG org.hibernate.SQL - 
    select
        rs1_0.id,
        rs1_0.channel_id,
        rs1_0.created_at,
        rs1_0.last_read_at,
        rs1_0.updated_at,
        rs1_0.user_id 
    from
        read_statuses rs1_0 
    where
        rs1_0.user_id=?
25-11-05 10:36:02.057 [http-nio-8080-exec-8] TRACE org.hibernate.orm.jdbc.bind - binding parameter (1:UUID) <- [49e99996-3bdd-46f2-8644-ab713e1f630b]
25-11-05 10:36:05.039 [http-nio-8080-exec-7] DEBUG org.hibernate.SQL - 
    select
        rs1_0.id,
        rs1_0.channel_id,
        rs1_0.created_at,
        rs1_0.last_read_at,
        rs1_0.updated_at,
        rs1_0.user_id 
    from
        read_statuses rs1_0 
    where
        rs1_0.user_id=?
25-11-05 10:36:05.039 [http-nio-8080-exec-7] TRACE org.hibernate.orm.jdbc.bind - binding parameter (1:UUID) <- [49e99996-3bdd-46f2-8644-ab713e1f630b]
25-11-05 10:36:05.043 [http-nio-8080-exec-7] DEBUG org.hibernate.SQL - 
    select
        c1_0.id,
        c1_0.created_at,
        c1_0.description,
        c1_0.name,
        c1_0.type,
        c1_0.updated_at 
    from
        channels c1_0 
    where
        c1_0.type=? 
        or c1_0.id in (?)
25-11-05 10:36:05.043 [http-nio-8080-exec-7] TRACE org.hibernate.orm.jdbc.bind - binding parameter (1:VARCHAR) <- [PUBLIC]
25-11-05 10:36:05.043 [http-nio-8080-exec-7] TRACE org.hibernate.orm.jdbc.bind - binding parameter (2:UUID) <- [null]
25-11-05 10:36:05.046 [http-nio-8080-exec-7] DEBUG org.hibernate.SQL - 
    select
        m1_0.created_at 
    from
        messages m1_0 
    where
        m1_0.channel_id=? 
    order by
        m1_0.created_at desc 
    fetch
        first 1 rows only
25-11-05 10:36:05.046 [http-nio-8080-exec-7] TRACE org.hibernate.orm.jdbc.bind - binding parameter (1:UUID) <- [83a5759b-95ff-499b-813b-3de24059a258]
25-11-05 10:36:05.064 [http-nio-8080-exec-1] DEBUG org.hibernate.SQL - 
    select
        rs1_0.id,
        rs1_0.channel_id,
        rs1_0.created_at,
        rs1_0.last_read_at,
        rs1_0.updated_at,
        rs1_0.user_id 
    from
        read_statuses rs1_0 
    where
        rs1_0.user_id=?
25-11-05 10:36:05.067 [http-nio-8080-exec-1] TRACE org.hibernate.orm.jdbc.bind - binding parameter (1:UUID) <- [49e99996-3bdd-46f2-8644-ab713e1f630b]
25-11-05 10:36:33.360 [http-nio-8080-exec-2] INFO  c.s.m.d.controller.UserController - 유저 상태 업데이트 요청 수신: userId=49e99996-3bdd-46f2-8644-ab713e1f630b, newLastActiveAt=2025-11-05T01:36:33.334Z
25-11-05 10:36:33.364 [http-nio-8080-exec-5] DEBUG org.hibernate.SQL - 
    select
        rs1_0.id,
        rs1_0.channel_id,
        rs1_0.created_at,
        rs1_0.last_read_at,
        rs1_0.updated_at,
        rs1_0.user_id 
    from
        read_statuses rs1_0 
    where
        rs1_0.user_id=?
25-11-05 10:36:33.364 [http-nio-8080-exec-2] DEBUG org.hibernate.SQL - 
    select
        us1_0.id,
        us1_0.created_at,
        us1_0.last_active_at,
        us1_0.updated_at,
        us1_0.user_id 
    from
        user_statuses us1_0 
    where
        us1_0.user_id=?
25-11-05 10:36:33.364 [http-nio-8080-exec-5] TRACE org.hibernate.orm.jdbc.bind - binding parameter (1:UUID) <- [49e99996-3bdd-46f2-8644-ab713e1f630b]
25-11-05 10:36:33.364 [http-nio-8080-exec-2] TRACE org.hibernate.orm.jdbc.bind - binding parameter (1:UUID) <- [49e99996-3bdd-46f2-8644-ab713e1f630b]
25-11-05 10:36:33.367 [http-nio-8080-exec-5] DEBUG org.hibernate.SQL - 
    select
        c1_0.id,
        c1_0.created_at,
        c1_0.description,
        c1_0.name,
        c1_0.type,
        c1_0.updated_at 
    from
        channels c1_0 
    where
        c1_0.type=? 
        or c1_0.id in (?)
25-11-05 10:36:33.368 [http-nio-8080-exec-5] TRACE org.hibernate.orm.jdbc.bind - binding parameter (1:VARCHAR) <- [PUBLIC]
25-11-05 10:36:33.368 [http-nio-8080-exec-5] TRACE org.hibernate.orm.jdbc.bind - binding parameter (2:UUID) <- [null]
25-11-05 10:36:33.371 [http-nio-8080-exec-2] DEBUG org.hibernate.SQL - 
    update
        user_statuses 
    set
        last_active_at=?,
        updated_at=?,
        user_id=? 
    where
        id=?
25-11-05 10:36:33.372 [http-nio-8080-exec-2] TRACE org.hibernate.orm.jdbc.bind - binding parameter (1:TIMESTAMP_UTC) <- [2025-11-05T01:36:33.334Z]
25-11-05 10:36:33.373 [http-nio-8080-exec-2] TRACE org.hibernate.orm.jdbc.bind - binding parameter (2:TIMESTAMP_UTC) <- [2025-11-05T01:36:33.367652600Z]
25-11-05 10:36:33.374 [http-nio-8080-exec-2] TRACE org.hibernate.orm.jdbc.bind - binding parameter (3:UUID) <- [49e99996-3bdd-46f2-8644-ab713e1f630b]
25-11-05 10:36:33.375 [http-nio-8080-exec-2] TRACE org.hibernate.orm.jdbc.bind - binding parameter (4:UUID) <- [3627bb27-cda3-46c3-a713-15ab6d1fb463]
25-11-05 10:36:33.375 [http-nio-8080-exec-5] DEBUG org.hibernate.SQL - 
    select
        m1_0.created_at 
    from
        messages m1_0 
    where
        m1_0.channel_id=? 
    order by
        m1_0.created_at desc 
    fetch
        first 1 rows only
25-11-05 10:36:33.376 [http-nio-8080-exec-5] TRACE org.hibernate.orm.jdbc.bind - binding parameter (1:UUID) <- [83a5759b-95ff-499b-813b-3de24059a258]
25-11-05 10:36:33.388 [http-nio-8080-exec-2] INFO  c.s.m.d.controller.UserController - 유저 상태 업데이트 성공: userId=49e99996-3bdd-46f2-8644-ab713e1f630b, newLastActiveAt=2025-11-05T01:36:33.334Z
25-11-05 10:36:33.402 [http-nio-8080-exec-9] DEBUG org.hibernate.SQL - 
    select
        rs1_0.id,
        rs1_0.channel_id,
        rs1_0.created_at,
        rs1_0.last_read_at,
        rs1_0.updated_at,
        rs1_0.user_id 
    from
        read_statuses rs1_0 
    where
        rs1_0.user_id=?
25-11-05 10:36:33.402 [http-nio-8080-exec-9] TRACE org.hibernate.orm.jdbc.bind - binding parameter (1:UUID) <- [49e99996-3bdd-46f2-8644-ab713e1f630b]
25-11-05 10:36:34.059 [http-nio-8080-exec-3] DEBUG org.hibernate.SQL - 
    select
        rs1_0.id,
        rs1_0.channel_id,
        rs1_0.created_at,
        rs1_0.last_read_at,
        rs1_0.updated_at,
        rs1_0.user_id 
    from
        read_statuses rs1_0 
    where
        rs1_0.user_id=?
25-11-05 10:36:34.059 [http-nio-8080-exec-3] TRACE org.hibernate.orm.jdbc.bind - binding parameter (1:UUID) <- [49e99996-3bdd-46f2-8644-ab713e1f630b]
25-11-05 10:36:34.062 [http-nio-8080-exec-3] DEBUG org.hibernate.SQL - 
    select
        c1_0.id,
        c1_0.created_at,
        c1_0.description,
        c1_0.name,
        c1_0.type,
        c1_0.updated_at 
    from
        channels c1_0 
    where
        c1_0.type=? 
        or c1_0.id in (?)
25-11-05 10:36:34.062 [http-nio-8080-exec-3] TRACE org.hibernate.orm.jdbc.bind - binding parameter (1:VARCHAR) <- [PUBLIC]
25-11-05 10:36:34.062 [http-nio-8080-exec-3] TRACE org.hibernate.orm.jdbc.bind - binding parameter (2:UUID) <- [null]
25-11-05 10:36:34.064 [http-nio-8080-exec-3] DEBUG org.hibernate.SQL - 
    select
        m1_0.created_at 
    from
        messages m1_0 
    where
        m1_0.channel_id=? 
    order by
        m1_0.created_at desc 
    fetch
        first 1 rows only
25-11-05 10:36:34.064 [http-nio-8080-exec-3] TRACE org.hibernate.orm.jdbc.bind - binding parameter (1:UUID) <- [83a5759b-95ff-499b-813b-3de24059a258]
25-11-05 10:36:34.074 [http-nio-8080-exec-10] DEBUG org.hibernate.SQL - 
    select
        rs1_0.id,
        rs1_0.channel_id,
        rs1_0.created_at,
        rs1_0.last_read_at,
        rs1_0.updated_at,
        rs1_0.user_id 
    from
        read_statuses rs1_0 
    where
        rs1_0.user_id=?
25-11-05 10:36:34.074 [http-nio-8080-exec-10] TRACE org.hibernate.orm.jdbc.bind - binding parameter (1:UUID) <- [49e99996-3bdd-46f2-8644-ab713e1f630b]
25-11-05 10:36:38.038 [http-nio-8080-exec-4] DEBUG org.hibernate.SQL - 
    select
        rs1_0.id,
        rs1_0.channel_id,
        rs1_0.created_at,
        rs1_0.last_read_at,
        rs1_0.updated_at,
        rs1_0.user_id 
    from
        read_statuses rs1_0 
    where
        rs1_0.user_id=?
25-11-05 10:36:38.038 [http-nio-8080-exec-4] TRACE org.hibernate.orm.jdbc.bind - binding parameter (1:UUID) <- [49e99996-3bdd-46f2-8644-ab713e1f630b]
25-11-05 10:36:38.041 [http-nio-8080-exec-4] DEBUG org.hibernate.SQL - 
    select
        c1_0.id,
        c1_0.created_at,
        c1_0.description,
        c1_0.name,
        c1_0.type,
        c1_0.updated_at 
    from
        channels c1_0 
    where
        c1_0.type=? 
        or c1_0.id in (?)
25-11-05 10:36:38.042 [http-nio-8080-exec-4] TRACE org.hibernate.orm.jdbc.bind - binding parameter (1:VARCHAR) <- [PUBLIC]
25-11-05 10:36:38.042 [http-nio-8080-exec-4] TRACE org.hibernate.orm.jdbc.bind - binding parameter (2:UUID) <- [null]
25-11-05 10:36:38.044 [http-nio-8080-exec-4] DEBUG org.hibernate.SQL - 
    select
        m1_0.created_at 
    from
        messages m1_0 
    where
        m1_0.channel_id=? 
    order by
        m1_0.created_at desc 
    fetch
        first 1 rows only
25-11-05 10:36:38.044 [http-nio-8080-exec-4] TRACE org.hibernate.orm.jdbc.bind - binding parameter (1:UUID) <- [83a5759b-95ff-499b-813b-3de24059a258]
25-11-05 10:36:38.054 [http-nio-8080-exec-8] DEBUG org.hibernate.SQL - 
    select
        rs1_0.id,
        rs1_0.channel_id,
        rs1_0.created_at,
        rs1_0.last_read_at,
        rs1_0.updated_at,
        rs1_0.user_id 
    from
        read_statuses rs1_0 
    where
        rs1_0.user_id=?
25-11-05 10:36:38.057 [http-nio-8080-exec-8] TRACE org.hibernate.orm.jdbc.bind - binding parameter (1:UUID) <- [49e99996-3bdd-46f2-8644-ab713e1f630b]
25-11-05 10:36:40.041 [http-nio-8080-exec-7] INFO  c.s.m.d.controller.UserController - 유저 상태 업데이트 요청 수신: userId=49e99996-3bdd-46f2-8644-ab713e1f630b, newLastActiveAt=2025-11-05T01:36:40.031Z
25-11-05 10:36:40.054 [http-nio-8080-exec-7] DEBUG org.hibernate.SQL - 
    select
        us1_0.id,
        us1_0.created_at,
        us1_0.last_active_at,
        us1_0.updated_at,
        us1_0.user_id 
    from
        user_statuses us1_0 
    where
        us1_0.user_id=?
25-11-05 10:36:40.054 [http-nio-8080-exec-7] TRACE org.hibernate.orm.jdbc.bind - binding parameter (1:UUID) <- [49e99996-3bdd-46f2-8644-ab713e1f630b]
25-11-05 10:36:40.059 [http-nio-8080-exec-1] DEBUG org.hibernate.SQL - 
    select
        u1_0.id,
        u1_0.created_at,
        u1_0.email,
        u1_0.password,
        p1_0.id,
        p1_0.content_type,
        p1_0.created_at,
        p1_0.file_name,
        p1_0.size,
        s1_0.id,
        s1_0.created_at,
        s1_0.last_active_at,
        s1_0.updated_at,
        s1_0.user_id,
        u1_0.updated_at,
        u1_0.username 
    from
        users u1_0 
    left join
        binary_contents p1_0 
            on p1_0.id=u1_0.profile_id 
    join
        user_statuses s1_0 
            on u1_0.id=s1_0.user_id
25-11-05 10:36:40.061 [http-nio-8080-exec-7] DEBUG org.hibernate.SQL - 
    update
        user_statuses 
    set
        last_active_at=?,
        updated_at=?,
        user_id=? 
    where
        id=?
25-11-05 10:36:40.061 [http-nio-8080-exec-7] TRACE org.hibernate.orm.jdbc.bind - binding parameter (1:TIMESTAMP_UTC) <- [2025-11-05T01:36:40.031Z]
25-11-05 10:36:40.061 [http-nio-8080-exec-7] TRACE org.hibernate.orm.jdbc.bind - binding parameter (2:TIMESTAMP_UTC) <- [2025-11-05T01:36:40.060158100Z]
25-11-05 10:36:40.061 [http-nio-8080-exec-7] TRACE org.hibernate.orm.jdbc.bind - binding parameter (3:UUID) <- [49e99996-3bdd-46f2-8644-ab713e1f630b]
25-11-05 10:36:40.061 [http-nio-8080-exec-7] TRACE org.hibernate.orm.jdbc.bind - binding parameter (4:UUID) <- [3627bb27-cda3-46c3-a713-15ab6d1fb463]
25-11-05 10:36:40.066 [http-nio-8080-exec-1] INFO  c.s.m.d.s.basic.BasicUserService - 모든 유저 목록 조회 완료. 총 4명
25-11-05 10:36:40.066 [http-nio-8080-exec-1] INFO  c.s.m.d.controller.UserController - 모든 유저 목록 조회 완료. 총 4명
25-11-05 10:36:40.070 [http-nio-8080-exec-7] INFO  c.s.m.d.controller.UserController - 유저 상태 업데이트 성공: userId=49e99996-3bdd-46f2-8644-ab713e1f630b, newLastActiveAt=2025-11-05T01:36:40.031Z
25-11-05 10:36:40.078 [http-nio-8080-exec-5] DEBUG org.hibernate.SQL - 
    select
        rs1_0.id,
        rs1_0.channel_id,
        rs1_0.created_at,
        rs1_0.last_read_at,
        rs1_0.updated_at,
        rs1_0.user_id 
    from
        read_statuses rs1_0 
    where
        rs1_0.user_id=?
25-11-05 10:36:40.083 [http-nio-8080-exec-6] DEBUG org.hibernate.SQL - 
    select
        rs1_0.id,
        rs1_0.channel_id,
        rs1_0.created_at,
        rs1_0.last_read_at,
        rs1_0.updated_at,
        rs1_0.user_id 
    from
        read_statuses rs1_0 
    where
        rs1_0.user_id=?
25-11-05 10:36:40.084 [http-nio-8080-exec-6] TRACE org.hibernate.orm.jdbc.bind - binding parameter (1:UUID) <- [49e99996-3bdd-46f2-8644-ab713e1f630b]
25-11-05 10:36:40.084 [http-nio-8080-exec-5] TRACE org.hibernate.orm.jdbc.bind - binding parameter (1:UUID) <- [49e99996-3bdd-46f2-8644-ab713e1f630b]
25-11-05 10:36:40.089 [http-nio-8080-exec-6] DEBUG org.hibernate.SQL - 
    select
        c1_0.id,
        c1_0.created_at,
        c1_0.description,
        c1_0.name,
        c1_0.type,
        c1_0.updated_at 
    from
        channels c1_0 
    where
        c1_0.type=? 
        or c1_0.id in (?)
25-11-05 10:36:40.089 [http-nio-8080-exec-6] TRACE org.hibernate.orm.jdbc.bind - binding parameter (1:VARCHAR) <- [PUBLIC]
25-11-05 10:36:40.089 [http-nio-8080-exec-6] TRACE org.hibernate.orm.jdbc.bind - binding parameter (2:UUID) <- [null]
25-11-05 10:36:40.092 [http-nio-8080-exec-6] DEBUG org.hibernate.SQL - 
    select
        m1_0.created_at 
    from
        messages m1_0 
    where
        m1_0.channel_id=? 
    order by
        m1_0.created_at desc 
    fetch
        first 1 rows only
25-11-05 10:36:40.092 [http-nio-8080-exec-6] TRACE org.hibernate.orm.jdbc.bind - binding parameter (1:UUID) <- [83a5759b-95ff-499b-813b-3de24059a258]
25-11-05 10:36:40.110 [http-nio-8080-exec-2] DEBUG org.hibernate.SQL - 
    select
        rs1_0.id,
        rs1_0.channel_id,
        rs1_0.created_at,
        rs1_0.last_read_at,
        rs1_0.updated_at,
        rs1_0.user_id 
    from
        read_statuses rs1_0 
    where
        rs1_0.user_id=?
25-11-05 10:36:40.116 [http-nio-8080-exec-2] TRACE org.hibernate.orm.jdbc.bind - binding parameter (1:UUID) <- [49e99996-3bdd-46f2-8644-ab713e1f630b]
25-11-05 10:36:44.042 [http-nio-8080-exec-10] DEBUG org.hibernate.SQL - 
    select
        rs1_0.id,
        rs1_0.channel_id,
        rs1_0.created_at,
        rs1_0.last_read_at,
        rs1_0.updated_at,
        rs1_0.user_id 
    from
        read_statuses rs1_0 
    where
        rs1_0.user_id=?
25-11-05 10:36:44.042 [http-nio-8080-exec-10] TRACE org.hibernate.orm.jdbc.bind - binding parameter (1:UUID) <- [49e99996-3bdd-46f2-8644-ab713e1f630b]
25-11-05 10:36:44.045 [http-nio-8080-exec-10] DEBUG org.hibernate.SQL - 
    select
        c1_0.id,
        c1_0.created_at,
        c1_0.description,
        c1_0.name,
        c1_0.type,
        c1_0.updated_at 
    from
        channels c1_0 
    where
        c1_0.type=? 
        or c1_0.id in (?)
25-11-05 10:36:44.045 [http-nio-8080-exec-10] TRACE org.hibernate.orm.jdbc.bind - binding parameter (1:VARCHAR) <- [PUBLIC]
25-11-05 10:36:44.045 [http-nio-8080-exec-10] TRACE org.hibernate.orm.jdbc.bind - binding parameter (2:UUID) <- [null]
25-11-05 10:36:44.049 [http-nio-8080-exec-10] DEBUG org.hibernate.SQL - 
    select
        m1_0.created_at 
    from
        messages m1_0 
    where
        m1_0.channel_id=? 
    order by
        m1_0.created_at desc 
    fetch
        first 1 rows only
25-11-05 10:36:44.049 [http-nio-8080-exec-10] TRACE org.hibernate.orm.jdbc.bind - binding parameter (1:UUID) <- [83a5759b-95ff-499b-813b-3de24059a258]
25-11-05 10:36:44.065 [http-nio-8080-exec-4] DEBUG org.hibernate.SQL - 
    select
        rs1_0.id,
        rs1_0.channel_id,
        rs1_0.created_at,
        rs1_0.last_read_at,
        rs1_0.updated_at,
        rs1_0.user_id 
    from
        read_statuses rs1_0 
    where
        rs1_0.user_id=?
25-11-05 10:36:44.067 [http-nio-8080-exec-4] TRACE org.hibernate.orm.jdbc.bind - binding parameter (1:UUID) <- [49e99996-3bdd-46f2-8644-ab713e1f630b]
25-11-05 10:36:47.040 [http-nio-8080-exec-8] DEBUG org.hibernate.SQL - 
    select
        rs1_0.id,
        rs1_0.channel_id,
        rs1_0.created_at,
        rs1_0.last_read_at,
        rs1_0.updated_at,
        rs1_0.user_id 
    from
        read_statuses rs1_0 
    where
        rs1_0.user_id=?
25-11-05 10:36:47.040 [http-nio-8080-exec-8] TRACE org.hibernate.orm.jdbc.bind - binding parameter (1:UUID) <- [49e99996-3bdd-46f2-8644-ab713e1f630b]
25-11-05 10:36:47.045 [http-nio-8080-exec-8] DEBUG org.hibernate.SQL - 
    select
        c1_0.id,
        c1_0.created_at,
        c1_0.description,
        c1_0.name,
        c1_0.type,
        c1_0.updated_at 
    from
        channels c1_0 
    where
        c1_0.type=? 
        or c1_0.id in (?)
25-11-05 10:36:47.045 [http-nio-8080-exec-8] TRACE org.hibernate.orm.jdbc.bind - binding parameter (1:VARCHAR) <- [PUBLIC]
25-11-05 10:36:47.045 [http-nio-8080-exec-8] TRACE org.hibernate.orm.jdbc.bind - binding parameter (2:UUID) <- [null]
25-11-05 10:36:47.049 [http-nio-8080-exec-8] DEBUG org.hibernate.SQL - 
    select
        m1_0.created_at 
    from
        messages m1_0 
    where
        m1_0.channel_id=? 
    order by
        m1_0.created_at desc 
    fetch
        first 1 rows only
25-11-05 10:36:47.049 [http-nio-8080-exec-8] TRACE org.hibernate.orm.jdbc.bind - binding parameter (1:UUID) <- [83a5759b-95ff-499b-813b-3de24059a258]
25-11-05 10:36:47.073 [http-nio-8080-exec-1] DEBUG org.hibernate.SQL - 
    select
        rs1_0.id,
        rs1_0.channel_id,
        rs1_0.created_at,
        rs1_0.last_read_at,
        rs1_0.updated_at,
        rs1_0.user_id 
    from
        read_statuses rs1_0 
    where
        rs1_0.user_id=?
25-11-05 10:36:47.075 [http-nio-8080-exec-1] TRACE org.hibernate.orm.jdbc.bind - binding parameter (1:UUID) <- [49e99996-3bdd-46f2-8644-ab713e1f630b]
25-11-05 10:36:50.038 [http-nio-8080-exec-7] DEBUG org.hibernate.SQL - 
    select
        rs1_0.id,
        rs1_0.channel_id,
        rs1_0.created_at,
        rs1_0.last_read_at,
        rs1_0.updated_at,
        rs1_0.user_id 
    from
        read_statuses rs1_0 
    where
        rs1_0.user_id=?
25-11-05 10:36:50.038 [http-nio-8080-exec-7] TRACE org.hibernate.orm.jdbc.bind - binding parameter (1:UUID) <- [49e99996-3bdd-46f2-8644-ab713e1f630b]
25-11-05 10:36:50.044 [http-nio-8080-exec-7] DEBUG org.hibernate.SQL - 
    select
        c1_0.id,
        c1_0.created_at,
        c1_0.description,
        c1_0.name,
        c1_0.type,
        c1_0.updated_at 
    from
        channels c1_0 
    where
        c1_0.type=? 
        or c1_0.id in (?)
25-11-05 10:36:50.045 [http-nio-8080-exec-7] TRACE org.hibernate.orm.jdbc.bind - binding parameter (1:VARCHAR) <- [PUBLIC]
25-11-05 10:36:50.045 [http-nio-8080-exec-7] TRACE org.hibernate.orm.jdbc.bind - binding parameter (2:UUID) <- [null]
25-11-05 10:36:50.048 [http-nio-8080-exec-7] DEBUG org.hibernate.SQL - 
    select
        m1_0.created_at 
    from
        messages m1_0 
    where
        m1_0.channel_id=? 
    order by
        m1_0.created_at desc 
    fetch
        first 1 rows only
25-11-05 10:36:50.048 [http-nio-8080-exec-7] TRACE org.hibernate.orm.jdbc.bind - binding parameter (1:UUID) <- [83a5759b-95ff-499b-813b-3de24059a258]
25-11-05 10:36:50.066 [http-nio-8080-exec-5] DEBUG org.hibernate.SQL - 
    select
        rs1_0.id,
        rs1_0.channel_id,
        rs1_0.created_at,
        rs1_0.last_read_at,
        rs1_0.updated_at,
        rs1_0.user_id 
    from
        read_statuses rs1_0 
    where
        rs1_0.user_id=?
25-11-05 10:36:50.070 [http-nio-8080-exec-5] TRACE org.hibernate.orm.jdbc.bind - binding parameter (1:UUID) <- [49e99996-3bdd-46f2-8644-ab713e1f630b]
25-11-05 10:36:52.080 [http-nio-8080-exec-2] DEBUG org.hibernate.SQL - 
    select
        rs1_0.id,
        rs1_0.channel_id,
        rs1_0.created_at,
        rs1_0.last_read_at,
        rs1_0.updated_at,
        rs1_0.user_id 
    from
        read_statuses rs1_0 
    where
        rs1_0.user_id=?
25-11-05 10:36:52.081 [http-nio-8080-exec-2] TRACE org.hibernate.orm.jdbc.bind - binding parameter (1:UUID) <- [49e99996-3bdd-46f2-8644-ab713e1f630b]
25-11-05 10:36:52.084 [http-nio-8080-exec-2] DEBUG org.hibernate.SQL - 
    select
        c1_0.id,
        c1_0.created_at,
        c1_0.description,
        c1_0.name,
        c1_0.type,
        c1_0.updated_at 
    from
        channels c1_0 
    where
        c1_0.type=? 
        or c1_0.id in (?)
25-11-05 10:36:52.084 [http-nio-8080-exec-2] TRACE org.hibernate.orm.jdbc.bind - binding parameter (1:VARCHAR) <- [PUBLIC]
25-11-05 10:36:52.084 [http-nio-8080-exec-2] TRACE org.hibernate.orm.jdbc.bind - binding parameter (2:UUID) <- [null]
25-11-05 10:36:52.086 [http-nio-8080-exec-2] DEBUG org.hibernate.SQL - 
    select
        m1_0.created_at 
    from
        messages m1_0 
    where
        m1_0.channel_id=? 
    order by
        m1_0.created_at desc 
    fetch
        first 1 rows only
25-11-05 10:36:52.086 [http-nio-8080-exec-2] TRACE org.hibernate.orm.jdbc.bind - binding parameter (1:UUID) <- [83a5759b-95ff-499b-813b-3de24059a258]
25-11-05 10:36:52.095 [http-nio-8080-exec-9] DEBUG org.hibernate.SQL - 
    select
        rs1_0.id,
        rs1_0.channel_id,
        rs1_0.created_at,
        rs1_0.last_read_at,
        rs1_0.updated_at,
        rs1_0.user_id 
    from
        read_statuses rs1_0 
    where
        rs1_0.user_id=?
25-11-05 10:36:52.097 [http-nio-8080-exec-9] TRACE org.hibernate.orm.jdbc.bind - binding parameter (1:UUID) <- [49e99996-3bdd-46f2-8644-ab713e1f630b]
25-11-05 10:36:55.083 [http-nio-8080-exec-3] DEBUG org.hibernate.SQL - 
    select
        rs1_0.id,
        rs1_0.channel_id,
        rs1_0.created_at,
        rs1_0.last_read_at,
        rs1_0.updated_at,
        rs1_0.user_id 
    from
        read_statuses rs1_0 
    where
        rs1_0.user_id=?
25-11-05 10:36:55.083 [http-nio-8080-exec-3] TRACE org.hibernate.orm.jdbc.bind - binding parameter (1:UUID) <- [49e99996-3bdd-46f2-8644-ab713e1f630b]
25-11-05 10:36:55.086 [http-nio-8080-exec-3] DEBUG org.hibernate.SQL - 
    select
        c1_0.id,
        c1_0.created_at,
        c1_0.description,
        c1_0.name,
        c1_0.type,
        c1_0.updated_at 
    from
        channels c1_0 
    where
        c1_0.type=? 
        or c1_0.id in (?)
25-11-05 10:36:55.086 [http-nio-8080-exec-3] TRACE org.hibernate.orm.jdbc.bind - binding parameter (1:VARCHAR) <- [PUBLIC]
25-11-05 10:36:55.086 [http-nio-8080-exec-3] TRACE org.hibernate.orm.jdbc.bind - binding parameter (2:UUID) <- [null]
25-11-05 10:36:55.088 [http-nio-8080-exec-3] DEBUG org.hibernate.SQL - 
    select
        m1_0.created_at 
    from
        messages m1_0 
    where
        m1_0.channel_id=? 
    order by
        m1_0.created_at desc 
    fetch
        first 1 rows only
25-11-05 10:36:55.089 [http-nio-8080-exec-3] TRACE org.hibernate.orm.jdbc.bind - binding parameter (1:UUID) <- [83a5759b-95ff-499b-813b-3de24059a258]
25-11-05 10:36:55.101 [http-nio-8080-exec-10] DEBUG org.hibernate.SQL - 
    select
        rs1_0.id,
        rs1_0.channel_id,
        rs1_0.created_at,
        rs1_0.last_read_at,
        rs1_0.updated_at,
        rs1_0.user_id 
    from
        read_statuses rs1_0 
    where
        rs1_0.user_id=?
25-11-05 10:36:55.101 [http-nio-8080-exec-10] TRACE org.hibernate.orm.jdbc.bind - binding parameter (1:UUID) <- [49e99996-3bdd-46f2-8644-ab713e1f630b]
25-11-05 10:36:59.037 [http-nio-8080-exec-4] DEBUG org.hibernate.SQL - 
    select
        rs1_0.id,
        rs1_0.channel_id,
        rs1_0.created_at,
        rs1_0.last_read_at,
        rs1_0.updated_at,
        rs1_0.user_id 
    from
        read_statuses rs1_0 
    where
        rs1_0.user_id=?
25-11-05 10:36:59.037 [http-nio-8080-exec-4] TRACE org.hibernate.orm.jdbc.bind - binding parameter (1:UUID) <- [49e99996-3bdd-46f2-8644-ab713e1f630b]
25-11-05 10:36:59.040 [http-nio-8080-exec-4] DEBUG org.hibernate.SQL - 
    select
        c1_0.id,
        c1_0.created_at,
        c1_0.description,
        c1_0.name,
        c1_0.type,
        c1_0.updated_at 
    from
        channels c1_0 
    where
        c1_0.type=? 
        or c1_0.id in (?)
25-11-05 10:36:59.040 [http-nio-8080-exec-4] TRACE org.hibernate.orm.jdbc.bind - binding parameter (1:VARCHAR) <- [PUBLIC]
25-11-05 10:36:59.040 [http-nio-8080-exec-4] TRACE org.hibernate.orm.jdbc.bind - binding parameter (2:UUID) <- [null]
25-11-05 10:36:59.042 [http-nio-8080-exec-4] DEBUG org.hibernate.SQL - 
    select
        m1_0.created_at 
    from
        messages m1_0 
    where
        m1_0.channel_id=? 
    order by
        m1_0.created_at desc 
    fetch
        first 1 rows only
25-11-05 10:36:59.042 [http-nio-8080-exec-4] TRACE org.hibernate.orm.jdbc.bind - binding parameter (1:UUID) <- [83a5759b-95ff-499b-813b-3de24059a258]
25-11-05 10:36:59.050 [http-nio-8080-exec-8] DEBUG org.hibernate.SQL - 
    select
        rs1_0.id,
        rs1_0.channel_id,
        rs1_0.created_at,
        rs1_0.last_read_at,
        rs1_0.updated_at,
        rs1_0.user_id 
    from
        read_statuses rs1_0 
    where
        rs1_0.user_id=?
25-11-05 10:36:59.052 [http-nio-8080-exec-8] TRACE org.hibernate.orm.jdbc.bind - binding parameter (1:UUID) <- [49e99996-3bdd-46f2-8644-ab713e1f630b]
25-11-05 10:37:02.038 [http-nio-8080-exec-7] DEBUG org.hibernate.SQL - 
    select
        rs1_0.id,
        rs1_0.channel_id,
        rs1_0.created_at,
        rs1_0.last_read_at,
        rs1_0.updated_at,
        rs1_0.user_id 
    from
        read_statuses rs1_0 
    where
        rs1_0.user_id=?
25-11-05 10:37:02.038 [http-nio-8080-exec-7] TRACE org.hibernate.orm.jdbc.bind - binding parameter (1:UUID) <- [49e99996-3bdd-46f2-8644-ab713e1f630b]
25-11-05 10:37:02.041 [http-nio-8080-exec-7] DEBUG org.hibernate.SQL - 
    select
        c1_0.id,
        c1_0.created_at,
        c1_0.description,
        c1_0.name,
        c1_0.type,
        c1_0.updated_at 
    from
        channels c1_0 
    where
        c1_0.type=? 
        or c1_0.id in (?)
25-11-05 10:37:02.041 [http-nio-8080-exec-7] TRACE org.hibernate.orm.jdbc.bind - binding parameter (1:VARCHAR) <- [PUBLIC]
25-11-05 10:37:02.041 [http-nio-8080-exec-7] TRACE org.hibernate.orm.jdbc.bind - binding parameter (2:UUID) <- [null]
25-11-05 10:37:02.043 [http-nio-8080-exec-7] DEBUG org.hibernate.SQL - 
    select
        m1_0.created_at 
    from
        messages m1_0 
    where
        m1_0.channel_id=? 
    order by
        m1_0.created_at desc 
    fetch
        first 1 rows only
25-11-05 10:37:02.043 [http-nio-8080-exec-7] TRACE org.hibernate.orm.jdbc.bind - binding parameter (1:UUID) <- [83a5759b-95ff-499b-813b-3de24059a258]
25-11-05 10:37:02.052 [http-nio-8080-exec-5] DEBUG org.hibernate.SQL - 
    select
        rs1_0.id,
        rs1_0.channel_id,
        rs1_0.created_at,
        rs1_0.last_read_at,
        rs1_0.updated_at,
        rs1_0.user_id 
    from
        read_statuses rs1_0 
    where
        rs1_0.user_id=?
25-11-05 10:37:02.054 [http-nio-8080-exec-5] TRACE org.hibernate.orm.jdbc.bind - binding parameter (1:UUID) <- [49e99996-3bdd-46f2-8644-ab713e1f630b]
25-11-05 10:37:05.037 [http-nio-8080-exec-6] DEBUG org.hibernate.SQL - 
    select
        rs1_0.id,
        rs1_0.channel_id,
        rs1_0.created_at,
        rs1_0.last_read_at,
        rs1_0.updated_at,
        rs1_0.user_id 
    from
        read_statuses rs1_0 
    where
        rs1_0.user_id=?
25-11-05 10:37:05.037 [http-nio-8080-exec-6] TRACE org.hibernate.orm.jdbc.bind - binding parameter (1:UUID) <- [49e99996-3bdd-46f2-8644-ab713e1f630b]
25-11-05 10:37:05.038 [http-nio-8080-exec-6] DEBUG org.hibernate.SQL - 
    select
        c1_0.id,
        c1_0.created_at,
        c1_0.description,
        c1_0.name,
        c1_0.type,
        c1_0.updated_at 
    from
        channels c1_0 
    where
        c1_0.type=? 
        or c1_0.id in (?)
25-11-05 10:37:05.039 [http-nio-8080-exec-6] TRACE org.hibernate.orm.jdbc.bind - binding parameter (1:VARCHAR) <- [PUBLIC]
25-11-05 10:37:05.039 [http-nio-8080-exec-6] TRACE org.hibernate.orm.jdbc.bind - binding parameter (2:UUID) <- [null]
25-11-05 10:37:05.041 [http-nio-8080-exec-6] DEBUG org.hibernate.SQL - 
    select
        m1_0.created_at 
    from
        messages m1_0 
    where
        m1_0.channel_id=? 
    order by
        m1_0.created_at desc 
    fetch
        first 1 rows only
25-11-05 10:37:05.041 [http-nio-8080-exec-6] TRACE org.hibernate.orm.jdbc.bind - binding parameter (1:UUID) <- [83a5759b-95ff-499b-813b-3de24059a258]
25-11-05 10:37:05.049 [http-nio-8080-exec-2] DEBUG org.hibernate.SQL - 
    select
        rs1_0.id,
        rs1_0.channel_id,
        rs1_0.created_at,
        rs1_0.last_read_at,
        rs1_0.updated_at,
        rs1_0.user_id 
    from
        read_statuses rs1_0 
    where
        rs1_0.user_id=?
25-11-05 10:37:05.052 [http-nio-8080-exec-2] TRACE org.hibernate.orm.jdbc.bind - binding parameter (1:UUID) <- [49e99996-3bdd-46f2-8644-ab713e1f630b]
25-11-05 10:37:08.038 [http-nio-8080-exec-9] DEBUG org.hibernate.SQL - 
    select
        rs1_0.id,
        rs1_0.channel_id,
        rs1_0.created_at,
        rs1_0.last_read_at,
        rs1_0.updated_at,
        rs1_0.user_id 
    from
        read_statuses rs1_0 
    where
        rs1_0.user_id=?
25-11-05 10:37:08.038 [http-nio-8080-exec-9] TRACE org.hibernate.orm.jdbc.bind - binding parameter (1:UUID) <- [49e99996-3bdd-46f2-8644-ab713e1f630b]
25-11-05 10:37:08.041 [http-nio-8080-exec-9] DEBUG org.hibernate.SQL - 
    select
        c1_0.id,
        c1_0.created_at,
        c1_0.description,
        c1_0.name,
        c1_0.type,
        c1_0.updated_at 
    from
        channels c1_0 
    where
        c1_0.type=? 
        or c1_0.id in (?)
25-11-05 10:37:08.042 [http-nio-8080-exec-9] TRACE org.hibernate.orm.jdbc.bind - binding parameter (1:VARCHAR) <- [PUBLIC]
25-11-05 10:37:08.042 [http-nio-8080-exec-9] TRACE org.hibernate.orm.jdbc.bind - binding parameter (2:UUID) <- [null]
25-11-05 10:37:08.044 [http-nio-8080-exec-9] DEBUG org.hibernate.SQL - 
    select
        m1_0.created_at 
    from
        messages m1_0 
    where
        m1_0.channel_id=? 
    order by
        m1_0.created_at desc 
    fetch
        first 1 rows only
25-11-05 10:37:08.044 [http-nio-8080-exec-9] TRACE org.hibernate.orm.jdbc.bind - binding parameter (1:UUID) <- [83a5759b-95ff-499b-813b-3de24059a258]
25-11-05 10:37:08.053 [http-nio-8080-exec-3] DEBUG org.hibernate.SQL - 
    select
        rs1_0.id,
        rs1_0.channel_id,
        rs1_0.created_at,
        rs1_0.last_read_at,
        rs1_0.updated_at,
        rs1_0.user_id 
    from
        read_statuses rs1_0 
    where
        rs1_0.user_id=?
25-11-05 10:37:08.055 [http-nio-8080-exec-3] TRACE org.hibernate.orm.jdbc.bind - binding parameter (1:UUID) <- [49e99996-3bdd-46f2-8644-ab713e1f630b]
25-11-05 10:37:10.034 [http-nio-8080-exec-10] INFO  c.s.m.d.controller.UserController - 유저 상태 업데이트 요청 수신: userId=49e99996-3bdd-46f2-8644-ab713e1f630b, newLastActiveAt=2025-11-05T01:37:10.031Z
25-11-05 10:37:10.037 [http-nio-8080-exec-10] DEBUG org.hibernate.SQL - 
    select
        us1_0.id,
        us1_0.created_at,
        us1_0.last_active_at,
        us1_0.updated_at,
        us1_0.user_id 
    from
        user_statuses us1_0 
    where
        us1_0.user_id=?
25-11-05 10:37:10.037 [http-nio-8080-exec-10] TRACE org.hibernate.orm.jdbc.bind - binding parameter (1:UUID) <- [49e99996-3bdd-46f2-8644-ab713e1f630b]
25-11-05 10:37:10.041 [http-nio-8080-exec-10] DEBUG org.hibernate.SQL - 
    update
        user_statuses 
    set
        last_active_at=?,
        updated_at=?,
        user_id=? 
    where
        id=?
25-11-05 10:37:10.041 [http-nio-8080-exec-10] TRACE org.hibernate.orm.jdbc.bind - binding parameter (1:TIMESTAMP_UTC) <- [2025-11-05T01:37:10.031Z]
25-11-05 10:37:10.042 [http-nio-8080-exec-10] TRACE org.hibernate.orm.jdbc.bind - binding parameter (2:TIMESTAMP_UTC) <- [2025-11-05T01:37:10.040386600Z]
25-11-05 10:37:10.042 [http-nio-8080-exec-10] TRACE org.hibernate.orm.jdbc.bind - binding parameter (3:UUID) <- [49e99996-3bdd-46f2-8644-ab713e1f630b]
25-11-05 10:37:10.042 [http-nio-8080-exec-10] TRACE org.hibernate.orm.jdbc.bind - binding parameter (4:UUID) <- [3627bb27-cda3-46c3-a713-15ab6d1fb463]
25-11-05 10:37:10.047 [http-nio-8080-exec-10] INFO  c.s.m.d.controller.UserController - 유저 상태 업데이트 성공: userId=49e99996-3bdd-46f2-8644-ab713e1f630b, newLastActiveAt=2025-11-05T01:37:10.031Z
25-11-05 10:37:11.035 [http-nio-8080-exec-4] DEBUG org.hibernate.SQL - 
    select
        rs1_0.id,
        rs1_0.channel_id,
        rs1_0.created_at,
        rs1_0.last_read_at,
        rs1_0.updated_at,
        rs1_0.user_id 
    from
        read_statuses rs1_0 
    where
        rs1_0.user_id=?
25-11-05 10:37:11.036 [http-nio-8080-exec-4] TRACE org.hibernate.orm.jdbc.bind - binding parameter (1:UUID) <- [49e99996-3bdd-46f2-8644-ab713e1f630b]
25-11-05 10:37:11.038 [http-nio-8080-exec-4] DEBUG org.hibernate.SQL - 
    select
        c1_0.id,
        c1_0.created_at,
        c1_0.description,
        c1_0.name,
        c1_0.type,
        c1_0.updated_at 
    from
        channels c1_0 
    where
        c1_0.type=? 
        or c1_0.id in (?)
25-11-05 10:37:11.038 [http-nio-8080-exec-4] TRACE org.hibernate.orm.jdbc.bind - binding parameter (1:VARCHAR) <- [PUBLIC]
25-11-05 10:37:11.038 [http-nio-8080-exec-4] TRACE org.hibernate.orm.jdbc.bind - binding parameter (2:UUID) <- [null]
25-11-05 10:37:11.040 [http-nio-8080-exec-4] DEBUG org.hibernate.SQL - 
    select
        m1_0.created_at 
    from
        messages m1_0 
    where
        m1_0.channel_id=? 
    order by
        m1_0.created_at desc 
    fetch
        first 1 rows only
25-11-05 10:37:11.040 [http-nio-8080-exec-4] TRACE org.hibernate.orm.jdbc.bind - binding parameter (1:UUID) <- [83a5759b-95ff-499b-813b-3de24059a258]
25-11-05 10:37:11.050 [http-nio-8080-exec-8] DEBUG org.hibernate.SQL - 
    select
        rs1_0.id,
        rs1_0.channel_id,
        rs1_0.created_at,
        rs1_0.last_read_at,
        rs1_0.updated_at,
        rs1_0.user_id 
    from
        read_statuses rs1_0 
    where
        rs1_0.user_id=?
25-11-05 10:37:11.052 [http-nio-8080-exec-8] TRACE org.hibernate.orm.jdbc.bind - binding parameter (1:UUID) <- [49e99996-3bdd-46f2-8644-ab713e1f630b]
25-11-05 10:37:14.037 [http-nio-8080-exec-1] DEBUG org.hibernate.SQL - 
    select
        rs1_0.id,
        rs1_0.channel_id,
        rs1_0.created_at,
        rs1_0.last_read_at,
        rs1_0.updated_at,
        rs1_0.user_id 
    from
        read_statuses rs1_0 
    where
        rs1_0.user_id=?
25-11-05 10:37:14.037 [http-nio-8080-exec-1] TRACE org.hibernate.orm.jdbc.bind - binding parameter (1:UUID) <- [49e99996-3bdd-46f2-8644-ab713e1f630b]
25-11-05 10:37:14.039 [http-nio-8080-exec-1] DEBUG org.hibernate.SQL - 
    select
        c1_0.id,
        c1_0.created_at,
        c1_0.description,
        c1_0.name,
        c1_0.type,
        c1_0.updated_at 
    from
        channels c1_0 
    where
        c1_0.type=? 
        or c1_0.id in (?)
25-11-05 10:37:14.039 [http-nio-8080-exec-1] TRACE org.hibernate.orm.jdbc.bind - binding parameter (1:VARCHAR) <- [PUBLIC]
25-11-05 10:37:14.039 [http-nio-8080-exec-1] TRACE org.hibernate.orm.jdbc.bind - binding parameter (2:UUID) <- [null]
25-11-05 10:37:14.043 [http-nio-8080-exec-1] DEBUG org.hibernate.SQL - 
    select
        m1_0.created_at 
    from
        messages m1_0 
    where
        m1_0.channel_id=? 
    order by
        m1_0.created_at desc 
    fetch
        first 1 rows only
25-11-05 10:37:14.043 [http-nio-8080-exec-1] TRACE org.hibernate.orm.jdbc.bind - binding parameter (1:UUID) <- [83a5759b-95ff-499b-813b-3de24059a258]
25-11-05 10:37:14.056 [http-nio-8080-exec-7] DEBUG org.hibernate.SQL - 
    select
        rs1_0.id,
        rs1_0.channel_id,
        rs1_0.created_at,
        rs1_0.last_read_at,
        rs1_0.updated_at,
        rs1_0.user_id 
    from
        read_statuses rs1_0 
    where
        rs1_0.user_id=?
25-11-05 10:37:14.058 [http-nio-8080-exec-7] TRACE org.hibernate.orm.jdbc.bind - binding parameter (1:UUID) <- [49e99996-3bdd-46f2-8644-ab713e1f630b]
25-11-05 10:37:17.037 [http-nio-8080-exec-5] DEBUG org.hibernate.SQL - 
    select
        rs1_0.id,
        rs1_0.channel_id,
        rs1_0.created_at,
        rs1_0.last_read_at,
        rs1_0.updated_at,
        rs1_0.user_id 
    from
        read_statuses rs1_0 
    where
        rs1_0.user_id=?
25-11-05 10:37:17.037 [http-nio-8080-exec-5] TRACE org.hibernate.orm.jdbc.bind - binding parameter (1:UUID) <- [49e99996-3bdd-46f2-8644-ab713e1f630b]
25-11-05 10:37:17.040 [http-nio-8080-exec-5] DEBUG org.hibernate.SQL - 
    select
        c1_0.id,
        c1_0.created_at,
        c1_0.description,
        c1_0.name,
        c1_0.type,
        c1_0.updated_at 
    from
        channels c1_0 
    where
        c1_0.type=? 
        or c1_0.id in (?)
25-11-05 10:37:17.040 [http-nio-8080-exec-5] TRACE org.hibernate.orm.jdbc.bind - binding parameter (1:VARCHAR) <- [PUBLIC]
25-11-05 10:37:17.040 [http-nio-8080-exec-5] TRACE org.hibernate.orm.jdbc.bind - binding parameter (2:UUID) <- [null]
25-11-05 10:37:17.042 [http-nio-8080-exec-5] DEBUG org.hibernate.SQL - 
    select
        m1_0.created_at 
    from
        messages m1_0 
    where
        m1_0.channel_id=? 
    order by
        m1_0.created_at desc 
    fetch
        first 1 rows only
25-11-05 10:37:17.043 [http-nio-8080-exec-5] TRACE org.hibernate.orm.jdbc.bind - binding parameter (1:UUID) <- [83a5759b-95ff-499b-813b-3de24059a258]
25-11-05 10:37:17.054 [http-nio-8080-exec-6] DEBUG org.hibernate.SQL - 
    select
        rs1_0.id,
        rs1_0.channel_id,
        rs1_0.created_at,
        rs1_0.last_read_at,
        rs1_0.updated_at,
        rs1_0.user_id 
    from
        read_statuses rs1_0 
    where
        rs1_0.user_id=?
25-11-05 10:37:17.056 [http-nio-8080-exec-6] TRACE org.hibernate.orm.jdbc.bind - binding parameter (1:UUID) <- [49e99996-3bdd-46f2-8644-ab713e1f630b]
25-11-05 10:37:20.037 [http-nio-8080-exec-2] DEBUG org.hibernate.SQL - 
    select
        rs1_0.id,
        rs1_0.channel_id,
        rs1_0.created_at,
        rs1_0.last_read_at,
        rs1_0.updated_at,
        rs1_0.user_id 
    from
        read_statuses rs1_0 
    where
        rs1_0.user_id=?
25-11-05 10:37:20.037 [http-nio-8080-exec-2] TRACE org.hibernate.orm.jdbc.bind - binding parameter (1:UUID) <- [49e99996-3bdd-46f2-8644-ab713e1f630b]
25-11-05 10:37:20.039 [http-nio-8080-exec-2] DEBUG org.hibernate.SQL - 
    select
        c1_0.id,
        c1_0.created_at,
        c1_0.description,
        c1_0.name,
        c1_0.type,
        c1_0.updated_at 
    from
        channels c1_0 
    where
        c1_0.type=? 
        or c1_0.id in (?)
25-11-05 10:37:20.039 [http-nio-8080-exec-2] TRACE org.hibernate.orm.jdbc.bind - binding parameter (1:VARCHAR) <- [PUBLIC]
25-11-05 10:37:20.039 [http-nio-8080-exec-2] TRACE org.hibernate.orm.jdbc.bind - binding parameter (2:UUID) <- [null]
25-11-05 10:37:20.041 [http-nio-8080-exec-2] DEBUG org.hibernate.SQL - 
    select
        m1_0.created_at 
    from
        messages m1_0 
    where
        m1_0.channel_id=? 
    order by
        m1_0.created_at desc 
    fetch
        first 1 rows only
25-11-05 10:37:20.041 [http-nio-8080-exec-2] TRACE org.hibernate.orm.jdbc.bind - binding parameter (1:UUID) <- [83a5759b-95ff-499b-813b-3de24059a258]
25-11-05 10:37:20.048 [http-nio-8080-exec-9] DEBUG org.hibernate.SQL - 
    select
        rs1_0.id,
        rs1_0.channel_id,
        rs1_0.created_at,
        rs1_0.last_read_at,
        rs1_0.updated_at,
        rs1_0.user_id 
    from
        read_statuses rs1_0 
    where
        rs1_0.user_id=?
25-11-05 10:37:20.050 [http-nio-8080-exec-9] TRACE org.hibernate.orm.jdbc.bind - binding parameter (1:UUID) <- [49e99996-3bdd-46f2-8644-ab713e1f630b]
25-11-05 10:37:23.037 [http-nio-8080-exec-3] DEBUG org.hibernate.SQL - 
    select
        rs1_0.id,
        rs1_0.channel_id,
        rs1_0.created_at,
        rs1_0.last_read_at,
        rs1_0.updated_at,
        rs1_0.user_id 
    from
        read_statuses rs1_0 
    where
        rs1_0.user_id=?
25-11-05 10:37:23.038 [http-nio-8080-exec-3] TRACE org.hibernate.orm.jdbc.bind - binding parameter (1:UUID) <- [49e99996-3bdd-46f2-8644-ab713e1f630b]
25-11-05 10:37:23.040 [http-nio-8080-exec-3] DEBUG org.hibernate.SQL - 
    select
        c1_0.id,
        c1_0.created_at,
        c1_0.description,
        c1_0.name,
        c1_0.type,
        c1_0.updated_at 
    from
        channels c1_0 
    where
        c1_0.type=? 
        or c1_0.id in (?)
25-11-05 10:37:23.040 [http-nio-8080-exec-3] TRACE org.hibernate.orm.jdbc.bind - binding parameter (1:VARCHAR) <- [PUBLIC]
25-11-05 10:37:23.040 [http-nio-8080-exec-3] TRACE org.hibernate.orm.jdbc.bind - binding parameter (2:UUID) <- [null]
25-11-05 10:37:23.042 [http-nio-8080-exec-3] DEBUG org.hibernate.SQL - 
    select
        m1_0.created_at 
    from
        messages m1_0 
    where
        m1_0.channel_id=? 
    order by
        m1_0.created_at desc 
    fetch
        first 1 rows only
25-11-05 10:37:23.042 [http-nio-8080-exec-3] TRACE org.hibernate.orm.jdbc.bind - binding parameter (1:UUID) <- [83a5759b-95ff-499b-813b-3de24059a258]
25-11-05 10:37:23.052 [http-nio-8080-exec-10] DEBUG org.hibernate.SQL - 
    select
        rs1_0.id,
        rs1_0.channel_id,
        rs1_0.created_at,
        rs1_0.last_read_at,
        rs1_0.updated_at,
        rs1_0.user_id 
    from
        read_statuses rs1_0 
    where
        rs1_0.user_id=?
25-11-05 10:37:23.052 [http-nio-8080-exec-10] TRACE org.hibernate.orm.jdbc.bind - binding parameter (1:UUID) <- [49e99996-3bdd-46f2-8644-ab713e1f630b]
25-11-05 10:37:26.042 [http-nio-8080-exec-4] DEBUG org.hibernate.SQL - 
    select
        rs1_0.id,
        rs1_0.channel_id,
        rs1_0.created_at,
        rs1_0.last_read_at,
        rs1_0.updated_at,
        rs1_0.user_id 
    from
        read_statuses rs1_0 
    where
        rs1_0.user_id=?
25-11-05 10:37:26.042 [http-nio-8080-exec-4] TRACE org.hibernate.orm.jdbc.bind - binding parameter (1:UUID) <- [49e99996-3bdd-46f2-8644-ab713e1f630b]
25-11-05 10:37:26.044 [http-nio-8080-exec-4] DEBUG org.hibernate.SQL - 
    select
        c1_0.id,
        c1_0.created_at,
        c1_0.description,
        c1_0.name,
        c1_0.type,
        c1_0.updated_at 
    from
        channels c1_0 
    where
        c1_0.type=? 
        or c1_0.id in (?)
25-11-05 10:37:26.044 [http-nio-8080-exec-4] TRACE org.hibernate.orm.jdbc.bind - binding parameter (1:VARCHAR) <- [PUBLIC]
25-11-05 10:37:26.045 [http-nio-8080-exec-4] TRACE org.hibernate.orm.jdbc.bind - binding parameter (2:UUID) <- [null]
25-11-05 10:37:26.046 [http-nio-8080-exec-4] DEBUG org.hibernate.SQL - 
    select
        m1_0.created_at 
    from
        messages m1_0 
    where
        m1_0.channel_id=? 
    order by
        m1_0.created_at desc 
    fetch
        first 1 rows only
25-11-05 10:37:26.046 [http-nio-8080-exec-4] TRACE org.hibernate.orm.jdbc.bind - binding parameter (1:UUID) <- [83a5759b-95ff-499b-813b-3de24059a258]
25-11-05 10:37:26.054 [http-nio-8080-exec-8] DEBUG org.hibernate.SQL - 
    select
        rs1_0.id,
        rs1_0.channel_id,
        rs1_0.created_at,
        rs1_0.last_read_at,
        rs1_0.updated_at,
        rs1_0.user_id 
    from
        read_statuses rs1_0 
    where
        rs1_0.user_id=?
25-11-05 10:37:26.056 [http-nio-8080-exec-8] TRACE org.hibernate.orm.jdbc.bind - binding parameter (1:UUID) <- [49e99996-3bdd-46f2-8644-ab713e1f630b]
25-11-05 10:37:29.040 [http-nio-8080-exec-1] DEBUG org.hibernate.SQL - 
    select
        rs1_0.id,
        rs1_0.channel_id,
        rs1_0.created_at,
        rs1_0.last_read_at,
        rs1_0.updated_at,
        rs1_0.user_id 
    from
        read_statuses rs1_0 
    where
        rs1_0.user_id=?
25-11-05 10:37:29.041 [http-nio-8080-exec-1] TRACE org.hibernate.orm.jdbc.bind - binding parameter (1:UUID) <- [49e99996-3bdd-46f2-8644-ab713e1f630b]
25-11-05 10:37:29.043 [http-nio-8080-exec-1] DEBUG org.hibernate.SQL - 
    select
        c1_0.id,
        c1_0.created_at,
        c1_0.description,
        c1_0.name,
        c1_0.type,
        c1_0.updated_at 
    from
        channels c1_0 
    where
        c1_0.type=? 
        or c1_0.id in (?)
25-11-05 10:37:29.043 [http-nio-8080-exec-1] TRACE org.hibernate.orm.jdbc.bind - binding parameter (1:VARCHAR) <- [PUBLIC]
25-11-05 10:37:29.043 [http-nio-8080-exec-1] TRACE org.hibernate.orm.jdbc.bind - binding parameter (2:UUID) <- [null]
25-11-05 10:37:29.046 [http-nio-8080-exec-1] DEBUG org.hibernate.SQL - 
    select
        m1_0.created_at 
    from
        messages m1_0 
    where
        m1_0.channel_id=? 
    order by
        m1_0.created_at desc 
    fetch
        first 1 rows only
25-11-05 10:37:29.046 [http-nio-8080-exec-1] TRACE org.hibernate.orm.jdbc.bind - binding parameter (1:UUID) <- [83a5759b-95ff-499b-813b-3de24059a258]
25-11-05 10:37:29.058 [http-nio-8080-exec-7] DEBUG org.hibernate.SQL - 
    select
        rs1_0.id,
        rs1_0.channel_id,
        rs1_0.created_at,
        rs1_0.last_read_at,
        rs1_0.updated_at,
        rs1_0.user_id 
    from
        read_statuses rs1_0 
    where
        rs1_0.user_id=?
25-11-05 10:37:29.059 [http-nio-8080-exec-7] TRACE org.hibernate.orm.jdbc.bind - binding parameter (1:UUID) <- [49e99996-3bdd-46f2-8644-ab713e1f630b]
25-11-05 10:37:32.044 [http-nio-8080-exec-5] DEBUG org.hibernate.SQL - 
    select
        rs1_0.id,
        rs1_0.channel_id,
        rs1_0.created_at,
        rs1_0.last_read_at,
        rs1_0.updated_at,
        rs1_0.user_id 
    from
        read_statuses rs1_0 
    where
        rs1_0.user_id=?
25-11-05 10:37:32.045 [http-nio-8080-exec-5] TRACE org.hibernate.orm.jdbc.bind - binding parameter (1:UUID) <- [49e99996-3bdd-46f2-8644-ab713e1f630b]
25-11-05 10:37:32.048 [http-nio-8080-exec-5] DEBUG org.hibernate.SQL - 
    select
        c1_0.id,
        c1_0.created_at,
        c1_0.description,
        c1_0.name,
        c1_0.type,
        c1_0.updated_at 
    from
        channels c1_0 
    where
        c1_0.type=? 
        or c1_0.id in (?)
25-11-05 10:37:32.048 [http-nio-8080-exec-5] TRACE org.hibernate.orm.jdbc.bind - binding parameter (1:VARCHAR) <- [PUBLIC]
25-11-05 10:37:32.048 [http-nio-8080-exec-5] TRACE org.hibernate.orm.jdbc.bind - binding parameter (2:UUID) <- [null]
25-11-05 10:37:32.052 [http-nio-8080-exec-5] DEBUG org.hibernate.SQL - 
    select
        m1_0.created_at 
    from
        messages m1_0 
    where
        m1_0.channel_id=? 
    order by
        m1_0.created_at desc 
    fetch
        first 1 rows only
25-11-05 10:37:32.052 [http-nio-8080-exec-5] TRACE org.hibernate.orm.jdbc.bind - binding parameter (1:UUID) <- [83a5759b-95ff-499b-813b-3de24059a258]
25-11-05 10:37:32.065 [http-nio-8080-exec-6] DEBUG org.hibernate.SQL - 
    select
        rs1_0.id,
        rs1_0.channel_id,
        rs1_0.created_at,
        rs1_0.last_read_at,
        rs1_0.updated_at,
        rs1_0.user_id 
    from
        read_statuses rs1_0 
    where
        rs1_0.user_id=?
25-11-05 10:37:32.068 [http-nio-8080-exec-6] TRACE org.hibernate.orm.jdbc.bind - binding parameter (1:UUID) <- [49e99996-3bdd-46f2-8644-ab713e1f630b]
25-11-05 10:37:35.040 [http-nio-8080-exec-2] DEBUG org.hibernate.SQL - 
    select
        rs1_0.id,
        rs1_0.channel_id,
        rs1_0.created_at,
        rs1_0.last_read_at,
        rs1_0.updated_at,
        rs1_0.user_id 
    from
        read_statuses rs1_0 
    where
        rs1_0.user_id=?
25-11-05 10:37:35.041 [http-nio-8080-exec-2] TRACE org.hibernate.orm.jdbc.bind - binding parameter (1:UUID) <- [49e99996-3bdd-46f2-8644-ab713e1f630b]
25-11-05 10:37:35.043 [http-nio-8080-exec-2] DEBUG org.hibernate.SQL - 
    select
        c1_0.id,
        c1_0.created_at,
        c1_0.description,
        c1_0.name,
        c1_0.type,
        c1_0.updated_at 
    from
        channels c1_0 
    where
        c1_0.type=? 
        or c1_0.id in (?)
25-11-05 10:37:35.043 [http-nio-8080-exec-2] TRACE org.hibernate.orm.jdbc.bind - binding parameter (1:VARCHAR) <- [PUBLIC]
25-11-05 10:37:35.043 [http-nio-8080-exec-2] TRACE org.hibernate.orm.jdbc.bind - binding parameter (2:UUID) <- [null]
25-11-05 10:37:35.045 [http-nio-8080-exec-2] DEBUG org.hibernate.SQL - 
    select
        m1_0.created_at 
    from
        messages m1_0 
    where
        m1_0.channel_id=? 
    order by
        m1_0.created_at desc 
    fetch
        first 1 rows only
25-11-05 10:37:35.045 [http-nio-8080-exec-2] TRACE org.hibernate.orm.jdbc.bind - binding parameter (1:UUID) <- [83a5759b-95ff-499b-813b-3de24059a258]
25-11-05 10:37:35.058 [http-nio-8080-exec-9] DEBUG org.hibernate.SQL - 
    select
        rs1_0.id,
        rs1_0.channel_id,
        rs1_0.created_at,
        rs1_0.last_read_at,
        rs1_0.updated_at,
        rs1_0.user_id 
    from
        read_statuses rs1_0 
    where
        rs1_0.user_id=?
25-11-05 10:37:35.060 [http-nio-8080-exec-9] TRACE org.hibernate.orm.jdbc.bind - binding parameter (1:UUID) <- [49e99996-3bdd-46f2-8644-ab713e1f630b]
25-11-05 10:37:38.039 [http-nio-8080-exec-3] DEBUG org.hibernate.SQL - 
    select
        rs1_0.id,
        rs1_0.channel_id,
        rs1_0.created_at,
        rs1_0.last_read_at,
        rs1_0.updated_at,
        rs1_0.user_id 
    from
        read_statuses rs1_0 
    where
        rs1_0.user_id=?
25-11-05 10:37:38.039 [http-nio-8080-exec-3] TRACE org.hibernate.orm.jdbc.bind - binding parameter (1:UUID) <- [49e99996-3bdd-46f2-8644-ab713e1f630b]
25-11-05 10:37:38.041 [http-nio-8080-exec-3] DEBUG org.hibernate.SQL - 
    select
        c1_0.id,
        c1_0.created_at,
        c1_0.description,
        c1_0.name,
        c1_0.type,
        c1_0.updated_at 
    from
        channels c1_0 
    where
        c1_0.type=? 
        or c1_0.id in (?)
25-11-05 10:37:38.041 [http-nio-8080-exec-3] TRACE org.hibernate.orm.jdbc.bind - binding parameter (1:VARCHAR) <- [PUBLIC]
25-11-05 10:37:38.041 [http-nio-8080-exec-3] TRACE org.hibernate.orm.jdbc.bind - binding parameter (2:UUID) <- [null]
25-11-05 10:37:38.043 [http-nio-8080-exec-3] DEBUG org.hibernate.SQL - 
    select
        m1_0.created_at 
    from
        messages m1_0 
    where
        m1_0.channel_id=? 
    order by
        m1_0.created_at desc 
    fetch
        first 1 rows only
25-11-05 10:37:38.043 [http-nio-8080-exec-3] TRACE org.hibernate.orm.jdbc.bind - binding parameter (1:UUID) <- [83a5759b-95ff-499b-813b-3de24059a258]
25-11-05 10:37:38.051 [http-nio-8080-exec-10] DEBUG org.hibernate.SQL - 
    select
        rs1_0.id,
        rs1_0.channel_id,
        rs1_0.created_at,
        rs1_0.last_read_at,
        rs1_0.updated_at,
        rs1_0.user_id 
    from
        read_statuses rs1_0 
    where
        rs1_0.user_id=?
25-11-05 10:37:38.051 [http-nio-8080-exec-10] TRACE org.hibernate.orm.jdbc.bind - binding parameter (1:UUID) <- [49e99996-3bdd-46f2-8644-ab713e1f630b]
25-11-05 10:37:40.036 [http-nio-8080-exec-4] INFO  c.s.m.d.controller.UserController - 유저 상태 업데이트 요청 수신: userId=49e99996-3bdd-46f2-8644-ab713e1f630b, newLastActiveAt=2025-11-05T01:37:40.034Z
25-11-05 10:37:40.036 [http-nio-8080-exec-8] DEBUG org.hibernate.SQL - 
    select
        u1_0.id,
        u1_0.created_at,
        u1_0.email,
        u1_0.password,
        p1_0.id,
        p1_0.content_type,
        p1_0.created_at,
        p1_0.file_name,
        p1_0.size,
        s1_0.id,
        s1_0.created_at,
        s1_0.last_active_at,
        s1_0.updated_at,
        s1_0.user_id,
        u1_0.updated_at,
        u1_0.username 
    from
        users u1_0 
    left join
        binary_contents p1_0 
            on p1_0.id=u1_0.profile_id 
    join
        user_statuses s1_0 
            on u1_0.id=s1_0.user_id
25-11-05 10:37:40.038 [http-nio-8080-exec-4] DEBUG org.hibernate.SQL - 
    select
        us1_0.id,
        us1_0.created_at,
        us1_0.last_active_at,
        us1_0.updated_at,
        us1_0.user_id 
    from
        user_statuses us1_0 
    where
        us1_0.user_id=?
25-11-05 10:37:40.038 [http-nio-8080-exec-4] TRACE org.hibernate.orm.jdbc.bind - binding parameter (1:UUID) <- [49e99996-3bdd-46f2-8644-ab713e1f630b]
25-11-05 10:37:40.040 [http-nio-8080-exec-8] INFO  c.s.m.d.s.basic.BasicUserService - 모든 유저 목록 조회 완료. 총 4명
25-11-05 10:37:40.042 [http-nio-8080-exec-8] INFO  c.s.m.d.controller.UserController - 모든 유저 목록 조회 완료. 총 4명
25-11-05 10:37:40.042 [http-nio-8080-exec-4] DEBUG org.hibernate.SQL - 
    update
        user_statuses 
    set
        last_active_at=?,
        updated_at=?,
        user_id=? 
    where
        id=?
25-11-05 10:37:40.042 [http-nio-8080-exec-4] TRACE org.hibernate.orm.jdbc.bind - binding parameter (1:TIMESTAMP_UTC) <- [2025-11-05T01:37:40.034Z]
25-11-05 10:37:40.042 [http-nio-8080-exec-4] TRACE org.hibernate.orm.jdbc.bind - binding parameter (2:TIMESTAMP_UTC) <- [2025-11-05T01:37:40.042001200Z]
25-11-05 10:37:40.042 [http-nio-8080-exec-4] TRACE org.hibernate.orm.jdbc.bind - binding parameter (3:UUID) <- [49e99996-3bdd-46f2-8644-ab713e1f630b]
25-11-05 10:37:40.042 [http-nio-8080-exec-4] TRACE org.hibernate.orm.jdbc.bind - binding parameter (4:UUID) <- [3627bb27-cda3-46c3-a713-15ab6d1fb463]
25-11-05 10:37:40.048 [http-nio-8080-exec-4] INFO  c.s.m.d.controller.UserController - 유저 상태 업데이트 성공: userId=49e99996-3bdd-46f2-8644-ab713e1f630b, newLastActiveAt=2025-11-05T01:37:40.034Z
25-11-05 10:37:40.048 [http-nio-8080-exec-7] DEBUG org.hibernate.SQL - 
    select
        rs1_0.id,
        rs1_0.channel_id,
        rs1_0.created_at,
        rs1_0.last_read_at,
        rs1_0.updated_at,
        rs1_0.user_id 
    from
        read_statuses rs1_0 
    where
        rs1_0.user_id=?
25-11-05 10:37:40.051 [http-nio-8080-exec-1] DEBUG org.hibernate.SQL - 
    select
        rs1_0.id,
        rs1_0.channel_id,
        rs1_0.created_at,
        rs1_0.last_read_at,
        rs1_0.updated_at,
        rs1_0.user_id 
    from
        read_statuses rs1_0 
    where
        rs1_0.user_id=?
25-11-05 10:37:40.051 [http-nio-8080-exec-7] TRACE org.hibernate.orm.jdbc.bind - binding parameter (1:UUID) <- [49e99996-3bdd-46f2-8644-ab713e1f630b]
25-11-05 10:37:40.051 [http-nio-8080-exec-1] TRACE org.hibernate.orm.jdbc.bind - binding parameter (1:UUID) <- [49e99996-3bdd-46f2-8644-ab713e1f630b]
25-11-05 10:37:40.054 [http-nio-8080-exec-1] DEBUG org.hibernate.SQL - 
    select
        c1_0.id,
        c1_0.created_at,
        c1_0.description,
        c1_0.name,
        c1_0.type,
        c1_0.updated_at 
    from
        channels c1_0 
    where
        c1_0.type=? 
        or c1_0.id in (?)
25-11-05 10:37:40.054 [http-nio-8080-exec-1] TRACE org.hibernate.orm.jdbc.bind - binding parameter (1:VARCHAR) <- [PUBLIC]
25-11-05 10:37:40.054 [http-nio-8080-exec-1] TRACE org.hibernate.orm.jdbc.bind - binding parameter (2:UUID) <- [null]
25-11-05 10:37:40.057 [http-nio-8080-exec-1] DEBUG org.hibernate.SQL - 
    select
        m1_0.created_at 
    from
        messages m1_0 
    where
        m1_0.channel_id=? 
    order by
        m1_0.created_at desc 
    fetch
        first 1 rows only
25-11-05 10:37:40.057 [http-nio-8080-exec-1] TRACE org.hibernate.orm.jdbc.bind - binding parameter (1:UUID) <- [83a5759b-95ff-499b-813b-3de24059a258]
25-11-05 10:37:40.067 [http-nio-8080-exec-5] DEBUG org.hibernate.SQL - 
    select
        rs1_0.id,
        rs1_0.channel_id,
        rs1_0.created_at,
        rs1_0.last_read_at,
        rs1_0.updated_at,
        rs1_0.user_id 
    from
        read_statuses rs1_0 
    where
        rs1_0.user_id=?
25-11-05 10:37:40.068 [http-nio-8080-exec-5] TRACE org.hibernate.orm.jdbc.bind - binding parameter (1:UUID) <- [49e99996-3bdd-46f2-8644-ab713e1f630b]
25-11-05 10:37:44.039 [http-nio-8080-exec-6] DEBUG org.hibernate.SQL - 
    select
        rs1_0.id,
        rs1_0.channel_id,
        rs1_0.created_at,
        rs1_0.last_read_at,
        rs1_0.updated_at,
        rs1_0.user_id 
    from
        read_statuses rs1_0 
    where
        rs1_0.user_id=?
25-11-05 10:37:44.039 [http-nio-8080-exec-6] TRACE org.hibernate.orm.jdbc.bind - binding parameter (1:UUID) <- [49e99996-3bdd-46f2-8644-ab713e1f630b]
25-11-05 10:37:44.041 [http-nio-8080-exec-6] DEBUG org.hibernate.SQL - 
    select
        c1_0.id,
        c1_0.created_at,
        c1_0.description,
        c1_0.name,
        c1_0.type,
        c1_0.updated_at 
    from
        channels c1_0 
    where
        c1_0.type=? 
        or c1_0.id in (?)
25-11-05 10:37:44.041 [http-nio-8080-exec-6] TRACE org.hibernate.orm.jdbc.bind - binding parameter (1:VARCHAR) <- [PUBLIC]
25-11-05 10:37:44.041 [http-nio-8080-exec-6] TRACE org.hibernate.orm.jdbc.bind - binding parameter (2:UUID) <- [null]
25-11-05 10:37:44.044 [http-nio-8080-exec-6] DEBUG org.hibernate.SQL - 
    select
        m1_0.created_at 
    from
        messages m1_0 
    where
        m1_0.channel_id=? 
    order by
        m1_0.created_at desc 
    fetch
        first 1 rows only
25-11-05 10:37:44.044 [http-nio-8080-exec-6] TRACE org.hibernate.orm.jdbc.bind - binding parameter (1:UUID) <- [83a5759b-95ff-499b-813b-3de24059a258]
25-11-05 10:37:44.052 [http-nio-8080-exec-2] DEBUG org.hibernate.SQL - 
    select
        rs1_0.id,
        rs1_0.channel_id,
        rs1_0.created_at,
        rs1_0.last_read_at,
        rs1_0.updated_at,
        rs1_0.user_id 
    from
        read_statuses rs1_0 
    where
        rs1_0.user_id=?
25-11-05 10:37:44.054 [http-nio-8080-exec-2] TRACE org.hibernate.orm.jdbc.bind - binding parameter (1:UUID) <- [49e99996-3bdd-46f2-8644-ab713e1f630b]
25-11-05 10:37:47.040 [http-nio-8080-exec-9] DEBUG org.hibernate.SQL - 
    select
        rs1_0.id,
        rs1_0.channel_id,
        rs1_0.created_at,
        rs1_0.last_read_at,
        rs1_0.updated_at,
        rs1_0.user_id 
    from
        read_statuses rs1_0 
    where
        rs1_0.user_id=?
25-11-05 10:37:47.040 [http-nio-8080-exec-9] TRACE org.hibernate.orm.jdbc.bind - binding parameter (1:UUID) <- [49e99996-3bdd-46f2-8644-ab713e1f630b]
25-11-05 10:37:47.042 [http-nio-8080-exec-9] DEBUG org.hibernate.SQL - 
    select
        c1_0.id,
        c1_0.created_at,
        c1_0.description,
        c1_0.name,
        c1_0.type,
        c1_0.updated_at 
    from
        channels c1_0 
    where
        c1_0.type=? 
        or c1_0.id in (?)
25-11-05 10:37:47.042 [http-nio-8080-exec-9] TRACE org.hibernate.orm.jdbc.bind - binding parameter (1:VARCHAR) <- [PUBLIC]
25-11-05 10:37:47.042 [http-nio-8080-exec-9] TRACE org.hibernate.orm.jdbc.bind - binding parameter (2:UUID) <- [null]
25-11-05 10:37:47.044 [http-nio-8080-exec-9] DEBUG org.hibernate.SQL - 
    select
        m1_0.created_at 
    from
        messages m1_0 
    where
        m1_0.channel_id=? 
    order by
        m1_0.created_at desc 
    fetch
        first 1 rows only
25-11-05 10:37:47.044 [http-nio-8080-exec-9] TRACE org.hibernate.orm.jdbc.bind - binding parameter (1:UUID) <- [83a5759b-95ff-499b-813b-3de24059a258]
25-11-05 10:37:47.053 [http-nio-8080-exec-3] DEBUG org.hibernate.SQL - 
    select
        rs1_0.id,
        rs1_0.channel_id,
        rs1_0.created_at,
        rs1_0.last_read_at,
        rs1_0.updated_at,
        rs1_0.user_id 
    from
        read_statuses rs1_0 
    where
        rs1_0.user_id=?
25-11-05 10:37:47.055 [http-nio-8080-exec-3] TRACE org.hibernate.orm.jdbc.bind - binding parameter (1:UUID) <- [49e99996-3bdd-46f2-8644-ab713e1f630b]
25-11-05 10:37:50.043 [http-nio-8080-exec-10] DEBUG org.hibernate.SQL - 
    select
        rs1_0.id,
        rs1_0.channel_id,
        rs1_0.created_at,
        rs1_0.last_read_at,
        rs1_0.updated_at,
        rs1_0.user_id 
    from
        read_statuses rs1_0 
    where
        rs1_0.user_id=?
25-11-05 10:37:50.043 [http-nio-8080-exec-10] TRACE org.hibernate.orm.jdbc.bind - binding parameter (1:UUID) <- [49e99996-3bdd-46f2-8644-ab713e1f630b]
25-11-05 10:37:50.045 [http-nio-8080-exec-10] DEBUG org.hibernate.SQL - 
    select
        c1_0.id,
        c1_0.created_at,
        c1_0.description,
        c1_0.name,
        c1_0.type,
        c1_0.updated_at 
    from
        channels c1_0 
    where
        c1_0.type=? 
        or c1_0.id in (?)
25-11-05 10:37:50.045 [http-nio-8080-exec-10] TRACE org.hibernate.orm.jdbc.bind - binding parameter (1:VARCHAR) <- [PUBLIC]
25-11-05 10:37:50.045 [http-nio-8080-exec-10] TRACE org.hibernate.orm.jdbc.bind - binding parameter (2:UUID) <- [null]
25-11-05 10:37:50.047 [http-nio-8080-exec-10] DEBUG org.hibernate.SQL - 
    select
        m1_0.created_at 
    from
        messages m1_0 
    where
        m1_0.channel_id=? 
    order by
        m1_0.created_at desc 
    fetch
        first 1 rows only
25-11-05 10:37:50.047 [http-nio-8080-exec-10] TRACE org.hibernate.orm.jdbc.bind - binding parameter (1:UUID) <- [83a5759b-95ff-499b-813b-3de24059a258]
25-11-05 10:37:50.056 [http-nio-8080-exec-8] DEBUG org.hibernate.SQL - 
    select
        rs1_0.id,
        rs1_0.channel_id,
        rs1_0.created_at,
        rs1_0.last_read_at,
        rs1_0.updated_at,
        rs1_0.user_id 
    from
        read_statuses rs1_0 
    where
        rs1_0.user_id=?
25-11-05 10:37:50.059 [http-nio-8080-exec-8] TRACE org.hibernate.orm.jdbc.bind - binding parameter (1:UUID) <- [49e99996-3bdd-46f2-8644-ab713e1f630b]
25-11-05 10:37:53.051 [http-nio-8080-exec-4] DEBUG org.hibernate.SQL - 
    select
        rs1_0.id,
        rs1_0.channel_id,
        rs1_0.created_at,
        rs1_0.last_read_at,
        rs1_0.updated_at,
        rs1_0.user_id 
    from
        read_statuses rs1_0 
    where
        rs1_0.user_id=?
25-11-05 10:37:53.051 [http-nio-8080-exec-4] TRACE org.hibernate.orm.jdbc.bind - binding parameter (1:UUID) <- [49e99996-3bdd-46f2-8644-ab713e1f630b]
25-11-05 10:37:53.054 [http-nio-8080-exec-4] DEBUG org.hibernate.SQL - 
    select
        c1_0.id,
        c1_0.created_at,
        c1_0.description,
        c1_0.name,
        c1_0.type,
        c1_0.updated_at 
    from
        channels c1_0 
    where
        c1_0.type=? 
        or c1_0.id in (?)
25-11-05 10:37:53.054 [http-nio-8080-exec-4] TRACE org.hibernate.orm.jdbc.bind - binding parameter (1:VARCHAR) <- [PUBLIC]
25-11-05 10:37:53.054 [http-nio-8080-exec-4] TRACE org.hibernate.orm.jdbc.bind - binding parameter (2:UUID) <- [null]
25-11-05 10:37:53.057 [http-nio-8080-exec-4] DEBUG org.hibernate.SQL - 
    select
        m1_0.created_at 
    from
        messages m1_0 
    where
        m1_0.channel_id=? 
    order by
        m1_0.created_at desc 
    fetch
        first 1 rows only
25-11-05 10:37:53.057 [http-nio-8080-exec-4] TRACE org.hibernate.orm.jdbc.bind - binding parameter (1:UUID) <- [83a5759b-95ff-499b-813b-3de24059a258]
25-11-05 10:37:53.067 [http-nio-8080-exec-7] DEBUG org.hibernate.SQL - 
    select
        rs1_0.id,
        rs1_0.channel_id,
        rs1_0.created_at,
        rs1_0.last_read_at,
        rs1_0.updated_at,
        rs1_0.user_id 
    from
        read_statuses rs1_0 
    where
        rs1_0.user_id=?
25-11-05 10:37:53.070 [http-nio-8080-exec-7] TRACE org.hibernate.orm.jdbc.bind - binding parameter (1:UUID) <- [49e99996-3bdd-46f2-8644-ab713e1f630b]
25-11-05 10:37:56.041 [http-nio-8080-exec-1] DEBUG org.hibernate.SQL - 
    select
        rs1_0.id,
        rs1_0.channel_id,
        rs1_0.created_at,
        rs1_0.last_read_at,
        rs1_0.updated_at,
        rs1_0.user_id 
    from
        read_statuses rs1_0 
    where
        rs1_0.user_id=?
25-11-05 10:37:56.042 [http-nio-8080-exec-1] TRACE org.hibernate.orm.jdbc.bind - binding parameter (1:UUID) <- [49e99996-3bdd-46f2-8644-ab713e1f630b]
25-11-05 10:37:56.045 [http-nio-8080-exec-1] DEBUG org.hibernate.SQL - 
    select
        c1_0.id,
        c1_0.created_at,
        c1_0.description,
        c1_0.name,
        c1_0.type,
        c1_0.updated_at 
    from
        channels c1_0 
    where
        c1_0.type=? 
        or c1_0.id in (?)
25-11-05 10:37:56.045 [http-nio-8080-exec-1] TRACE org.hibernate.orm.jdbc.bind - binding parameter (1:VARCHAR) <- [PUBLIC]
25-11-05 10:37:56.045 [http-nio-8080-exec-1] TRACE org.hibernate.orm.jdbc.bind - binding parameter (2:UUID) <- [null]
25-11-05 10:37:56.048 [http-nio-8080-exec-1] DEBUG org.hibernate.SQL - 
    select
        m1_0.created_at 
    from
        messages m1_0 
    where
        m1_0.channel_id=? 
    order by
        m1_0.created_at desc 
    fetch
        first 1 rows only
25-11-05 10:37:56.048 [http-nio-8080-exec-1] TRACE org.hibernate.orm.jdbc.bind - binding parameter (1:UUID) <- [83a5759b-95ff-499b-813b-3de24059a258]
25-11-05 10:37:56.058 [http-nio-8080-exec-5] DEBUG org.hibernate.SQL - 
    select
        rs1_0.id,
        rs1_0.channel_id,
        rs1_0.created_at,
        rs1_0.last_read_at,
        rs1_0.updated_at,
        rs1_0.user_id 
    from
        read_statuses rs1_0 
    where
        rs1_0.user_id=?
25-11-05 10:37:56.060 [http-nio-8080-exec-5] TRACE org.hibernate.orm.jdbc.bind - binding parameter (1:UUID) <- [49e99996-3bdd-46f2-8644-ab713e1f630b]
25-11-05 10:37:59.037 [http-nio-8080-exec-6] DEBUG org.hibernate.SQL - 
    select
        rs1_0.id,
        rs1_0.channel_id,
        rs1_0.created_at,
        rs1_0.last_read_at,
        rs1_0.updated_at,
        rs1_0.user_id 
    from
        read_statuses rs1_0 
    where
        rs1_0.user_id=?
25-11-05 10:37:59.038 [http-nio-8080-exec-6] TRACE org.hibernate.orm.jdbc.bind - binding parameter (1:UUID) <- [49e99996-3bdd-46f2-8644-ab713e1f630b]
25-11-05 10:37:59.040 [http-nio-8080-exec-6] DEBUG org.hibernate.SQL - 
    select
        c1_0.id,
        c1_0.created_at,
        c1_0.description,
        c1_0.name,
        c1_0.type,
        c1_0.updated_at 
    from
        channels c1_0 
    where
        c1_0.type=? 
        or c1_0.id in (?)
25-11-05 10:37:59.040 [http-nio-8080-exec-6] TRACE org.hibernate.orm.jdbc.bind - binding parameter (1:VARCHAR) <- [PUBLIC]
25-11-05 10:37:59.040 [http-nio-8080-exec-6] TRACE org.hibernate.orm.jdbc.bind - binding parameter (2:UUID) <- [null]
25-11-05 10:37:59.043 [http-nio-8080-exec-6] DEBUG org.hibernate.SQL - 
    select
        m1_0.created_at 
    from
        messages m1_0 
    where
        m1_0.channel_id=? 
    order by
        m1_0.created_at desc 
    fetch
        first 1 rows only
25-11-05 10:37:59.043 [http-nio-8080-exec-6] TRACE org.hibernate.orm.jdbc.bind - binding parameter (1:UUID) <- [83a5759b-95ff-499b-813b-3de24059a258]
25-11-05 10:37:59.056 [http-nio-8080-exec-2] DEBUG org.hibernate.SQL - 
    select
        rs1_0.id,
        rs1_0.channel_id,
        rs1_0.created_at,
        rs1_0.last_read_at,
        rs1_0.updated_at,
        rs1_0.user_id 
    from
        read_statuses rs1_0 
    where
        rs1_0.user_id=?
25-11-05 10:37:59.058 [http-nio-8080-exec-2] TRACE org.hibernate.orm.jdbc.bind - binding parameter (1:UUID) <- [49e99996-3bdd-46f2-8644-ab713e1f630b]
25-11-05 10:38:41.043 [http-nio-8080-exec-4] DEBUG org.hibernate.SQL - 
    select
        u1_0.id,
        u1_0.created_at,
        u1_0.email,
        u1_0.password,
        p1_0.id,
        p1_0.content_type,
        p1_0.created_at,
        p1_0.file_name,
        p1_0.size,
        s1_0.id,
        s1_0.created_at,
        s1_0.last_active_at,
        s1_0.updated_at,
        s1_0.user_id,
        u1_0.updated_at,
        u1_0.username 
    from
        users u1_0 
    left join
        binary_contents p1_0 
            on p1_0.id=u1_0.profile_id 
    join
        user_statuses s1_0 
            on u1_0.id=s1_0.user_id
25-11-05 10:38:41.044 [http-nio-8080-exec-10] INFO  c.s.m.d.controller.UserController - 유저 상태 업데이트 요청 수신: userId=49e99996-3bdd-46f2-8644-ab713e1f630b, newLastActiveAt=2025-11-05T01:38:41.039Z
25-11-05 10:38:41.048 [http-nio-8080-exec-8] DEBUG org.hibernate.SQL - 
    select
        rs1_0.id,
        rs1_0.channel_id,
        rs1_0.created_at,
        rs1_0.last_read_at,
        rs1_0.updated_at,
        rs1_0.user_id 
    from
        read_statuses rs1_0 
    where
        rs1_0.user_id=?
25-11-05 10:38:41.048 [http-nio-8080-exec-10] DEBUG org.hibernate.SQL - 
    select
        us1_0.id,
        us1_0.created_at,
        us1_0.last_active_at,
        us1_0.updated_at,
        us1_0.user_id 
    from
        user_statuses us1_0 
    where
        us1_0.user_id=?
25-11-05 10:38:41.048 [http-nio-8080-exec-8] TRACE org.hibernate.orm.jdbc.bind - binding parameter (1:UUID) <- [49e99996-3bdd-46f2-8644-ab713e1f630b]
25-11-05 10:38:41.048 [http-nio-8080-exec-10] TRACE org.hibernate.orm.jdbc.bind - binding parameter (1:UUID) <- [49e99996-3bdd-46f2-8644-ab713e1f630b]
25-11-05 10:38:41.050 [http-nio-8080-exec-4] INFO  c.s.m.d.s.basic.BasicUserService - 모든 유저 목록 조회 완료. 총 4명
25-11-05 10:38:41.050 [http-nio-8080-exec-4] INFO  c.s.m.d.controller.UserController - 모든 유저 목록 조회 완료. 총 4명
25-11-05 10:38:41.051 [http-nio-8080-exec-8] DEBUG org.hibernate.SQL - 
    select
        c1_0.id,
        c1_0.created_at,
        c1_0.description,
        c1_0.name,
        c1_0.type,
        c1_0.updated_at 
    from
        channels c1_0 
    where
        c1_0.type=? 
        or c1_0.id in (?)
25-11-05 10:38:41.051 [http-nio-8080-exec-8] TRACE org.hibernate.orm.jdbc.bind - binding parameter (1:VARCHAR) <- [PUBLIC]
25-11-05 10:38:41.051 [http-nio-8080-exec-8] TRACE org.hibernate.orm.jdbc.bind - binding parameter (2:UUID) <- [null]
25-11-05 10:38:41.051 [http-nio-8080-exec-10] DEBUG org.hibernate.SQL - 
    update
        user_statuses 
    set
        last_active_at=?,
        updated_at=?,
        user_id=? 
    where
        id=?
25-11-05 10:38:41.051 [http-nio-8080-exec-10] TRACE org.hibernate.orm.jdbc.bind - binding parameter (1:TIMESTAMP_UTC) <- [2025-11-05T01:38:41.039Z]
25-11-05 10:38:41.051 [http-nio-8080-exec-10] TRACE org.hibernate.orm.jdbc.bind - binding parameter (2:TIMESTAMP_UTC) <- [2025-11-05T01:38:41.050616600Z]
25-11-05 10:38:41.051 [http-nio-8080-exec-10] TRACE org.hibernate.orm.jdbc.bind - binding parameter (3:UUID) <- [49e99996-3bdd-46f2-8644-ab713e1f630b]
25-11-05 10:38:41.051 [http-nio-8080-exec-10] TRACE org.hibernate.orm.jdbc.bind - binding parameter (4:UUID) <- [3627bb27-cda3-46c3-a713-15ab6d1fb463]
25-11-05 10:38:41.054 [http-nio-8080-exec-8] DEBUG org.hibernate.SQL - 
    select
        m1_0.created_at 
    from
        messages m1_0 
    where
        m1_0.channel_id=? 
    order by
        m1_0.created_at desc 
    fetch
        first 1 rows only
25-11-05 10:38:41.054 [http-nio-8080-exec-8] TRACE org.hibernate.orm.jdbc.bind - binding parameter (1:UUID) <- [83a5759b-95ff-499b-813b-3de24059a258]
25-11-05 10:38:41.059 [http-nio-8080-exec-10] INFO  c.s.m.d.controller.UserController - 유저 상태 업데이트 성공: userId=49e99996-3bdd-46f2-8644-ab713e1f630b, newLastActiveAt=2025-11-05T01:38:41.039Z
25-11-05 10:38:41.064 [http-nio-8080-exec-7] DEBUG org.hibernate.SQL - 
    select
        rs1_0.id,
        rs1_0.channel_id,
        rs1_0.created_at,
        rs1_0.last_read_at,
        rs1_0.updated_at,
        rs1_0.user_id 
    from
        read_statuses rs1_0 
    where
        rs1_0.user_id=?
25-11-05 10:38:41.066 [http-nio-8080-exec-7] TRACE org.hibernate.orm.jdbc.bind - binding parameter (1:UUID) <- [49e99996-3bdd-46f2-8644-ab713e1f630b]
25-11-05 10:38:41.067 [http-nio-8080-exec-1] DEBUG org.hibernate.SQL - 
    select
        rs1_0.id,
        rs1_0.channel_id,
        rs1_0.created_at,
        rs1_0.last_read_at,
        rs1_0.updated_at,
        rs1_0.user_id 
    from
        read_statuses rs1_0 
    where
        rs1_0.user_id=?
25-11-05 10:38:41.068 [http-nio-8080-exec-1] TRACE org.hibernate.orm.jdbc.bind - binding parameter (1:UUID) <- [49e99996-3bdd-46f2-8644-ab713e1f630b]
25-11-05 10:38:41.073 [http-nio-8080-exec-1] DEBUG org.hibernate.SQL - 
    select
        c1_0.id,
        c1_0.created_at,
        c1_0.description,
        c1_0.name,
        c1_0.type,
        c1_0.updated_at 
    from
        channels c1_0 
    where
        c1_0.type=? 
        or c1_0.id in (?)
25-11-05 10:38:41.073 [http-nio-8080-exec-1] TRACE org.hibernate.orm.jdbc.bind - binding parameter (1:VARCHAR) <- [PUBLIC]
25-11-05 10:38:41.073 [http-nio-8080-exec-1] TRACE org.hibernate.orm.jdbc.bind - binding parameter (2:UUID) <- [null]
25-11-05 10:38:41.076 [http-nio-8080-exec-1] DEBUG org.hibernate.SQL - 
    select
        m1_0.created_at 
    from
        messages m1_0 
    where
        m1_0.channel_id=? 
    order by
        m1_0.created_at desc 
    fetch
        first 1 rows only
25-11-05 10:38:41.076 [http-nio-8080-exec-1] TRACE org.hibernate.orm.jdbc.bind - binding parameter (1:UUID) <- [83a5759b-95ff-499b-813b-3de24059a258]
25-11-05 10:38:41.077 [http-nio-8080-exec-5] DEBUG org.hibernate.SQL - 
    select
        rs1_0.id,
        rs1_0.channel_id,
        rs1_0.created_at,
        rs1_0.last_read_at,
        rs1_0.updated_at,
        rs1_0.user_id 
    from
        read_statuses rs1_0 
    where
        rs1_0.user_id=?
25-11-05 10:38:41.077 [http-nio-8080-exec-5] TRACE org.hibernate.orm.jdbc.bind - binding parameter (1:UUID) <- [49e99996-3bdd-46f2-8644-ab713e1f630b]
25-11-05 10:38:41.086 [http-nio-8080-exec-6] DEBUG org.hibernate.SQL - 
    select
        rs1_0.id,
        rs1_0.channel_id,
        rs1_0.created_at,
        rs1_0.last_read_at,
        rs1_0.updated_at,
        rs1_0.user_id 
    from
        read_statuses rs1_0 
    where
        rs1_0.user_id=?
25-11-05 10:38:41.089 [http-nio-8080-exec-6] TRACE org.hibernate.orm.jdbc.bind - binding parameter (1:UUID) <- [49e99996-3bdd-46f2-8644-ab713e1f630b]
25-11-05 10:38:45.052 [http-nio-8080-exec-2] DEBUG org.hibernate.SQL - 
    select
        rs1_0.id,
        rs1_0.channel_id,
        rs1_0.created_at,
        rs1_0.last_read_at,
        rs1_0.updated_at,
        rs1_0.user_id 
    from
        read_statuses rs1_0 
    where
        rs1_0.user_id=?
25-11-05 10:38:45.053 [http-nio-8080-exec-2] TRACE org.hibernate.orm.jdbc.bind - binding parameter (1:UUID) <- [49e99996-3bdd-46f2-8644-ab713e1f630b]
25-11-05 10:38:45.056 [http-nio-8080-exec-2] DEBUG org.hibernate.SQL - 
    select
        c1_0.id,
        c1_0.created_at,
        c1_0.description,
        c1_0.name,
        c1_0.type,
        c1_0.updated_at 
    from
        channels c1_0 
    where
        c1_0.type=? 
        or c1_0.id in (?)
25-11-05 10:38:45.056 [http-nio-8080-exec-2] TRACE org.hibernate.orm.jdbc.bind - binding parameter (1:VARCHAR) <- [PUBLIC]
25-11-05 10:38:45.056 [http-nio-8080-exec-2] TRACE org.hibernate.orm.jdbc.bind - binding parameter (2:UUID) <- [null]
25-11-05 10:38:45.065 [http-nio-8080-exec-2] DEBUG org.hibernate.SQL - 
    select
        m1_0.created_at 
    from
        messages m1_0 
    where
        m1_0.channel_id=? 
    order by
        m1_0.created_at desc 
    fetch
        first 1 rows only
25-11-05 10:38:45.065 [http-nio-8080-exec-2] TRACE org.hibernate.orm.jdbc.bind - binding parameter (1:UUID) <- [83a5759b-95ff-499b-813b-3de24059a258]
25-11-05 10:38:45.075 [http-nio-8080-exec-9] DEBUG org.hibernate.SQL - 
    select
        rs1_0.id,
        rs1_0.channel_id,
        rs1_0.created_at,
        rs1_0.last_read_at,
        rs1_0.updated_at,
        rs1_0.user_id 
    from
        read_statuses rs1_0 
    where
        rs1_0.user_id=?
25-11-05 10:38:45.077 [http-nio-8080-exec-9] TRACE org.hibernate.orm.jdbc.bind - binding parameter (1:UUID) <- [49e99996-3bdd-46f2-8644-ab713e1f630b]
25-11-05 10:38:48.049 [http-nio-8080-exec-3] DEBUG org.hibernate.SQL - 
    select
        rs1_0.id,
        rs1_0.channel_id,
        rs1_0.created_at,
        rs1_0.last_read_at,
        rs1_0.updated_at,
        rs1_0.user_id 
    from
        read_statuses rs1_0 
    where
        rs1_0.user_id=?
25-11-05 10:38:48.049 [http-nio-8080-exec-3] TRACE org.hibernate.orm.jdbc.bind - binding parameter (1:UUID) <- [49e99996-3bdd-46f2-8644-ab713e1f630b]
25-11-05 10:38:48.051 [http-nio-8080-exec-3] DEBUG org.hibernate.SQL - 
    select
        c1_0.id,
        c1_0.created_at,
        c1_0.description,
        c1_0.name,
        c1_0.type,
        c1_0.updated_at 
    from
        channels c1_0 
    where
        c1_0.type=? 
        or c1_0.id in (?)
25-11-05 10:38:48.051 [http-nio-8080-exec-3] TRACE org.hibernate.orm.jdbc.bind - binding parameter (1:VARCHAR) <- [PUBLIC]
25-11-05 10:38:48.051 [http-nio-8080-exec-3] TRACE org.hibernate.orm.jdbc.bind - binding parameter (2:UUID) <- [null]
25-11-05 10:38:48.053 [http-nio-8080-exec-3] DEBUG org.hibernate.SQL - 
    select
        m1_0.created_at 
    from
        messages m1_0 
    where
        m1_0.channel_id=? 
    order by
        m1_0.created_at desc 
    fetch
        first 1 rows only
25-11-05 10:38:48.053 [http-nio-8080-exec-3] TRACE org.hibernate.orm.jdbc.bind - binding parameter (1:UUID) <- [83a5759b-95ff-499b-813b-3de24059a258]
25-11-05 10:38:48.061 [http-nio-8080-exec-4] DEBUG org.hibernate.SQL - 
    select
        rs1_0.id,
        rs1_0.channel_id,
        rs1_0.created_at,
        rs1_0.last_read_at,
        rs1_0.updated_at,
        rs1_0.user_id 
    from
        read_statuses rs1_0 
    where
        rs1_0.user_id=?
25-11-05 10:38:48.064 [http-nio-8080-exec-4] TRACE org.hibernate.orm.jdbc.bind - binding parameter (1:UUID) <- [49e99996-3bdd-46f2-8644-ab713e1f630b]
25-11-05 10:38:51.041 [http-nio-8080-exec-8] DEBUG org.hibernate.SQL - 
    select
        rs1_0.id,
        rs1_0.channel_id,
        rs1_0.created_at,
        rs1_0.last_read_at,
        rs1_0.updated_at,
        rs1_0.user_id 
    from
        read_statuses rs1_0 
    where
        rs1_0.user_id=?
25-11-05 10:38:51.042 [http-nio-8080-exec-8] TRACE org.hibernate.orm.jdbc.bind - binding parameter (1:UUID) <- [49e99996-3bdd-46f2-8644-ab713e1f630b]
25-11-05 10:38:51.044 [http-nio-8080-exec-8] DEBUG org.hibernate.SQL - 
    select
        c1_0.id,
        c1_0.created_at,
        c1_0.description,
        c1_0.name,
        c1_0.type,
        c1_0.updated_at 
    from
        channels c1_0 
    where
        c1_0.type=? 
        or c1_0.id in (?)
25-11-05 10:38:51.045 [http-nio-8080-exec-8] TRACE org.hibernate.orm.jdbc.bind - binding parameter (1:VARCHAR) <- [PUBLIC]
25-11-05 10:38:51.045 [http-nio-8080-exec-8] TRACE org.hibernate.orm.jdbc.bind - binding parameter (2:UUID) <- [null]
25-11-05 10:38:51.047 [http-nio-8080-exec-8] DEBUG org.hibernate.SQL - 
    select
        m1_0.created_at 
    from
        messages m1_0 
    where
        m1_0.channel_id=? 
    order by
        m1_0.created_at desc 
    fetch
        first 1 rows only
25-11-05 10:38:51.048 [http-nio-8080-exec-8] TRACE org.hibernate.orm.jdbc.bind - binding parameter (1:UUID) <- [83a5759b-95ff-499b-813b-3de24059a258]
25-11-05 10:38:51.058 [http-nio-8080-exec-10] DEBUG org.hibernate.SQL - 
    select
        rs1_0.id,
        rs1_0.channel_id,
        rs1_0.created_at,
        rs1_0.last_read_at,
        rs1_0.updated_at,
        rs1_0.user_id 
    from
        read_statuses rs1_0 
    where
        rs1_0.user_id=?
25-11-05 10:38:51.060 [http-nio-8080-exec-10] TRACE org.hibernate.orm.jdbc.bind - binding parameter (1:UUID) <- [49e99996-3bdd-46f2-8644-ab713e1f630b]
25-11-05 10:38:54.036 [http-nio-8080-exec-7] DEBUG org.hibernate.SQL - 
    select
        rs1_0.id,
        rs1_0.channel_id,
        rs1_0.created_at,
        rs1_0.last_read_at,
        rs1_0.updated_at,
        rs1_0.user_id 
    from
        read_statuses rs1_0 
    where
        rs1_0.user_id=?
25-11-05 10:38:54.036 [http-nio-8080-exec-7] TRACE org.hibernate.orm.jdbc.bind - binding parameter (1:UUID) <- [49e99996-3bdd-46f2-8644-ab713e1f630b]
25-11-05 10:38:54.040 [http-nio-8080-exec-7] DEBUG org.hibernate.SQL - 
    select
        c1_0.id,
        c1_0.created_at,
        c1_0.description,
        c1_0.name,
        c1_0.type,
        c1_0.updated_at 
    from
        channels c1_0 
    where
        c1_0.type=? 
        or c1_0.id in (?)
25-11-05 10:38:54.040 [http-nio-8080-exec-7] TRACE org.hibernate.orm.jdbc.bind - binding parameter (1:VARCHAR) <- [PUBLIC]
25-11-05 10:38:54.040 [http-nio-8080-exec-7] TRACE org.hibernate.orm.jdbc.bind - binding parameter (2:UUID) <- [null]
25-11-05 10:38:54.041 [http-nio-8080-exec-7] DEBUG org.hibernate.SQL - 
    select
        m1_0.created_at 
    from
        messages m1_0 
    where
        m1_0.channel_id=? 
    order by
        m1_0.created_at desc 
    fetch
        first 1 rows only
25-11-05 10:38:54.042 [http-nio-8080-exec-7] TRACE org.hibernate.orm.jdbc.bind - binding parameter (1:UUID) <- [83a5759b-95ff-499b-813b-3de24059a258]
25-11-05 10:38:54.051 [http-nio-8080-exec-1] DEBUG org.hibernate.SQL - 
    select
        rs1_0.id,
        rs1_0.channel_id,
        rs1_0.created_at,
        rs1_0.last_read_at,
        rs1_0.updated_at,
        rs1_0.user_id 
    from
        read_statuses rs1_0 
    where
        rs1_0.user_id=?
25-11-05 10:38:54.053 [http-nio-8080-exec-1] TRACE org.hibernate.orm.jdbc.bind - binding parameter (1:UUID) <- [49e99996-3bdd-46f2-8644-ab713e1f630b]
25-11-05 10:38:57.036 [http-nio-8080-exec-5] DEBUG org.hibernate.SQL - 
    select
        rs1_0.id,
        rs1_0.channel_id,
        rs1_0.created_at,
        rs1_0.last_read_at,
        rs1_0.updated_at,
        rs1_0.user_id 
    from
        read_statuses rs1_0 
    where
        rs1_0.user_id=?
25-11-05 10:38:57.036 [http-nio-8080-exec-5] TRACE org.hibernate.orm.jdbc.bind - binding parameter (1:UUID) <- [49e99996-3bdd-46f2-8644-ab713e1f630b]
25-11-05 10:38:57.039 [http-nio-8080-exec-5] DEBUG org.hibernate.SQL - 
    select
        c1_0.id,
        c1_0.created_at,
        c1_0.description,
        c1_0.name,
        c1_0.type,
        c1_0.updated_at 
    from
        channels c1_0 
    where
        c1_0.type=? 
        or c1_0.id in (?)
25-11-05 10:38:57.039 [http-nio-8080-exec-5] TRACE org.hibernate.orm.jdbc.bind - binding parameter (1:VARCHAR) <- [PUBLIC]
25-11-05 10:38:57.039 [http-nio-8080-exec-5] TRACE org.hibernate.orm.jdbc.bind - binding parameter (2:UUID) <- [null]
25-11-05 10:38:57.041 [http-nio-8080-exec-5] DEBUG org.hibernate.SQL - 
    select
        m1_0.created_at 
    from
        messages m1_0 
    where
        m1_0.channel_id=? 
    order by
        m1_0.created_at desc 
    fetch
        first 1 rows only
25-11-05 10:38:57.041 [http-nio-8080-exec-5] TRACE org.hibernate.orm.jdbc.bind - binding parameter (1:UUID) <- [83a5759b-95ff-499b-813b-3de24059a258]
25-11-05 10:38:57.050 [http-nio-8080-exec-6] DEBUG org.hibernate.SQL - 
    select
        rs1_0.id,
        rs1_0.channel_id,
        rs1_0.created_at,
        rs1_0.last_read_at,
        rs1_0.updated_at,
        rs1_0.user_id 
    from
        read_statuses rs1_0 
    where
        rs1_0.user_id=?
25-11-05 10:38:57.052 [http-nio-8080-exec-6] TRACE org.hibernate.orm.jdbc.bind - binding parameter (1:UUID) <- [49e99996-3bdd-46f2-8644-ab713e1f630b]
25-11-05 10:39:00.037 [http-nio-8080-exec-2] DEBUG org.hibernate.SQL - 
    select
        rs1_0.id,
        rs1_0.channel_id,
        rs1_0.created_at,
        rs1_0.last_read_at,
        rs1_0.updated_at,
        rs1_0.user_id 
    from
        read_statuses rs1_0 
    where
        rs1_0.user_id=?
25-11-05 10:39:00.038 [http-nio-8080-exec-2] TRACE org.hibernate.orm.jdbc.bind - binding parameter (1:UUID) <- [49e99996-3bdd-46f2-8644-ab713e1f630b]
25-11-05 10:39:00.041 [http-nio-8080-exec-2] DEBUG org.hibernate.SQL - 
    select
        c1_0.id,
        c1_0.created_at,
        c1_0.description,
        c1_0.name,
        c1_0.type,
        c1_0.updated_at 
    from
        channels c1_0 
    where
        c1_0.type=? 
        or c1_0.id in (?)
25-11-05 10:39:00.041 [http-nio-8080-exec-2] TRACE org.hibernate.orm.jdbc.bind - binding parameter (1:VARCHAR) <- [PUBLIC]
25-11-05 10:39:00.041 [http-nio-8080-exec-2] TRACE org.hibernate.orm.jdbc.bind - binding parameter (2:UUID) <- [null]
25-11-05 10:39:00.043 [http-nio-8080-exec-2] DEBUG org.hibernate.SQL - 
    select
        m1_0.created_at 
    from
        messages m1_0 
    where
        m1_0.channel_id=? 
    order by
        m1_0.created_at desc 
    fetch
        first 1 rows only
25-11-05 10:39:00.044 [http-nio-8080-exec-2] TRACE org.hibernate.orm.jdbc.bind - binding parameter (1:UUID) <- [83a5759b-95ff-499b-813b-3de24059a258]
25-11-05 10:39:00.054 [http-nio-8080-exec-9] DEBUG org.hibernate.SQL - 
    select
        rs1_0.id,
        rs1_0.channel_id,
        rs1_0.created_at,
        rs1_0.last_read_at,
        rs1_0.updated_at,
        rs1_0.user_id 
    from
        read_statuses rs1_0 
    where
        rs1_0.user_id=?
25-11-05 10:39:00.057 [http-nio-8080-exec-9] TRACE org.hibernate.orm.jdbc.bind - binding parameter (1:UUID) <- [49e99996-3bdd-46f2-8644-ab713e1f630b]
25-11-05 10:39:16.567 [SpringApplicationShutdownHook] INFO  o.s.b.w.e.tomcat.GracefulShutdown - Commencing graceful shutdown. Waiting for active requests to complete
25-11-05 10:39:17.680 [tomcat-shutdown] INFO  o.s.b.w.e.tomcat.GracefulShutdown - Graceful shutdown complete
25-11-05 10:39:17.694 [SpringApplicationShutdownHook] INFO  o.s.o.j.LocalContainerEntityManagerFactoryBean - Closing JPA EntityManagerFactory for persistence unit 'default'
25-11-05 10:39:17.700 [SpringApplicationShutdownHook] INFO  com.zaxxer.hikari.HikariDataSource - HikariPool-1 - Shutdown initiated...
25-11-05 10:39:17.707 [SpringApplicationShutdownHook] INFO  com.zaxxer.hikari.HikariDataSource - HikariPool-1 - Shutdown completed.
